public_product_id,marketplace,brand_group,category_group,product_group,listing_price_band,inventory_band,sales_index,units_index,fee_pct_of_gross,refund_pct_of_gross,promotion_pct_of_gross,net_to_gross_pct,margin_risk_score,margin_risk_band,revenue_quality_score,recommended_action,action_priority,action_reason
P0927,Amazon,SHIVAMAX,Home & Kitchen,Adhesive Hooks,<500,Medium / 6-15,22.0,83.1,50.0,3.6,4.2,63.5,18.9,Low Risk,49.1,Fee Review,High,High sales-index product with elevated fee percentage.
P0917,Amazon,SHIVAMAX,Home & Kitchen,Adhesive Hooks,<500,Low / 3-5,28.2,88.8,44.8,5.5,4.0,67.1,16.6,Low Risk,54.4,Fee Review,High,High sales-index product with elevated fee percentage.
P0932,Amazon,SHIVAMAX,Electronics & Travel Accessories,Travel Adapter,<500,Very High / 51+,28.2,88.8,43.5,2.8,4.0,69.5,16.3,Low Risk,56.4,Fee Review,High,High sales-index product with elevated fee percentage.
P0889,Amazon,SHIVAMAX,Health & Wellness,Herbal Inhaler,<500,Very High / 51+,29.4,92.4,44.1,5.6,4.1,67.1,16.2,Low Risk,55.2,Fee Review,High,High sales-index product with elevated fee percentage.
P0915,Amazon,SHIVAMAX,Health & Wellness,Herbal Inhaler,<500,Medium / 6-15,27.9,88.2,43.9,5.5,3.6,68.2,16.1,Low Risk,55.1,Fee Review,High,High sales-index product with elevated fee percentage.
P0536,Amazon,NOVOLIFE,Health & Wellness,Herbal Inhaler,<500,Very Low / 1-2,26.0,81.8,43.0,4.3,4.0,69.5,16.0,Low Risk,57.1,Fee Review,High,High sales-index product with elevated fee percentage.
P1200,Amazon,Watsons,Oral Care,Dental Floss,<500,Low / 3-5,34.9,94.1,40.4,5.9,4.2,68.9,14.9,Low Risk,58.0,Fee Review,High,High sales-index product with elevated fee percentage.
P1070,Amazon,Tiger Balm,Health & Wellness,Herbal Inhaler,<500,Medium / 6-15,33.0,89.0,39.9,6.2,4.2,69.4,14.7,Low Risk,58.4,Fee Review,High,High sales-index product with elevated fee percentage.
P1071,Amazon,Tiger Balm,Health & Wellness,Herbal Inhaler,<500,High / 16-50,32.4,88.0,40.4,6.2,3.8,69.8,14.7,Low Risk,58.4,Fee Review,High,High sales-index product with elevated fee percentage.
P1072,Amazon,Tiger Balm,Health & Wellness,Herbal Inhaler,<500,High / 16-50,34.2,92.4,39.7,5.0,4.3,70.6,14.6,Low Risk,59.3,Fee Review,High,High sales-index product with elevated fee percentage.
P1251,Amazon,Watsons,Oral Care,Floss Picks,<500,Out of Stock / 0,32.4,87.3,39.2,3.8,4.1,70.6,14.6,Low Risk,58.9,Fee Review,High,High sales-index product with elevated fee percentage.
P1214,Amazon,Watsons,Oral Care,Floss Picks,<500,Very Low / 1-2,31.9,85.9,39.4,3.3,4.3,72.5,14.6,Low Risk,60.9,Fee Review,High,High sales-index product with elevated fee percentage.
P1218,Amazon,Watsons,Oral Care,Floss Picks,<500,Low / 3-5,33.0,89.0,39.2,4.9,3.7,71.4,14.5,Low Risk,60.1,Fee Review,High,High sales-index product with elevated fee percentage.
P1249,Amazon,Watsons,Oral Care,Floss Picks,<500,Out of Stock / 0,35.4,95.3,39.1,4.3,3.6,72.1,14.4,Low Risk,60.6,Fee Review,High,High sales-index product with elevated fee percentage.
P0427,Amazon,Kaowmanee,Skin Care,General Product,<500,Out of Stock / 0,34.5,90.4,38.8,6.3,4.1,70.8,14.3,Low Risk,60.0,Fee Review,High,High sales-index product with elevated fee percentage.
P1032,Amazon,Sunsilk,Hair Care,Shampoo,<500,High / 16-50,39.3,92.9,37.2,4.2,3.9,73.6,13.7,Low Risk,61.7,Fee Review,High,High sales-index product with elevated fee percentage.
P1026,Amazon,Sunsilk,Hair Care,Hair Conditioner & Treatment,<500,Low / 3-5,32.9,79.6,37.0,3.7,3.9,73.6,13.7,Low Risk,61.8,Fee Review,High,High sales-index product with elevated fee percentage.
P1035,Amazon,Sunsilk,Hair Care,Shampoo,<500,High / 16-50,39.3,93.3,36.7,3.6,4.0,74.5,13.6,Low Risk,63.4,Fee Review,High,High sales-index product with elevated fee percentage.
P1052,Amazon,Sunsilk,Hair Care,Shampoo,<500,Out of Stock / 0,35.2,83.3,37.0,4.4,3.9,72.6,13.6,Low Risk,61.4,Fee Review,High,High sales-index product with elevated fee percentage.
P1038,Amazon,Sunsilk,Hair Care,Hair Conditioner & Treatment,<500,Out of Stock / 0,34.2,80.2,36.7,4.7,4.4,72.0,13.6,Low Risk,60.9,Fee Review,High,High sales-index product with elevated fee percentage.
P0690,Amazon,Protex,Body Care,General Product,<500,Very Low / 1-2,40.0,94.7,36.4,5.6,4.2,72.6,13.5,Low Risk,61.5,Fee Review,High,High sales-index product with elevated fee percentage.
P1164,Amazon,Wangprom,Health & Wellness,Herbal Inhaler,<500,Out of Stock / 0,38.0,89.8,36.4,4.0,4.0,74.0,13.5,Low Risk,63.7,Fee Review,High,High sales-index product with elevated fee percentage.
P0720,Amazon,Protex,Body Care,General Product,<500,Very Low / 1-2,37.9,89.4,36.5,3.9,4.0,74.6,13.5,Low Risk,63.2,Fee Review,High,High sales-index product with elevated fee percentage.
P1041,Amazon,Sunsilk,Hair Care,Shampoo,<500,Out of Stock / 0,37.7,88.8,36.3,5.1,4.3,73.0,13.5,Low Risk,62.2,Fee Review,High,High sales-index product with elevated fee percentage.
P0475,Amazon,Listerine,Oral Care,Mouthwash,<500,Low / 3-5,37.6,88.6,36.3,3.1,3.7,74.7,13.5,Low Risk,63.4,Fee Review,High,High sales-index product with elevated fee percentage.
P0679,Amazon,Poy Sian,Health & Wellness,Herbal Inhaler,<500,Medium / 6-15,34.4,81.0,36.2,2.6,3.6,75.7,13.5,Low Risk,64.5,Fee Review,High,High sales-index product with elevated fee percentage.
P1029,Amazon,Sunsilk,Hair Care,Shampoo,<500,High / 16-50,35.8,84.3,36.5,5.2,3.7,72.5,13.4,Low Risk,62.5,Fee Review,High,High sales-index product with elevated fee percentage.
P0868,Amazon,SHIVAMAX,Home & Kitchen,General Product,<500,Medium / 6-15,39.7,88.4,35.7,6.1,4.2,72.7,13.2,Low Risk,61.6,Fee Review,High,High sales-index product with elevated fee percentage.
P1003,Amazon,Snake Brand,Body Care,General Product,<500,Out of Stock / 0,40.7,85.3,34.5,3.7,4.1,75.3,12.9,Low Risk,64.9,Fee Review,High,High sales-index product with elevated fee percentage.
P0770,Amazon,Sasi,Skin Care,General Product,<500,Medium / 6-15,40.2,84.5,34.2,3.3,3.9,75.9,12.7,Low Risk,64.8,Fee Review,High,High sales-index product with elevated fee percentage.
P0705,Amazon,Protex,Body Care,General Product,<500,Very Low / 1-2,43.5,91.4,34.3,4.9,3.4,75.1,12.6,Low Risk,64.9,Fee Review,High,High sales-index product with elevated fee percentage.
P0225,Amazon,Colgate,Oral Care,Toothpaste,<500,Out of Stock / 0,43.0,85.7,33.8,4.7,4.0,75.2,12.5,Low Risk,65.1,Fee Review,High,High sales-index product with elevated fee percentage.
P0706,Amazon,Protex,Body Care,General Product,<500,Out of Stock / 0,37.9,79.8,34.0,3.4,3.9,76.4,12.5,Low Risk,66.4,Fee Review,High,High sales-index product with elevated fee percentage.
P0024,Amazon,AR,Skin Care,General Product,<500,Out of Stock / 0,44.9,84.5,33.6,6.5,4.2,73.1,12.4,Low Risk,63.4,Fee Review,High,High sales-index product with elevated fee percentage.
P1039,Amazon,Sunsilk,Hair Care,Hair Conditioner & Treatment,<500,Out of Stock / 0,44.3,88.4,33.5,4.4,4.1,75.7,12.4,Low Risk,65.4,Fee Review,High,High sales-index product with elevated fee percentage.
P0257,Amazon,Dove,Hair Care,General Product,<500,Low / 3-5,41.7,87.3,33.5,3.4,3.8,76.9,12.4,Low Risk,66.1,Fee Review,High,High sales-index product with elevated fee percentage.
P0259,Amazon,Dove,Hair Care,General Product,<500,Very High / 51+,41.5,83.1,33.6,4.5,4.0,75.9,12.4,Low Risk,65.4,Fee Review,High,High sales-index product with elevated fee percentage.
P0233,Amazon,Counterpain,Health & Wellness,Pain Relief,<500,Out of Stock / 0,38.5,81.2,33.6,4.3,3.7,75.8,12.4,Low Risk,66.1,Fee Review,High,High sales-index product with elevated fee percentage.
P1099,Amazon,Tros,Body Care,Deodorant & Body Spray,<500,Out of Stock / 0,46.7,88.0,33.3,4.0,4.0,75.4,12.3,Low Risk,65.6,Fee Review,High,High sales-index product with elevated fee percentage.
P0278,Amazon,Dove,Hair Care,Shampoo,<500,Out of Stock / 0,43.8,83.1,33.3,8.1,4.5,72.1,12.3,Low Risk,63.5,Fee Review,High,High sales-index product with elevated fee percentage.
P0557,Amazon,Oral-B,Oral Care,Dental Floss,<500,High / 16-50,42.4,84.1,32.8,3.8,4.3,77.1,12.2,Low Risk,67.7,Fee Review,High,High sales-index product with elevated fee percentage.
P0890,Amazon,SHIVAMAX,Health & Wellness,Herbal Inhaler,<500,Medium / 6-15,47.1,89.2,32.5,5.7,3.6,74.5,12.1,Low Risk,65.2,Fee Review,High,High sales-index product with elevated fee percentage.
P0261,Amazon,Dove,Hair Care,General Product,<500,Very High / 51+,46.2,87.6,33.0,5.9,3.9,74.8,12.1,Low Risk,66.0,Fee Review,High,High sales-index product with elevated fee percentage.
P1033,Amazon,Sunsilk,Hair Care,Hair Conditioner & Treatment,<500,Out of Stock / 0,44.4,84.1,32.3,4.7,4.1,75.7,12.1,Low Risk,65.7,Fee Review,High,High sales-index product with elevated fee percentage.
P0944,Amazon,SHIVAMAX,Health & Wellness,Herbal Inhaler,<500,Out of Stock / 0,44.3,83.7,32.7,5.2,3.8,75.8,12.1,Low Risk,65.2,Fee Review,High,High sales-index product with elevated fee percentage.
P1100,Amazon,Tros,Body Care,Deodorant & Body Spray,<500,Very Low / 1-2,43.2,81.4,32.7,4.9,4.1,76.1,12.1,Low Risk,65.5,Fee Review,High,High sales-index product with elevated fee percentage.
P0555,Amazon,Oral-B,Oral Care,Dental Floss,<500,Medium / 6-15,42.9,81.4,32.6,4.4,3.9,76.2,12.1,Low Risk,66.4,Fee Review,High,High sales-index product with elevated fee percentage.
P0253,Amazon,Dove,Hair Care,General Product,<500,Out of Stock / 0,42.7,80.6,32.7,6.2,3.9,74.6,12.1,Low Risk,65.0,Fee Review,High,High sales-index product with elevated fee percentage.
P0270,Amazon,Dove,Hair Care,Hair Oil & Serum,<500,Very High / 51+,48.1,90.6,32.0,2.6,4.1,77.9,12.0,Low Risk,67.9,Fee Review,High,High sales-index product with elevated fee percentage.
P0840,Amazon,SHIVAMAX,Home & Kitchen,Adhesive Hooks,<500,Out of Stock / 0,46.1,87.1,32.4,3.9,4.3,76.7,12.0,Low Risk,66.7,Fee Review,High,High sales-index product with elevated fee percentage.
P0758,Amazon,Sasi,Lip,Sunscreen,<500,Very Low / 1-2,46.0,86.9,32.0,3.2,4.3,76.9,12.0,Low Risk,66.5,Fee Review,High,High sales-index product with elevated fee percentage.
P0598,Amazon,Pantene,Hair Care,General Product,<500,Out of Stock / 0,45.6,86.7,32.6,4.2,3.8,76.5,12.0,Low Risk,66.5,Fee Review,High,High sales-index product with elevated fee percentage.
P0531,Amazon,NEXCARE,Skin Care,General Product,<500,Medium / 6-15,44.8,84.9,32.4,2.9,3.9,77.9,12.0,Low Risk,67.8,Fee Review,High,High sales-index product with elevated fee percentage.
P0595,Amazon,Pantene,Hair Care,Hair Conditioner & Treatment,<500,Out of Stock / 0,44.0,82.7,32.2,4.6,4.2,76.2,12.0,Low Risk,67.1,Fee Review,High,High sales-index product with elevated fee percentage.
P0262,Amazon,Dove,Hair Care,Hair Oil & Serum,<500,Out of Stock / 0,43.4,81.8,32.3,4.9,4.2,76.5,12.0,Low Risk,66.8,Fee Review,High,High sales-index product with elevated fee percentage.
P0308,Amazon,Dove,Hair Care,General Product,<500,Out of Stock / 0,41.9,78.8,32.3,4.7,3.9,76.3,12.0,Low Risk,66.9,Fee Review,High,High sales-index product with elevated fee percentage.
P1248,Amazon,Watsons,Skin Care,Lip Care,<500,Out of Stock / 0,39.8,75.3,32.5,4.4,3.8,76.5,12.0,Low Risk,67.1,Fee Review,High,High sales-index product with elevated fee percentage.
P1190,Amazon,Watsons,Oral Care,Dental Floss,<500,Low / 3-5,49.5,89.4,32.2,3.6,4.2,76.4,11.9,Low Risk,67.1,Fee Review,High,High sales-index product with elevated fee percentage.
P0170,Amazon,Colgate,Oral Care,Toothpaste,<500,Low / 3-5,47.6,90.0,32.3,4.8,4.0,76.4,11.9,Low Risk,67.3,Fee Review,High,High sales-index product with elevated fee percentage.
P0763,Amazon,Sasi,Lip,Lip Care,<500,Medium / 6-15,47.1,89.0,32.3,3.6,4.1,77.5,11.9,Low Risk,67.7,Fee Review,High,High sales-index product with elevated fee percentage.
P1185,Amazon,Watsons,Oral Care,Floss Picks,<500,Low / 3-5,45.8,82.4,32.0,6.7,4.0,74.0,11.9,Low Risk,64.6,Fee Review,High,High sales-index product with elevated fee percentage.
P1254,Amazon,Watsons,Oral Care,Dental Floss,<500,Out of Stock / 0,45.4,85.7,32.4,3.2,4.0,76.7,11.9,Low Risk,66.6,Fee Review,High,High sales-index product with elevated fee percentage.
P0271,Amazon,Dove,Hair Care,General Product,<500,Out of Stock / 0,41.6,79.0,32.2,5.1,3.9,76.5,11.9,Low Risk,66.6,Fee Review,High,High sales-index product with elevated fee percentage.
P1112,Amazon,Vaseline,Body Care,Deodorant & Body Spray,<500,Very Low / 1-2,45.1,85.1,31.9,3.0,3.9,78.1,11.8,Low Risk,68.3,Fee Review,High,High sales-index product with elevated fee percentage.
P1196,Amazon,Watsons,Oral Care,Floss Picks,<500,Very Low / 1-2,53.8,97.1,31.5,4.5,3.9,76.5,11.6,Low Risk,67.0,Fee Review,High,High sales-index product with elevated fee percentage.
P0212,Amazon,Colgate,Oral Care,Toothpaste,500-999,Out of Stock / 0,49.1,85.7,31.5,5.0,3.7,76.9,11.6,Low Risk,67.6,Fee Review,High,High sales-index product with elevated fee percentage.
P0476,Amazon,Listerine,Oral Care,Mouthwash,500-999,Out of Stock / 0,44.2,76.9,30.8,4.2,3.8,78.6,11.4,Low Risk,68.9,Fee Review,High,High sales-index product with elevated fee percentage.
P0931,Amazon,SHIVAMAX,Electronics & Travel Accessories,General Product,<500,Out of Stock / 0,54.9,86.5,30.0,4.9,4.0,77.4,11.1,Low Risk,68.7,Fee Review,High,High sales-index product with elevated fee percentage.
P1176,Amazon,Wangprom,Health & Wellness,General Product,500-999,Out of Stock / 0,62.7,90.8,28.4,4.6,4.3,79.0,10.6,Low Risk,70.3,Fee Review,High,High sales-index product with elevated fee percentage.
P0039,Amazon,Axe,Body Care,Deodorant & Body Spray,500-999,Out of Stock / 0,60.1,85.1,28.4,6.9,4.2,77.2,10.6,Low Risk,68.7,Fee Review,High,High sales-index product with elevated fee percentage.
P0034,Amazon,Axe,Body Care,Deodorant & Body Spray,500-999,Very Low / 1-2,68.0,91.8,27.6,5.3,4.2,77.6,10.4,Low Risk,69.7,Fee Review,High,High sales-index product with elevated fee percentage.
P0178,Amazon,Colgate,Oral Care,Toothpaste,500-999,Low / 3-5,59.5,84.3,27.9,4.0,3.9,79.7,10.4,Low Risk,70.6,Fee Review,High,High sales-index product with elevated fee percentage.
P1107,Amazon,Vaseline,Body Care,General Product,500-999,Very Low / 1-2,62.5,84.1,27.5,6.3,4.0,78.6,10.3,Low Risk,70.4,Fee Review,High,High sales-index product with elevated fee percentage.
P1114,Amazon,Vaseline,Body Care,Deodorant & Body Spray,500-999,Low / 3-5,59.2,80.2,27.6,4.5,4.1,79.7,10.3,Low Risk,71.4,Fee Review,High,High sales-index product with elevated fee percentage.
P1150,Amazon,Vaseline,Body Care,Deodorant & Body Spray,500-999,Out of Stock / 0,68.3,92.2,27.3,2.6,3.8,81.4,10.2,Low Risk,72.6,Fee Review,High,High sales-index product with elevated fee percentage.
P0246,Amazon,Dove,Body Care,Deodorant & Body Spray,500-999,Medium / 6-15,71.6,88.8,26.7,5.6,4.4,79.0,10.1,Low Risk,70.8,Fee Review,High,High sales-index product with elevated fee percentage.
P0082,Amazon,Biore,Skin Care,Sunscreen,500-999,Very High / 51+,74.5,93.9,26.6,5.7,4.2,78.9,10.0,Low Risk,70.9,Fee Review,High,High sales-index product with elevated fee percentage.
P0264,Amazon,Dove,Body Care,Deodorant & Body Spray,500-999,High / 16-50,70.5,85.5,26.3,5.0,4.3,79.5,10.0,Low Risk,70.9,Fee Review,High,High sales-index product with elevated fee percentage.
P0528,Amazon,NEXCARE,Skin Care,General Product,500-999,Out of Stock / 0,63.2,79.6,26.8,4.3,3.9,81.1,10.0,Low Risk,72.4,Fee Review,High,High sales-index product with elevated fee percentage.
P1120,Amazon,Vaseline,Skin Care,Body Scrub,500-999,Very Low / 1-2,74.9,88.4,26.0,2.8,4.0,82.3,9.8,Low Risk,74.0,Fee Review,High,High sales-index product with elevated fee percentage.
P0437,Amazon,L'Oreal Paris,Skin Care,Face Cleanser,500-999,Very High / 51+,72.9,85.9,26.0,4.5,4.1,80.5,9.8,Low Risk,71.9,Fee Review,High,High sales-index product with elevated fee percentage.
P0563,Amazon,Oral-B,Oral Care,Toothpaste,500-999,Out of Stock / 0,68.6,80.6,25.8,5.0,4.4,79.5,9.8,Low Risk,71.8,Fee Review,High,High sales-index product with elevated fee percentage.
P0744,Amazon,Rexona,Body Care,Deodorant & Body Spray,500-999,Out of Stock / 0,67.4,79.4,26.0,5.3,4.1,79.8,9.8,Low Risk,72.0,Fee Review,High,High sales-index product with elevated fee percentage.
P0753,Amazon,Rexona,Body Care,Deodorant & Body Spray,500-999,Out of Stock / 0,84.9,100.0,25.7,4.7,3.8,81.1,9.7,Low Risk,72.8,Fee Review,High,High sales-index product with elevated fee percentage.
P0534,Amazon,Nexcare,Skin Care,General Product,500-999,Low / 3-5,81.2,95.5,25.7,4.5,4.1,81.1,9.7,Low Risk,73.1,Fee Review,High,High sales-index product with elevated fee percentage.
P0175,Amazon,Colgate,Oral Care,Toothpaste,500-999,Medium / 6-15,75.4,88.6,25.7,3.7,3.9,81.7,9.7,Low Risk,72.7,Fee Review,High,High sales-index product with elevated fee percentage.
P0747,Amazon,Rexona,Body Care,Deodorant & Body Spray,500-999,Out of Stock / 0,71.5,84.3,25.8,3.5,4.0,81.7,9.7,Low Risk,74.0,Fee Review,High,High sales-index product with elevated fee percentage.
P0218,Amazon,Colgate,Oral Care,Toothpaste,500-999,Out of Stock / 0,70.0,77.6,25.5,5.3,4.3,80.4,9.7,Low Risk,72.2,Fee Review,High,High sales-index product with elevated fee percentage.
P0156,Amazon,Colgate,Oral Care,Toothpaste,500-999,Very High / 51+,74.9,78.8,25.0,5.0,4.3,80.4,9.5,Low Risk,72.6,Fee Review,High,High sales-index product with elevated fee percentage.
P0565,Amazon,Pair,Skin Care,General Product,500-999,Out of Stock / 0,93.3,92.4,24.6,5.5,4.1,81.1,9.4,Low Risk,72.6,Restock Review,High,High indexed unit movement with low inventory or restock priority.
P1069,Amazon,Tiger Balm,Health & Wellness,Pain Relief,500-999,Medium / 6-15,91.4,95.7,24.8,4.7,3.9,81.6,9.4,Low Risk,73.4,Monitor,Low,No action threshold triggered; continue monitoring.
P1237,Amazon,Watsons,Oral Care,Interdental Brush,500-999,Out of Stock / 0,80.1,84.1,25.0,5.5,3.7,81.3,9.4,Low Risk,73.6,Fee Review,High,High sales-index product with elevated fee percentage.
P0566,Amazon,Pantene,Hair Care,Shampoo,500-999,Very Low / 1-2,98.9,98.0,24.7,5.3,4.1,80.6,9.3,Low Risk,73.4,Restock Review,High,High indexed unit movement with low inventory or restock priority.
P1067,Amazon,Tiger Balm,Health & Wellness,Pain Relief,500-999,Medium / 6-15,89.5,93.9,24.8,2.5,4.1,82.3,9.3,Low Risk,74.5,Monitor,Low,No action threshold triggered; continue monitoring.
P0604,Amazon,Pantene,Hair Care,Hair Conditioner & Treatment,500-999,Out of Stock / 0,89.2,88.6,24.6,4.1,4.0,82.1,9.3,Low Risk,74.4,Restock Review,High,High indexed unit movement with low inventory or restock priority.
P0235,Amazon,Counterpain,Health & Wellness,Pain Relief,500-999,Low / 3-5,81.7,85.7,24.7,3.1,3.8,82.7,9.3,Low Risk,75.1,Restock Review,High,High indexed unit movement with low inventory or restock priority.
P0488,Amazon,Listerine,Oral Care,Mouthwash,500-999,Out of Stock / 0,97.7,92.2,24.1,5.6,3.8,81.0,9.2,Low Risk,73.1,Restock Review,High,High indexed unit movement with low inventory or restock priority.
P0781,Amazon,Senka,Skin Care,Face Cleanser,500-999,Out of Stock / 0,97.2,91.6,24.1,3.8,4.1,82.6,9.2,Low Risk,74.7,Restock Review,High,High indexed unit movement with low inventory or restock priority.
P0797,Amazon,Sensodyne,Oral Care,Toothpaste,500-999,Low / 3-5,94.0,89.0,24.1,5.3,4.3,81.1,9.2,Low Risk,73.7,Restock Review,High,High indexed unit movement with low inventory or restock priority.
P1162,Amazon,Vita Keratin,Hair Care,General Product,500-999,Out of Stock / 0,92.6,92.0,24.3,4.5,3.8,82.2,9.2,Low Risk,74.0,Restock Review,High,High indexed unit movement with low inventory or restock priority.
P1042,Amazon,Sunsilk,Hair Care,Hair Conditioner & Treatment,500-999,Out of Stock / 0,91.3,86.3,24.2,5.8,4.2,80.1,9.2,Low Risk,72.7,Restock Review,High,High indexed unit movement with low inventory or restock priority.
P0172,Amazon,Colgate,Oral Care,Toothpaste,500-999,Very Low / 1-2,89.4,84.5,24.2,6.3,4.4,79.8,9.2,Low Risk,72.4,Restock Review,High,High indexed unit movement with low inventory or restock priority.
P0263,Amazon,Dove,Hair Care,Hair Conditioner & Treatment,500-999,Medium / 6-15,89.0,84.1,24.2,5.7,4.0,80.7,9.2,Low Risk,73.4,Monitor,Low,No action threshold triggered; continue monitoring.
P0922,Amazon,SHIVAMAX,Hair Care,Hair Conditioner & Treatment,500-999,Out of Stock / 0,87.9,85.1,24.3,5.6,3.8,80.9,9.2,Low Risk,73.1,Restock Review,High,High indexed unit movement with low inventory or restock priority.
P1043,Amazon,Sunsilk,Hair Care,Hair Conditioner & Treatment,500-999,Out of Stock / 0,84.3,83.7,24.5,5.8,3.6,80.9,9.2,Low Risk,73.3,Restock Review,High,High indexed unit movement with low inventory or restock priority.
P1157,Amazon,Vaseline,Skin Care,Face Cleanser,500-999,Out of Stock / 0,83.2,82.7,24.3,3.9,3.9,81.8,9.2,Low Risk,73.8,Restock Review,High,High indexed unit movement with low inventory or restock priority.
P0343,Amazon,Fino,Hair Care,Hair Oil & Serum,1000-1499,Out of Stock / 0,77.7,78.0,24.2,4.8,4.1,82.1,9.2,Low Risk,74.6,Restock Review,High,High indexed unit movement with low inventory or restock priority.
P0573,Amazon,Pantene,Hair Care,Shampoo,500-999,Very Low / 1-2,100.0,94.3,24.0,4.7,3.9,81.7,9.1,Low Risk,73.8,Restock Review,High,High indexed unit movement with low inventory or restock priority.
P0230,Amazon,Counterpain,Health & Wellness,Pain Relief,500-999,Out of Stock / 0,98.3,92.7,24.1,5.4,4.0,80.7,9.1,Low Risk,73.8,Restock Review,High,High indexed unit movement with low inventory or restock priority.
P0547,Amazon,Oral-B,Oral Care,Dental Floss,500-999,Low / 3-5,97.8,92.7,24.1,5.0,3.9,82.0,9.1,Low Risk,74.6,Restock Review,High,High indexed unit movement with low inventory or restock priority.
P0906,Amazon,SHIVAMAX,Hair Care,Hair Conditioner & Treatment,500-999,Out of Stock / 0,97.6,92.2,24.0,4.3,3.9,81.8,9.1,Low Risk,74.0,Restock Review,High,High indexed unit movement with low inventory or restock priority.
P0602,Amazon,Pantene,Hair Care,Hair Conditioner & Treatment,500-999,Out of Stock / 0,97.4,91.2,23.7,5.9,3.8,81.5,9.1,Low Risk,73.9,Restock Review,High,High indexed unit movement with low inventory or restock priority.
P0610,Amazon,Pantene,Hair Care,Hair Oil & Serum,500-999,Out of Stock / 0,96.9,91.6,24.0,5.2,3.8,81.8,9.1,Low Risk,73.6,Restock Review,High,High indexed unit movement with low inventory or restock priority.
P0795,Amazon,Senka,Skin Care,Face Cleanser,500-999,Out of Stock / 0,95.4,90.0,23.7,3.9,4.3,82.8,9.1,Low Risk,74.9,Restock Review,High,High indexed unit movement with low inventory or restock priority.
P0617,Amazon,Pantene,Hair Care,Hair Conditioner & Treatment,500-999,Out of Stock / 0,91.4,85.7,23.9,6.4,4.0,80.9,9.1,Low Risk,73.4,Restock Review,High,High indexed unit movement with low inventory or restock priority.
P1121,Amazon,Vaseline,Body Care,Body Wash,500-999,Very Low / 1-2,89.9,84.7,23.8,4.8,4.0,81.2,9.1,Low Risk,73.9,Restock Review,High,High indexed unit movement with low inventory or restock priority.
P1048,Amazon,Sunsilk,Hair Care,Hair Conditioner & Treatment,500-999,Out of Stock / 0,89.1,84.3,23.7,3.6,4.0,82.7,9.1,Low Risk,74.8,Restock Review,High,High indexed unit movement with low inventory or restock priority.
P1156,Amazon,Vaseline,Body Care,Body Lotion,500-999,Out of Stock / 0,88.9,84.1,24.0,4.6,3.6,82.5,9.1,Low Risk,74.6,Restock Review,High,High indexed unit movement with low inventory or restock priority.
P0553,Amazon,Oral-B,Oral Care,Toothpaste,500-999,Medium / 6-15,88.7,83.7,24.0,3.2,3.9,83.6,9.1,Low Risk,75.6,Monitor,Low,No action threshold triggered; continue monitoring.
P0252,Amazon,Dove,Hair Care,Hair Conditioner & Treatment,500-999,Low / 3-5,88.7,83.5,23.8,5.6,4.2,81.1,9.1,Low Risk,73.2,Restock Review,High,High indexed unit movement with low inventory or restock priority.
P1075,Amazon,Tresemme,Hair Care,Shampoo,500-999,Very Low / 1-2,88.7,83.5,23.8,5.1,4.2,81.2,9.1,Low Risk,73.6,Restock Review,High,High indexed unit movement with low inventory or restock priority.
P0279,Amazon,Dove,Body Care,General Product,500-999,Out of Stock / 0,87.2,82.4,23.9,4.1,4.1,82.2,9.1,Low Risk,74.2,Restock Review,High,High indexed unit movement with low inventory or restock priority.
P1105,Amazon,Vaseline,Body Care,Body Wash,500-999,Low / 3-5,87.0,82.0,23.8,5.0,4.4,81.6,9.1,Low Risk,74.2,Restock Review,High,High indexed unit movement with low inventory or restock priority.
P0041,Amazon,Axe,Body Care,Deodorant & Body Spray,500-999,Out of Stock / 0,86.7,81.6,24.1,4.0,4.2,82.0,9.1,Low Risk,74.5,Restock Review,High,High indexed unit movement with low inventory or restock priority.
P0594,Amazon,Pantene,Hair Care,Hair Conditioner & Treatment,500-999,Out of Stock / 0,85.9,81.2,23.9,5.5,4.2,80.6,9.1,Low Risk,72.6,Restock Review,High,High indexed unit movement with low inventory or restock priority.
P1044,Amazon,Sunsilk,Hair Care,Hair Conditioner & Treatment,500-999,Out of Stock / 0,85.0,82.2,24.2,3.8,3.8,82.7,9.1,Low Risk,75.0,Restock Review,High,High indexed unit movement with low inventory or restock priority.
P0813,Amazon,Sensodyne,Oral Care,Toothpaste,500-999,Out of Stock / 0,85.0,80.0,23.9,4.6,3.9,82.3,9.1,Low Risk,73.8,Restock Review,High,High indexed unit movement with low inventory or restock priority.
P0548,Amazon,Oral-B,Oral Care,Toothpaste,500-999,Medium / 6-15,81.8,81.2,24.1,4.2,4.0,82.0,9.1,Low Risk,74.2,Monitor,Low,No action threshold triggered; continue monitoring.
P1085,Amazon,Tresemme,Hair Care,Hair Conditioner & Treatment,500-999,Medium / 6-15,80.8,80.4,24.0,3.2,4.2,82.9,9.1,Low Risk,75.3,Monitor,Low,No action threshold triggered; continue monitoring.
P1109,Amazon,Vaseline,Body Care,Body Wash,500-999,Very Low / 1-2,99.3,93.9,23.8,3.2,3.8,82.9,9.0,Low Risk,75.4,Restock Review,High,High indexed unit movement with low inventory or restock priority.
P0546,Amazon,Ora2,Oral Care,Toothpaste,500-999,Out of Stock / 0,98.9,93.5,23.8,2.9,3.7,84.0,9.0,Low Risk,76.2,Restock Review,High,High indexed unit movement with low inventory or restock priority.
P0529,Amazon,NEXCARE,Skin Care,General Product,500-999,Medium / 6-15,96.3,91.0,23.7,3.2,3.8,83.9,9.0,Low Risk,76.0,Monitor,Low,No action threshold triggered; continue monitoring.
P0581,Amazon,Pantene,Hair Care,Hair Conditioner & Treatment,500-999,Very Low / 1-2,94.9,89.6,23.8,3.7,3.5,82.7,9.0,Low Risk,75.1,Restock Review,High,High indexed unit movement with low inventory or restock priority.
P0022,Amazon,Ambi Pur,Home & Kitchen,Air Freshener,500-999,Low / 3-5,94.6,89.2,23.8,3.6,4.3,82.5,9.0,Low Risk,74.7,Restock Review,High,High indexed unit movement with low inventory or restock priority.
P0780,Amazon,Senka,Skin Care,Face Cleanser,500-999,Very Low / 1-2,93.0,87.6,23.6,4.0,3.7,83.4,9.0,Low Risk,75.1,Restock Review,High,High indexed unit movement with low inventory or restock priority.
P0543,Amazon,Ora2,Oral Care,Toothpaste,500-999,Out of Stock / 0,92.9,87.1,23.8,5.0,3.6,82.1,9.0,Low Risk,74.1,Restock Review,High,High indexed unit movement with low inventory or restock priority.
P0605,Amazon,Pantene,Hair Care,Hair Conditioner & Treatment,500-999,Out of Stock / 0,92.4,87.1,23.7,3.5,4.0,83.9,9.0,Low Risk,75.7,Restock Review,High,High indexed unit movement with low inventory or restock priority.
P0586,Amazon,Pantene,Hair Care,General Product,500-999,Medium / 6-15,91.7,86.5,23.7,3.6,4.1,82.8,9.0,Low Risk,74.6,Monitor,Low,No action threshold triggered; continue monitoring.
P1080,Amazon,Tresemme,Hair Care,Hair Conditioner & Treatment,500-999,Medium / 6-15,91.5,86.3,23.8,3.7,3.8,83.0,9.0,Low Risk,75.3,Monitor,Low,No action threshold triggered; continue monitoring.
P0342,Amazon,Fino,Hair Care,Hair Conditioner & Treatment,500-999,Out of Stock / 0,91.4,85.9,23.9,5.5,3.7,81.9,9.0,Low Risk,74.9,Restock Review,High,High indexed unit movement with low inventory or restock priority.
P0168,Amazon,Colgate,Oral Care,Toothpaste,500-999,Low / 3-5,90.9,85.7,23.6,3.2,4.2,82.1,9.0,Low Risk,74.8,Restock Review,High,High indexed unit movement with low inventory or restock priority.
P0042,Amazon,Axe,Body Care,Deodorant & Body Spray,500-999,Out of Stock / 0,89.6,84.5,24.0,3.6,3.7,82.7,9.0,Low Risk,74.7,Restock Review,High,High indexed unit movement with low inventory or restock priority.
P0783,Amazon,Senka,Skin Care,Face Cleanser,500-999,Out of Stock / 0,89.6,84.5,23.9,3.5,3.9,83.0,9.0,Low Risk,75.0,Restock Review,High,High indexed unit movement with low inventory or restock priority.
P0562,Amazon,Oral-B,Oral Care,Toothpaste,500-999,Out of Stock / 0,89.2,84.1,23.7,3.8,4.1,82.9,9.0,Low Risk,74.6,Restock Review,High,High indexed unit movement with low inventory or restock priority.
P0777,Amazon,Senka,Skin Care,Face Cleanser,500-999,Low / 3-5,89.0,84.3,23.9,3.6,4.0,82.3,9.0,Low Risk,74.9,Restock Review,High,High indexed unit movement with low inventory or restock priority.
P0590,Amazon,Pantene,Hair Care,Hair Conditioner & Treatment,500-999,Out of Stock / 0,88.7,83.9,23.8,3.5,3.8,83.5,9.0,Low Risk,75.2,Restock Review,High,High indexed unit movement with low inventory or restock priority.
P0029,Amazon,Axe,Body Care,Deodorant & Body Spray,500-999,Very Low / 1-2,86.5,81.4,23.6,4.9,4.1,81.7,9.0,Low Risk,74.1,Restock Review,High,High indexed unit movement with low inventory or restock priority.
P1146,Amazon,Vaseline,Body Care,General Product,500-999,Out of Stock / 0,86.3,81.2,23.8,3.0,3.8,84.4,9.0,Low Risk,75.9,Restock Review,High,High indexed unit movement with low inventory or restock priority.
P0554,Amazon,Oral-B,Oral Care,Dental Floss,500-999,Low / 3-5,86.2,80.8,23.8,3.0,4.0,83.5,9.0,Low Risk,75.2,Restock Review,High,High indexed unit movement with low inventory or restock priority.
P0260,Amazon,Dove,Hair Care,Hair Conditioner & Treatment,500-999,Low / 3-5,84.7,80.0,23.8,2.6,3.8,84.5,9.0,Low Risk,76.5,Restock Review,High,High indexed unit movement with low inventory or restock priority.
P0609,Amazon,Pantene,Hair Care,Hair Conditioner & Treatment,500-999,Out of Stock / 0,84.7,80.0,23.6,4.4,4.0,82.9,9.0,Low Risk,75.3,Restock Review,High,High indexed unit movement with low inventory or restock priority.
P1131,Amazon,Vaseline,Skin Care,Sunscreen,500-999,Out of Stock / 0,91.5,86.7,23.5,3.0,4.0,83.5,8.9,Low Risk,75.6,Restock Review,High,High indexed unit movement with low inventory or restock priority.
P0889,Flipkart,SHIVAMAX,Health & Wellness,Herbal Inhaler,<500,Very High / 51+,14.7,47.1,17.3,8.0,4.3,90.9,7.2,Low Risk,82.6,Monitor,Low,No action threshold triggered; continue monitoring.
P0475,Flipkart,Listerine,Oral Care,Mouthwash,<500,Low / 3-5,14.8,35.7,17.1,8.6,3.9,89.6,7.1,Low Risk,81.6,Monitor,Low,No action threshold triggered; continue monitoring.
P1071,Flipkart,Tiger Balm,Health & Wellness,Herbal Inhaler,<500,High / 16-50,14.6,40.4,17.3,5.7,3.9,92.6,7.1,Low Risk,83.9,Monitor,Low,No action threshold triggered; continue monitoring.
P1200,Flipkart,Watsons,Oral Care,Dental Floss,<500,Low / 3-5,12.8,35.5,17.4,6.7,4.0,91.4,7.1,Low Risk,83.5,Monitor,Low,No action threshold triggered; continue monitoring.
P0932,Flipkart,SHIVAMAX,Electronics & Travel Accessories,Travel Adapter,<500,Very High / 51+,11.8,38.0,17.6,4.1,4.2,94.2,7.1,Low Risk,85.8,Monitor,Low,No action threshold triggered; continue monitoring.
P0917,Flipkart,SHIVAMAX,Home & Kitchen,Adhesive Hooks,<500,Low / 3-5,10.7,34.7,17.5,4.9,4.1,93.9,7.1,Low Risk,84.8,Monitor,Low,No action threshold triggered; continue monitoring.
P1249,Flipkart,Watsons,Oral Care,Floss Picks,<500,Out of Stock / 0,14.8,41.0,17.1,3.4,4.0,93.8,7.0,Low Risk,84.5,Monitor,Low,No action threshold triggered; continue monitoring.
P1218,Flipkart,Watsons,Oral Care,Floss Picks,<500,Low / 3-5,13.5,37.1,17.2,5.7,4.4,92.3,7.0,Low Risk,85.0,Monitor,Low,No action threshold triggered; continue monitoring.
P1072,Flipkart,Tiger Balm,Health & Wellness,Herbal Inhaler,<500,High / 16-50,12.6,34.7,16.8,7.5,4.5,90.1,7.0,Low Risk,82.4,Monitor,Low,No action threshold triggered; continue monitoring.
P0927,Flipkart,SHIVAMAX,Home & Kitchen,Adhesive Hooks,<500,Medium / 6-15,10.6,41.0,17.8,0.9,3.8,97.8,7.0,Low Risk,88.4,Monitor,Low,No action threshold triggered; continue monitoring.
P0840,Flipkart,SHIVAMAX,Home & Kitchen,Adhesive Hooks,<500,Out of Stock / 0,19.7,38.2,16.7,7.7,4.2,88.9,6.9,Low Risk,82.3,Monitor,Low,No action threshold triggered; continue monitoring.
P0233,Flipkart,Counterpain,Health & Wellness,Pain Relief,<500,Out of Stock / 0,18.4,39.4,16.3,5.8,4.2,90.8,6.9,Low Risk,82.5,Monitor,Low,No action threshold triggered; continue monitoring.
P0868,Flipkart,SHIVAMAX,Home & Kitchen,General Product,<500,Medium / 6-15,17.7,40.0,16.5,6.6,4.1,89.8,6.9,Low Risk,81.7,Monitor,Low,No action threshold triggered; continue monitoring.
P1041,Flipkart,Sunsilk,Hair Care,Shampoo,<500,Out of Stock / 0,15.4,36.9,16.7,5.6,4.5,93.0,6.9,Low Risk,85.4,Monitor,Low,No action threshold triggered; continue monitoring.
P1070,Flipkart,Tiger Balm,Health & Wellness,Herbal Inhaler,<500,Medium / 6-15,15.2,41.8,17.0,6.2,4.2,92.1,6.9,Low Risk,84.4,Monitor,Low,No action threshold triggered; continue monitoring.
P0690,Flipkart,Protex,Body Care,General Product,<500,Very Low / 1-2,14.3,34.7,17.0,5.5,3.9,90.7,6.9,Low Risk,83.9,Monitor,Low,No action threshold triggered; continue monitoring.
P1164,Flipkart,Wangprom,Health & Wellness,Herbal Inhaler,<500,Out of Stock / 0,13.6,32.9,16.9,6.6,3.7,91.4,6.9,Low Risk,84.1,Monitor,Low,No action threshold triggered; continue monitoring.
P0536,Flipkart,NOVOLIFE,Health & Wellness,Herbal Inhaler,<500,Very Low / 1-2,12.2,39.2,17.1,4.6,3.8,93.9,6.9,Low Risk,86.6,Monitor,Low,No action threshold triggered; continue monitoring.
P0271,Flipkart,Dove,Hair Care,General Product,<500,Out of Stock / 0,22.3,43.1,16.4,6.2,4.0,90.5,6.8,Low Risk,83.3,Monitor,Low,No action threshold triggered; continue monitoring.
P1196,Flipkart,Watsons,Oral Care,Floss Picks,<500,Very Low / 1-2,18.7,34.3,16.6,6.3,4.3,90.7,6.8,Low Risk,83.9,Monitor,Low,No action threshold triggered; continue monitoring.
P1038,Flipkart,Sunsilk,Hair Care,Hair Conditioner & Treatment,<500,Out of Stock / 0,17.6,42.2,16.5,5.2,4.1,93.1,6.8,Low Risk,85.6,Monitor,Low,No action threshold triggered; continue monitoring.
P1032,Flipkart,Sunsilk,Hair Care,Shampoo,<500,High / 16-50,15.1,36.5,16.6,4.3,4.5,93.5,6.8,Low Risk,86.2,Monitor,Low,No action threshold triggered; continue monitoring.
P0427,Flipkart,Kaowmanee,Skin Care,General Product,<500,Out of Stock / 0,12.0,32.2,16.8,4.9,4.0,91.9,6.8,Low Risk,84.4,Monitor,Low,No action threshold triggered; continue monitoring.
P0915,Flipkart,SHIVAMAX,Health & Wellness,Herbal Inhaler,<500,Medium / 6-15,11.4,36.5,17.0,2.5,4.0,97.6,6.8,Low Risk,87.8,Monitor,Low,No action threshold triggered; continue monitoring.
P0753,Flipkart,Rexona,Body Care,Deodorant & Body Spray,500-999,Out of Stock / 0,30.5,36.5,15.9,8.2,4.5,85.4,6.7,Low Risk,80.4,Monitor,Low,No action threshold triggered; continue monitoring.
P0555,Flipkart,Oral-B,Oral Care,Dental Floss,<500,Medium / 6-15,20.8,40.0,16.3,5.9,4.3,90.1,6.7,Low Risk,83.9,Monitor,Low,No action threshold triggered; continue monitoring.
P0261,Flipkart,Dove,Hair Care,General Product,<500,Very High / 51+,20.3,39.0,16.2,5.4,4.0,90.6,6.7,Low Risk,83.6,Monitor,Low,No action threshold triggered; continue monitoring.
P0763,Flipkart,Sasi,Lip,Lip Care,<500,Medium / 6-15,18.9,36.3,16.4,5.7,3.5,90.2,6.7,Low Risk,83.5,Monitor,Low,No action threshold triggered; continue monitoring.
P0308,Flipkart,Dove,Hair Care,General Product,<500,Out of Stock / 0,18.5,35.5,16.2,5.7,4.0,91.4,6.7,Low Risk,83.7,Monitor,Low,No action threshold triggered; continue monitoring.
P0257,Flipkart,Dove,Hair Care,General Product,<500,Low / 3-5,17.5,37.3,16.4,4.0,4.3,92.0,6.7,Low Risk,85.2,Monitor,Low,No action threshold triggered; continue monitoring.
P0706,Flipkart,Protex,Body Care,General Product,<500,Out of Stock / 0,17.0,36.3,16.4,4.2,4.0,92.1,6.7,Low Risk,85.1,Monitor,Low,No action threshold triggered; continue monitoring.
P1100,Flipkart,Tros,Body Care,Deodorant & Body Spray,<500,Very Low / 1-2,15.8,30.6,16.3,6.1,4.2,90.3,6.7,Low Risk,84.6,Monitor,Low,No action threshold triggered; continue monitoring.
P1251,Flipkart,Watsons,Oral Care,Floss Picks,<500,Out of Stock / 0,14.1,38.8,16.6,4.6,4.1,94.7,6.7,Low Risk,86.6,Monitor,Low,No action threshold triggered; continue monitoring.
P1214,Flipkart,Watsons,Oral Care,Floss Picks,<500,Very Low / 1-2,13.8,38.2,16.5,5.0,4.0,95.3,6.7,Low Risk,87.4,Monitor,Low,No action threshold triggered; continue monitoring.
P1026,Flipkart,Sunsilk,Hair Care,Hair Conditioner & Treatment,<500,Low / 3-5,13.7,33.9,16.4,3.3,4.1,94.1,6.7,Low Risk,85.7,Monitor,Low,No action threshold triggered; continue monitoring.
P0915,Meesho,SHIVAMAX,Health & Wellness,Herbal Inhaler,<500,Medium / 6-15,10.6,35.9,15.6,7.2,4.2,93.7,6.7,Low Risk,84.2,Monitor,Low,No action threshold triggered; continue monitoring.
P0536,Meesho,NOVOLIFE,Health & Wellness,Herbal Inhaler,<500,Very Low / 1-2,9.0,30.4,16.0,8.4,3.4,93.7,6.7,Low Risk,84.3,Monitor,Low,No action threshold triggered; continue monitoring.
P0797,Flipkart,Sensodyne,Oral Care,Toothpaste,500-999,Low / 3-5,41.2,39.6,15.7,9.0,4.0,86.1,6.6,Low Risk,80.5,Monitor,Low,No action threshold triggered; continue monitoring.
P1069,Flipkart,Tiger Balm,Health & Wellness,Pain Relief,500-999,Medium / 6-15,32.3,34.5,15.7,9.6,4.2,85.2,6.6,Low Risk,80.3,Monitor,Low,No action threshold triggered; continue monitoring.
P0931,Flipkart,SHIVAMAX,Electronics & Travel Accessories,General Product,<500,Out of Stock / 0,26.9,43.5,15.8,8.3,4.3,87.4,6.6,Low Risk,81.9,Monitor,Low,No action threshold triggered; continue monitoring.
P1185,Flipkart,Watsons,Oral Care,Floss Picks,<500,Low / 3-5,21.7,40.0,15.9,5.8,4.0,91.7,6.6,Low Risk,84.6,Monitor,Low,No action threshold triggered; continue monitoring.
P0024,Flipkart,AR,Skin Care,General Product,<500,Out of Stock / 0,19.6,37.6,16.2,5.0,3.7,91.8,6.6,Low Risk,84.6,Monitor,Low,No action threshold triggered; continue monitoring.
P0531,Flipkart,NEXCARE,Skin Care,General Product,<500,Medium / 6-15,19.1,36.9,15.9,4.9,4.2,91.4,6.6,Low Risk,84.3,Monitor,Low,No action threshold triggered; continue monitoring.
P0595,Flipkart,Pantene,Hair Care,Hair Conditioner & Treatment,<500,Out of Stock / 0,18.7,35.9,15.9,6.1,4.0,91.1,6.6,Low Risk,84.7,Monitor,Low,No action threshold triggered; continue monitoring.
P0705,Flipkart,Protex,Body Care,General Product,<500,Very Low / 1-2,18.6,40.0,16.5,1.6,4.3,94.7,6.6,Low Risk,87.9,Monitor,Low,No action threshold triggered; continue monitoring.
P0557,Flipkart,Oral-B,Oral Care,Dental Floss,<500,High / 16-50,18.5,37.6,16.3,4.7,3.7,92.4,6.6,Low Risk,84.7,Monitor,Low,No action threshold triggered; continue monitoring.
P0720,Flipkart,Protex,Body Care,General Product,<500,Very Low / 1-2,16.2,39.2,16.3,2.6,4.1,95.0,6.6,Low Risk,87.3,Monitor,Low,No action threshold triggered; continue monitoring.
P1035,Flipkart,Sunsilk,Hair Care,Shampoo,<500,High / 16-50,15.8,37.8,16.3,3.0,4.2,94.5,6.6,Low Risk,86.9,Monitor,Low,No action threshold triggered; continue monitoring.
P1052,Flipkart,Sunsilk,Hair Care,Shampoo,<500,Out of Stock / 0,14.0,33.7,16.4,3.3,3.3,95.8,6.6,Low Risk,87.9,Monitor,Low,No action threshold triggered; continue monitoring.
P0260,Flipkart,Dove,Hair Care,Hair Conditioner & Treatment,500-999,Low / 3-5,40.0,38.6,15.6,6.6,4.1,87.7,6.5,Low Risk,81.7,Monitor,Low,No action threshold triggered; continue monitoring.
P0590,Flipkart,Pantene,Hair Care,Hair Conditioner & Treatment,500-999,Out of Stock / 0,40.0,38.6,15.6,9.0,4.1,85.9,6.5,Low Risk,81.5,Monitor,Low,No action threshold triggered; continue monitoring.
P0279,Flipkart,Dove,Body Care,General Product,500-999,Out of Stock / 0,40.0,38.4,15.4,5.8,4.4,87.5,6.5,Low Risk,81.0,Monitor,Low,No action threshold triggered; continue monitoring.
P1157,Flipkart,Vaseline,Skin Care,Face Cleanser,500-999,Out of Stock / 0,37.2,37.8,15.5,7.2,3.7,88.0,6.5,Low Risk,82.1,Monitor,Low,No action threshold triggered; continue monitoring.
P1131,Flipkart,Vaseline,Skin Care,Sunscreen,500-999,Out of Stock / 0,37.0,35.5,15.4,6.1,4.5,89.0,6.5,Low Risk,82.7,Monitor,Low,No action threshold triggered; continue monitoring.
P0617,Flipkart,Pantene,Hair Care,Hair Conditioner & Treatment,500-999,Out of Stock / 0,36.4,35.1,15.3,6.3,4.3,89.5,6.5,Low Risk,83.1,Monitor,Low,No action threshold triggered; continue monitoring.
P0534,Flipkart,Nexcare,Skin Care,General Product,500-999,Low / 3-5,33.6,40.4,15.6,5.6,4.1,88.9,6.5,Low Risk,82.9,Monitor,Low,No action threshold triggered; continue monitoring.
P0744,Flipkart,Rexona,Body Care,Deodorant & Body Spray,500-999,Out of Stock / 0,32.5,39.0,15.5,5.2,4.1,89.9,6.5,Low Risk,83.1,Monitor,Low,No action threshold triggered; continue monitoring.
P1120,Flipkart,Vaseline,Skin Care,Body Scrub,500-999,Very Low / 1-2,31.7,38.2,15.7,8.3,3.9,87.9,6.5,Low Risk,82.1,Monitor,Low,No action threshold triggered; continue monitoring.
P0082,Flipkart,Biore,Skin Care,Sunscreen,500-999,Very High / 51+,28.4,36.3,15.6,4.4,4.7,90.8,6.5,Low Risk,84.4,Monitor,Low,No action threshold triggered; continue monitoring.
P0225,Flipkart,Colgate,Oral Care,Toothpaste,<500,Out of Stock / 0,22.2,45.1,15.8,4.1,4.1,93.5,6.5,Low Risk,86.4,Monitor,Low,No action threshold triggered; continue monitoring.
P0890,Flipkart,SHIVAMAX,Health & Wellness,Herbal Inhaler,<500,Medium / 6-15,21.4,41.2,15.9,3.7,4.5,93.0,6.5,Low Risk,86.6,Monitor,Low,No action threshold triggered; continue monitoring.
P0212,Flipkart,Colgate,Oral Care,Toothpaste,500-999,Out of Stock / 0,20.0,35.5,15.8,6.8,4.5,89.1,6.5,Low Risk,83.3,Monitor,Low,No action threshold triggered; continue monitoring.
P1254,Flipkart,Watsons,Oral Care,Dental Floss,<500,Out of Stock / 0,19.8,38.0,16.0,5.1,3.9,91.6,6.5,Low Risk,85.4,Monitor,Low,No action threshold triggered; continue monitoring.
P0476,Flipkart,Listerine,Oral Care,Mouthwash,500-999,Out of Stock / 0,19.8,35.5,16.0,5.2,4.2,90.9,6.5,Low Risk,84.2,Monitor,Low,No action threshold triggered; continue monitoring.
P1112,Flipkart,Vaseline,Body Care,Deodorant & Body Spray,<500,Very Low / 1-2,19.7,37.8,15.9,3.5,4.3,93.5,6.5,Low Risk,86.2,Monitor,Low,No action threshold triggered; continue monitoring.
P1033,Flipkart,Sunsilk,Hair Care,Hair Conditioner & Treatment,<500,Out of Stock / 0,19.0,36.7,16.2,5.0,4.0,93.0,6.5,Low Risk,86.3,Monitor,Low,No action threshold triggered; continue monitoring.
P1039,Flipkart,Sunsilk,Hair Care,Hair Conditioner & Treatment,<500,Out of Stock / 0,18.8,38.2,15.8,3.6,3.7,93.3,6.5,Low Risk,85.8,Monitor,Low,No action threshold triggered; continue monitoring.
P0170,Flipkart,Colgate,Oral Care,Toothpaste,<500,Low / 3-5,17.9,34.5,15.9,3.9,3.9,93.0,6.5,Low Risk,85.2,Monitor,Low,No action threshold triggered; continue monitoring.
P0253,Flipkart,Dove,Hair Care,General Product,<500,Out of Stock / 0,17.7,33.9,15.9,5.8,3.2,90.8,6.5,Low Risk,83.2,Monitor,Low,No action threshold triggered; continue monitoring.
P0262,Flipkart,Dove,Hair Care,Hair Oil & Serum,<500,Out of Stock / 0,17.3,33.3,16.0,2.3,4.6,92.6,6.5,Low Risk,86.0,Monitor,Low,No action threshold triggered; continue monitoring.
P0278,Flipkart,Dove,Hair Care,Shampoo,<500,Out of Stock / 0,16.9,32.7,16.1,3.7,3.8,93.2,6.5,Low Risk,86.0,Monitor,Low,No action threshold triggered; continue monitoring.
P0598,Flipkart,Pantene,Hair Care,General Product,<500,Out of Stock / 0,16.8,32.7,16.0,3.6,4.5,92.9,6.5,Low Risk,85.9,Monitor,Low,No action threshold triggered; continue monitoring.
P1029,Flipkart,Sunsilk,Hair Care,Shampoo,<500,High / 16-50,16.3,39.4,16.1,2.9,3.9,94.8,6.5,Low Risk,87.2,Monitor,Low,No action threshold triggered; continue monitoring.
P0679,Flipkart,Poy Sian,Health & Wellness,Herbal Inhaler,<500,Medium / 6-15,13.4,32.4,16.2,4.0,3.6,93.8,6.5,Low Risk,87.0,Monitor,Low,No action threshold triggered; continue monitoring.
P0917,Meesho,SHIVAMAX,Home & Kitchen,Adhesive Hooks,<500,Low / 3-5,8.1,27.3,15.4,6.1,3.8,95.1,6.5,Low Risk,84.9,Monitor,Low,No action threshold triggered; continue monitoring.
P0889,Meesho,SHIVAMAX,Health & Wellness,Herbal Inhaler,<500,Very High / 51+,7.4,25.3,15.7,3.9,4.2,95.7,6.5,Low Risk,87.1,Monitor,Low,No action threshold triggered; continue monitoring.
P0927,Meesho,SHIVAMAX,Home & Kitchen,Adhesive Hooks,<500,Medium / 6-15,6.5,26.3,15.6,5.3,4.2,96.9,6.5,Low Risk,86.3,Monitor,Low,No action threshold triggered; continue monitoring.
P0610,Flipkart,Pantene,Hair Care,Hair Oil & Serum,500-999,Out of Stock / 0,40.0,38.4,15.4,8.9,3.7,86.8,6.4,Low Risk,81.6,Monitor,Low,No action threshold triggered; continue monitoring.
P0172,Flipkart,Colgate,Oral Care,Toothpaste,500-999,Very Low / 1-2,38.8,37.3,15.2,5.0,4.2,89.5,6.4,Low Risk,83.3,Monitor,Low,No action threshold triggered; continue monitoring.
P0604,Flipkart,Pantene,Hair Care,Hair Conditioner & Treatment,500-999,Out of Stock / 0,38.0,38.6,15.2,4.9,4.1,89.8,6.4,Low Risk,83.1,Monitor,Low,No action threshold triggered; continue monitoring.
P1109,Flipkart,Vaseline,Body Care,Body Wash,500-999,Very Low / 1-2,34.8,34.1,15.4,4.8,4.5,90.0,6.4,Low Risk,84.2,Monitor,Low,No action threshold triggered; continue monitoring.
P0235,Flipkart,Counterpain,Health & Wellness,Pain Relief,500-999,Low / 3-5,34.7,36.9,15.5,5.6,3.7,91.8,6.4,Low Risk,84.6,Monitor,Low,No action threshold triggered; continue monitoring.
P1162,Flipkart,Vita Keratin,Hair Care,General Product,500-999,Out of Stock / 0,34.3,34.9,15.6,7.2,4.0,88.0,6.4,Low Risk,83.4,Monitor,Low,No action threshold triggered; continue monitoring.
P0264,Flipkart,Dove,Body Care,Deodorant & Body Spray,500-999,High / 16-50,33.8,41.6,15.5,5.2,3.8,89.9,6.4,Low Risk,83.8,Monitor,Low,No action threshold triggered; continue monitoring.
P0156,Flipkart,Colgate,Oral Care,Toothpaste,500-999,Very High / 51+,32.1,34.5,15.9,5.3,3.8,89.7,6.4,Low Risk,84.5,Monitor,Low,No action threshold triggered; continue monitoring.
P0034,Flipkart,Axe,Body Care,Deodorant & Body Spray,500-999,Very Low / 1-2,29.5,40.6,15.8,4.1,4.0,91.6,6.4,Low Risk,85.6,Monitor,Low,No action threshold triggered; continue monitoring.
P0178,Flipkart,Colgate,Oral Care,Toothpaste,500-999,Low / 3-5,26.8,38.8,15.6,5.6,4.2,89.3,6.4,Low Risk,84.2,Monitor,Low,No action threshold triggered; continue monitoring.
P0270,Flipkart,Dove,Hair Care,Hair Oil & Serum,<500,Very High / 51+,21.9,42.0,15.7,2.3,4.1,95.6,6.4,Low Risk,88.3,Monitor,Low,No action threshold triggered; continue monitoring.
P1190,Flipkart,Watsons,Oral Care,Dental Floss,<500,Low / 3-5,21.5,39.6,15.9,3.0,3.8,94.3,6.4,Low Risk,87.5,Monitor,Low,No action threshold triggered; continue monitoring.
P1248,Flipkart,Watsons,Skin Care,Lip Care,<500,Out of Stock / 0,19.4,37.3,15.9,3.0,3.8,93.5,6.4,Low Risk,87.4,Monitor,Low,No action threshold triggered; continue monitoring.
P1099,Flipkart,Tros,Body Care,Deodorant & Body Spray,<500,Out of Stock / 0,18.9,36.5,15.7,4.6,3.8,92.0,6.4,Low Risk,85.1,Monitor,Low,No action threshold triggered; continue monitoring.
P0944,Flipkart,SHIVAMAX,Health & Wellness,Herbal Inhaler,<500,Out of Stock / 0,18.9,36.3,16.0,5.4,3.6,92.3,6.4,Low Risk,86.5,Monitor,Low,No action threshold triggered; continue monitoring.
P0259,Flipkart,Dove,Hair Care,General Product,<500,Very High / 51+,17.5,35.5,15.9,3.3,3.3,94.0,6.4,Low Risk,86.2,Monitor,Low,No action threshold triggered; continue monitoring.
P1003,Flipkart,Snake Brand,Body Care,General Product,<500,Out of Stock / 0,17.1,36.5,16.1,1.7,3.4,96.3,6.4,Low Risk,88.9,Monitor,Low,No action threshold triggered; continue monitoring.
P1029,Meesho,Sunsilk,Hair Care,Shampoo,<500,High / 16-50,12.6,32.0,14.9,9.3,4.3,90.0,6.4,Low Risk,83.6,Monitor,Low,No action threshold triggered; continue monitoring.
P1072,Meesho,Tiger Balm,Health & Wellness,Herbal Inhaler,<500,High / 16-50,9.7,28.2,15.3,5.9,4.0,91.9,6.4,Low Risk,84.8,Monitor,Low,No action threshold triggered; continue monitoring.
P1214,Meesho,Watsons,Oral Care,Floss Picks,<500,Very Low / 1-2,9.1,26.3,15.1,4.6,4.3,94.9,6.4,Low Risk,86.0,Monitor,Low,No action threshold triggered; continue monitoring.
P0780,Flipkart,Senka,Skin Care,Face Cleanser,500-999,Very Low / 1-2,43.8,42.0,15.1,4.3,4.4,91.0,6.3,Low Risk,84.4,Monitor,Low,No action threshold triggered; continue monitoring.
P0553,Flipkart,Oral-B,Oral Care,Toothpaste,500-999,Medium / 6-15,43.6,41.8,15.4,6.2,3.8,89.4,6.3,Low Risk,83.7,Monitor,Low,No action threshold triggered; continue monitoring.
P0554,Flipkart,Oral-B,Oral Care,Dental Floss,500-999,Low / 3-5,43.1,41.4,15.3,4.9,3.8,90.9,6.3,Low Risk,84.4,Monitor,Low,No action threshold triggered; continue monitoring.
P1121,Flipkart,Vaseline,Body Care,Body Wash,500-999,Very Low / 1-2,42.7,40.8,15.5,6.0,3.8,89.3,6.3,Low Risk,84.3,Monitor,Low,No action threshold triggered; continue monitoring.
P0546,Flipkart,Ora2,Oral Care,Toothpaste,500-999,Out of Stock / 0,42.5,40.8,15.2,2.9,4.8,91.4,6.3,Low Risk,85.0,Monitor,Low,No action threshold triggered; continue monitoring.
P1080,Flipkart,Tresemme,Hair Care,Hair Conditioner & Treatment,500-999,Medium / 6-15,41.6,40.0,15.2,5.0,3.8,90.6,6.3,Low Risk,84.4,Monitor,Low,No action threshold triggered; continue monitoring.
P0813,Flipkart,Sensodyne,Oral Care,Toothpaste,500-999,Out of Stock / 0,40.2,38.8,15.3,6.2,3.7,89.8,6.3,Low Risk,84.5,Monitor,Low,No action threshold triggered; continue monitoring.
P0922,Flipkart,SHIVAMAX,Hair Care,Hair Conditioner & Treatment,500-999,Out of Stock / 0,40.1,39.8,15.2,4.4,3.8,90.2,6.3,Low Risk,84.1,Monitor,Low,No action threshold triggered; continue monitoring.
P0586,Flipkart,Pantene,Hair Care,General Product,500-999,Medium / 6-15,39.8,38.2,15.2,6.9,3.8,88.7,6.3,Low Risk,83.3,Monitor,Low,No action threshold triggered; continue monitoring.
P0342,Flipkart,Fino,Hair Care,Hair Conditioner & Treatment,500-999,Out of Stock / 0,38.5,36.9,15.1,4.0,4.9,89.8,6.3,Low Risk,83.6,Monitor,Low,No action threshold triggered; continue monitoring.
P0566,Flipkart,Pantene,Hair Care,Shampoo,500-999,Very Low / 1-2,38.4,39.0,15.5,6.9,3.7,89.4,6.3,Low Risk,84.3,Monitor,Low,No action threshold triggered; continue monitoring.
P0565,Flipkart,Pair,Skin Care,General Product,500-999,Out of Stock / 0,36.2,36.7,15.6,6.7,4.0,87.9,6.3,Low Risk,82.9,Monitor,Low,No action threshold triggered; continue monitoring.
P0605,Flipkart,Pantene,Hair Care,Hair Conditioner & Treatment,500-999,Out of Stock / 0,33.8,32.4,15.4,6.7,3.8,88.4,6.3,Low Risk,84.0,Monitor,Low,No action threshold triggered; continue monitoring.
P0218,Flipkart,Colgate,Oral Care,Toothpaste,500-999,Out of Stock / 0,33.2,37.3,15.4,4.9,4.1,90.6,6.3,Low Risk,85.0,Monitor,Low,No action threshold triggered; continue monitoring.
P0175,Flipkart,Colgate,Oral Care,Toothpaste,500-999,Medium / 6-15,32.7,39.4,15.4,3.2,3.7,91.9,6.3,Low Risk,85.3,Monitor,Low,No action threshold triggered; continue monitoring.
P0343,Flipkart,Fino,Hair Care,Hair Oil & Serum,1000-1499,Out of Stock / 0,32.7,33.7,15.5,3.4,3.7,92.1,6.3,Low Risk,85.3,Monitor,Low,No action threshold triggered; continue monitoring.
P0563,Flipkart,Oral-B,Oral Care,Toothpaste,500-999,Out of Stock / 0,31.8,38.6,15.4,4.2,3.8,92.6,6.3,Low Risk,86.0,Monitor,Low,No action threshold triggered; continue monitoring.
P0437,Flipkart,L'Oreal Paris,Skin Care,Face Cleanser,500-999,Very High / 51+,31.6,38.0,15.3,3.8,4.4,90.8,6.3,Low Risk,85.0,Monitor,Low,No action threshold triggered; continue monitoring.
P1114,Flipkart,Vaseline,Body Care,Deodorant & Body Spray,500-999,Low / 3-5,30.6,42.2,15.7,2.3,4.2,94.3,6.3,Low Risk,87.8,Monitor,Low,No action threshold triggered; continue monitoring.
P1107,Flipkart,Vaseline,Body Care,General Product,500-999,Very Low / 1-2,29.5,40.4,15.4,4.1,3.9,91.5,6.3,Low Risk,85.4,Monitor,Low,No action threshold triggered; continue monitoring.
P0039,Flipkart,Axe,Body Care,Deodorant & Body Spray,500-999,Out of Stock / 0,29.4,42.7,15.5,3.9,4.0,92.2,6.3,Low Risk,85.9,Monitor,Low,No action threshold triggered; continue monitoring.
P1176,Flipkart,Wangprom,Health & Wellness,General Product,500-999,Out of Stock / 0,20.4,30.2,15.3,3.6,3.9,92.6,6.3,Low Risk,86.7,Monitor,Low,No action threshold triggered; continue monitoring.
P1249,Meesho,Watsons,Oral Care,Floss Picks,<500,Out of Stock / 0,10.9,31.6,14.7,4.0,4.4,95.1,6.3,Low Risk,85.5,Monitor,Low,No action threshold triggered; continue monitoring.
P0932,Meesho,SHIVAMAX,Electronics & Travel Accessories,Travel Adapter,<500,Very High / 51+,8.3,27.8,15.1,3.9,4.0,94.9,6.3,Low Risk,86.1,Monitor,Low,No action threshold triggered; continue monitoring.
P0263,Flipkart,Dove,Hair Care,Hair Conditioner & Treatment,500-999,Medium / 6-15,48.8,47.1,15.2,3.4,4.0,92.3,6.2,Low Risk,86.4,Monitor,Low,No action threshold triggered; continue monitoring.
P0581,Flipkart,Pantene,Hair Care,Hair Conditioner & Treatment,500-999,Very Low / 1-2,45.8,44.1,15.1,4.3,4.0,90.2,6.2,Low Risk,84.3,Monitor,Low,No action threshold triggered; continue monitoring.
P1044,Flipkart,Sunsilk,Hair Care,Hair Conditioner & Treatment,500-999,Out of Stock / 0,43.1,42.4,15.2,2.7,4.3,91.0,6.2,Low Risk,85.2,Monitor,Low,No action threshold triggered; continue monitoring.
P0168,Flipkart,Colgate,Oral Care,Toothpaste,500-999,Low / 3-5,42.6,41.0,15.2,4.7,4.1,90.6,6.2,Low Risk,85.5,Monitor,Low,No action threshold triggered; continue monitoring.
P0529,Flipkart,NEXCARE,Skin Care,General Product,500-999,Medium / 6-15,42.4,40.8,15.2,3.5,4.1,91.4,6.2,Low Risk,85.5,Monitor,Low,No action threshold triggered; continue monitoring.
P1105,Flipkart,Vaseline,Body Care,Body Wash,500-999,Low / 3-5,42.3,40.8,15.0,4.9,4.1,89.3,6.2,Low Risk,83.9,Monitor,Low,No action threshold triggered; continue monitoring.
P0042,Flipkart,Axe,Body Care,Deodorant & Body Spray,500-999,Out of Stock / 0,41.3,39.8,15.1,3.8,4.4,90.3,6.2,Low Risk,84.7,Monitor,Low,No action threshold triggered; continue monitoring.
P0029,Flipkart,Axe,Body Care,Deodorant & Body Spray,500-999,Very Low / 1-2,41.2,39.8,15.1,3.4,3.3,92.8,6.2,Low Risk,85.8,Monitor,Low,No action threshold triggered; continue monitoring.
P0252,Flipkart,Dove,Hair Care,Hair Conditioner & Treatment,500-999,Low / 3-5,39.7,38.0,15.0,3.5,4.2,91.3,6.2,Low Risk,85.1,Monitor,Low,No action threshold triggered; continue monitoring.
P0609,Flipkart,Pantene,Hair Care,Hair Conditioner & Treatment,500-999,Out of Stock / 0,39.4,37.8,15.0,4.3,4.5,91.6,6.2,Low Risk,84.8,Monitor,Low,No action threshold triggered; continue monitoring.
P1043,Flipkart,Sunsilk,Hair Care,Hair Conditioner & Treatment,500-999,Out of Stock / 0,39.2,39.6,15.1,3.6,4.2,92.0,6.2,Low Risk,85.3,Monitor,Low,No action threshold triggered; continue monitoring.
P0906,Flipkart,SHIVAMAX,Hair Care,Hair Conditioner & Treatment,500-999,Out of Stock / 0,39.1,37.8,15.2,4.5,3.8,91.2,6.2,Low Risk,85.4,Monitor,Low,No action threshold triggered; continue monitoring.
P0230,Flipkart,Counterpain,Health & Wellness,Pain Relief,500-999,Out of Stock / 0,38.2,36.9,15.2,4.5,3.8,90.8,6.2,Low Risk,85.7,Monitor,Low,No action threshold triggered; continue monitoring.
P0022,Flipkart,Ambi Pur,Home & Kitchen,Air Freshener,500-999,Low / 3-5,38.2,36.7,15.0,5.1,3.5,90.9,6.2,Low Risk,84.2,Monitor,Low,No action threshold triggered; continue monitoring.
P1156,Flipkart,Vaseline,Body Care,Body Lotion,500-999,Out of Stock / 0,37.0,35.7,15.1,2.5,4.4,91.4,6.2,Low Risk,85.7,Monitor,Low,No action threshold triggered; continue monitoring.
P0041,Flipkart,Axe,Body Care,Deodorant & Body Spray,500-999,Out of Stock / 0,36.0,34.5,15.2,4.2,4.5,89.6,6.2,Low Risk,83.9,Monitor,Low,No action threshold triggered; continue monitoring.
P0547,Flipkart,Oral-B,Oral Care,Dental Floss,500-999,Low / 3-5,35.6,34.3,15.2,4.5,4.1,91.6,6.2,Low Risk,85.4,Monitor,Low,No action threshold triggered; continue monitoring.
P0488,Flipkart,Listerine,Oral Care,Mouthwash,500-999,Out of Stock / 0,35.4,34.1,15.2,5.0,3.5,91.2,6.2,Low Risk,85.3,Monitor,Low,No action threshold triggered; continue monitoring.
P0747,Flipkart,Rexona,Body Care,Deodorant & Body Spray,500-999,Out of Stock / 0,31.6,38.0,15.3,3.3,3.8,92.5,6.2,Low Risk,86.6,Monitor,Low,No action threshold triggered; continue monitoring.
P1150,Flipkart,Vaseline,Body Care,Deodorant & Body Spray,500-999,Out of Stock / 0,29.7,41.0,15.4,1.2,4.5,95.0,6.2,Low Risk,88.6,Monitor,Low,No action threshold triggered; continue monitoring.
P0528,Flipkart,NEXCARE,Skin Care,General Product,500-999,Out of Stock / 0,27.7,35.7,15.3,3.8,3.6,91.9,6.2,Low Risk,86.2,Monitor,Low,No action threshold triggered; continue monitoring.
P0770,Flipkart,Sasi,Skin Care,General Product,<500,Medium / 6-15,17.8,38.2,15.8,2.0,3.4,96.1,6.2,Low Risk,89.0,Monitor,Low,No action threshold triggered; continue monitoring.
P0758,Flipkart,Sasi,Lip,Sunscreen,<500,Very Low / 1-2,16.8,32.2,15.6,2.1,3.5,94.8,6.2,Low Risk,87.8,Monitor,Low,No action threshold triggered; continue monitoring.
P1039,Meesho,Sunsilk,Hair Care,Hair Conditioner & Treatment,<500,Out of Stock / 0,13.8,29.4,14.4,9.7,4.0,89.6,6.2,Low Risk,84.9,Monitor,Low,No action threshold triggered; continue monitoring.
P0257,Meesho,Dove,Hair Care,General Product,<500,Low / 3-5,13.2,29.8,14.8,4.6,4.4,94.4,6.2,Low Risk,86.1,Monitor,Low,No action threshold triggered; continue monitoring.
P0259,Meesho,Dove,Hair Care,General Product,<500,Very High / 51+,13.2,28.4,14.3,7.0,4.1,91.7,6.2,Low Risk,84.4,Monitor,Low,No action threshold triggered; continue monitoring.
P1035,Meesho,Sunsilk,Hair Care,Shampoo,<500,High / 16-50,11.1,28.4,14.8,6.4,3.1,94.2,6.2,Low Risk,86.2,Monitor,Low,No action threshold triggered; continue monitoring.
P1251,Meesho,Watsons,Oral Care,Floss Picks,<500,Out of Stock / 0,10.9,31.6,14.9,4.7,3.6,96.8,6.2,Low Risk,87.0,Monitor,Low,No action threshold triggered; continue monitoring.
P0427,Meesho,Kaowmanee,Skin Care,General Product,<500,Out of Stock / 0,10.2,29.0,15.1,2.8,4.3,97.0,6.2,Low Risk,88.0,Monitor,Low,No action threshold triggered; continue monitoring.
P0573,Flipkart,Pantene,Hair Care,Shampoo,500-999,Very Low / 1-2,41.9,40.2,15.1,3.8,3.4,91.9,6.1,Low Risk,86.4,Monitor,Low,No action threshold triggered; continue monitoring.
P0781,Flipkart,Senka,Skin Care,Face Cleanser,500-999,Out of Stock / 0,41.7,40.4,14.8,4.7,4.3,90.2,6.1,Low Risk,84.7,Monitor,Low,No action threshold triggered; continue monitoring.
P0562,Flipkart,Oral-B,Oral Care,Toothpaste,500-999,Out of Stock / 0,40.0,38.2,15.2,2.6,3.8,92.3,6.1,Low Risk,86.3,Monitor,Low,No action threshold triggered; continue monitoring.
P0543,Flipkart,Ora2,Oral Care,Toothpaste,500-999,Out of Stock / 0,38.9,37.3,15.2,3.6,3.8,92.0,6.1,Low Risk,86.9,Monitor,Low,No action threshold triggered; continue monitoring.
P0594,Flipkart,Pantene,Hair Care,Hair Conditioner & Treatment,500-999,Out of Stock / 0,38.0,36.5,15.1,2.3,4.2,93.2,6.1,Low Risk,87.3,Monitor,Low,No action threshold triggered; continue monitoring.
P1075,Flipkart,Tresemme,Hair Care,Shampoo,500-999,Very Low / 1-2,37.9,36.5,14.9,2.6,4.6,91.9,6.1,Low Risk,86.7,Monitor,Low,No action threshold triggered; continue monitoring.
P1146,Flipkart,Vaseline,Body Care,General Product,500-999,Out of Stock / 0,37.7,36.3,15.0,2.3,4.2,93.5,6.1,Low Risk,87.1,Monitor,Low,No action threshold triggered; continue monitoring.
P0795,Flipkart,Senka,Skin Care,Face Cleanser,500-999,Out of Stock / 0,37.6,36.1,15.1,3.8,3.8,91.8,6.1,Low Risk,86.1,Monitor,Low,No action threshold triggered; continue monitoring.
P0783,Flipkart,Senka,Skin Care,Face Cleanser,500-999,Out of Stock / 0,37.4,36.1,15.0,2.2,4.3,93.1,6.1,Low Risk,87.6,Monitor,Low,No action threshold triggered; continue monitoring.
P0777,Flipkart,Senka,Skin Care,Face Cleanser,500-999,Low / 3-5,36.6,35.5,15.2,2.8,3.7,92.0,6.1,Low Risk,86.1,Monitor,Low,No action threshold triggered; continue monitoring.
P1085,Flipkart,Tresemme,Hair Care,Hair Conditioner & Treatment,500-999,Medium / 6-15,35.5,36.3,15.0,3.2,4.0,92.8,6.1,Low Risk,86.3,Monitor,Low,No action threshold triggered; continue monitoring.
P0758,Meesho,Sasi,Lip,Sunscreen,<500,Very Low / 1-2,16.6,33.7,14.4,4.7,4.1,93.9,6.1,Low Risk,86.9,Monitor,Low,No action threshold triggered; continue monitoring.
P0476,Meesho,Listerine,Oral Care,Mouthwash,500-999,Out of Stock / 0,15.6,29.2,14.2,7.1,4.0,90.6,6.1,Low Risk,83.6,Monitor,Low,No action threshold triggered; continue monitoring.
P0598,Meesho,Pantene,Hair Care,General Product,<500,Out of Stock / 0,13.4,27.3,14.7,5.9,4.1,92.1,6.1,Low Risk,85.2,Monitor,Low,No action threshold triggered; continue monitoring.
P0706,Meesho,Protex,Body Care,General Product,<500,Out of Stock / 0,12.4,28.0,14.3,4.0,4.2,94.3,6.1,Low Risk,85.9,Monitor,Low,No action threshold triggered; continue monitoring.
P0690,Meesho,Protex,Body Care,General Product,<500,Very Low / 1-2,12.1,30.6,15.2,4.0,3.7,95.9,6.1,Low Risk,89.0,Monitor,Low,No action threshold triggered; continue monitoring.
P0705,Meesho,Protex,Body Care,General Product,<500,Very Low / 1-2,12.0,26.9,14.6,6.5,3.6,93.1,6.1,Low Risk,85.4,Monitor,Low,No action threshold triggered; continue monitoring.
P0868,Meesho,SHIVAMAX,Home & Kitchen,General Product,<500,Medium / 6-15,11.6,27.8,14.3,4.4,5.0,94.9,6.1,Low Risk,87.1,Monitor,Low,No action threshold triggered; continue monitoring.
P0233,Meesho,Counterpain,Health & Wellness,Pain Relief,<500,Out of Stock / 0,11.6,26.3,14.5,2.8,4.1,95.3,6.1,Low Risk,87.4,Monitor,Low,No action threshold triggered; continue monitoring.
P0720,Meesho,Protex,Body Care,General Product,<500,Very Low / 1-2,11.5,29.2,14.4,4.8,4.1,94.2,6.1,Low Risk,86.5,Monitor,Low,No action threshold triggered; continue monitoring.
P1164,Meesho,Wangprom,Health & Wellness,Herbal Inhaler,<500,Out of Stock / 0,10.6,26.9,14.6,6.0,3.7,94.3,6.1,Low Risk,88.0,Monitor,Low,No action threshold triggered; continue monitoring.
P1218,Meesho,Watsons,Oral Care,Floss Picks,<500,Low / 3-5,10.3,29.8,14.4,7.2,4.5,94.5,6.1,Low Risk,87.4,Monitor,Low,No action threshold triggered; continue monitoring.
P1200,Meesho,Watsons,Oral Care,Dental Floss,<500,Low / 3-5,9.2,26.7,14.7,4.1,3.8,96.0,6.1,Low Risk,87.1,Monitor,Low,No action threshold triggered; continue monitoring.
P1071,Meesho,Tiger Balm,Health & Wellness,Herbal Inhaler,<500,High / 16-50,8.4,24.3,14.8,4.3,3.7,97.5,6.1,Low Risk,88.1,Monitor,Low,No action threshold triggered; continue monitoring.
P0548,Flipkart,Oral-B,Oral Care,Toothpaste,500-999,Medium / 6-15,40.8,41.4,15.0,3.0,4.4,92.1,6.0,Low Risk,87.1,Monitor,Low,No action threshold triggered; continue monitoring.
P1048,Flipkart,Sunsilk,Hair Care,Hair Conditioner & Treatment,500-999,Out of Stock / 0,39.1,38.0,15.2,2.6,3.5,93.1,6.0,Low Risk,88.1,Monitor,Low,No action threshold triggered; continue monitoring.
P0602,Flipkart,Pantene,Hair Care,Hair Conditioner & Treatment,500-999,Out of Stock / 0,37.3,35.7,15.1,2.9,3.8,92.4,6.0,Low Risk,86.8,Monitor,Low,No action threshold triggered; continue monitoring.
P1237,Flipkart,Watsons,Oral Care,Interdental Brush,500-999,Out of Stock / 0,36.6,38.8,15.1,1.8,3.9,93.9,6.0,Low Risk,88.3,Monitor,Low,No action threshold triggered; continue monitoring.
P1067,Flipkart,Tiger Balm,Health & Wellness,Pain Relief,500-999,Medium / 6-15,36.5,39.0,14.9,1.2,4.2,93.3,6.0,Low Risk,87.7,Monitor,Low,No action threshold triggered; continue monitoring.
P1042,Flipkart,Sunsilk,Hair Care,Hair Conditioner & Treatment,500-999,Out of Stock / 0,36.5,35.1,14.9,1.4,3.9,94.9,6.0,Low Risk,88.4,Monitor,Low,No action threshold triggered; continue monitoring.
P0041,Meesho,Axe,Body Care,Deodorant & Body Spray,500-999,Out of Stock / 0,28.9,29.2,13.6,9.5,4.1,88.4,6.0,Low Risk,82.7,Monitor,Low,No action threshold triggered; continue monitoring.
P0246,Flipkart,Dove,Body Care,Deodorant & Body Spray,500-999,Medium / 6-15,27.8,35.1,15.2,1.4,3.9,95.1,6.0,Low Risk,89.0,Monitor,Low,No action threshold triggered; continue monitoring.
P1157,Meesho,Vaseline,Skin Care,Face Cleanser,500-999,Out of Stock / 0,27.6,29.6,13.6,8.8,4.3,89.0,6.0,Low Risk,83.2,Monitor,Low,No action threshold triggered; continue monitoring.
P1067,Meesho,Tiger Balm,Health & Wellness,Pain Relief,500-999,Medium / 6-15,25.9,29.2,13.6,6.1,4.1,91.5,6.0,Low Risk,83.9,Monitor,Low,No action threshold triggered; continue monitoring.
P1075,Meesho,Tresemme,Hair Care,Shampoo,500-999,Very Low / 1-2,25.9,26.3,13.5,7.0,3.8,90.7,6.0,Low Risk,83.6,Monitor,Low,No action threshold triggered; continue monitoring.
P1069,Meesho,Tiger Balm,Health & Wellness,Pain Relief,500-999,Medium / 6-15,25.3,28.4,13.8,6.8,3.6,91.1,6.0,Low Risk,84.0,Monitor,Low,No action threshold triggered; continue monitoring.
P0543,Meesho,Ora2,Oral Care,Toothpaste,500-999,Out of Stock / 0,25.3,25.9,13.9,7.9,3.9,88.8,6.0,Low Risk,83.0,Monitor,Low,No action threshold triggered; continue monitoring.
P0528,Meesho,NEXCARE,Skin Care,General Product,500-999,Out of Stock / 0,22.6,30.6,13.9,5.1,3.8,93.9,6.0,Low Risk,85.6,Monitor,Low,No action threshold triggered; continue monitoring.
P0944,Meesho,SHIVAMAX,Health & Wellness,Herbal Inhaler,<500,Out of Stock / 0,17.1,34.5,14.5,7.7,3.8,91.9,6.0,Low Risk,85.8,Monitor,Low,No action threshold triggered; continue monitoring.
P0557,Meesho,Oral-B,Oral Care,Dental Floss,<500,High / 16-50,14.6,31.2,14.7,4.5,3.7,94.2,6.0,Low Risk,87.9,Monitor,Low,No action threshold triggered; continue monitoring.
P1003,Meesho,Snake Brand,Body Care,General Product,<500,Out of Stock / 0,14.2,32.0,14.5,3.9,3.7,95.5,6.0,Low Risk,89.0,Monitor,Low,No action threshold triggered; continue monitoring.
P0890,Meesho,SHIVAMAX,Health & Wellness,Herbal Inhaler,<500,Medium / 6-15,14.2,29.0,14.0,3.9,4.6,94.6,6.0,Low Risk,87.1,Monitor,Low,No action threshold triggered; continue monitoring.
P0555,Meesho,Oral-B,Oral Care,Dental Floss,<500,Medium / 6-15,13.8,28.0,14.2,4.7,4.4,93.6,6.0,Low Risk,86.8,Monitor,Low,No action threshold triggered; continue monitoring.
P0931,Meesho,SHIVAMAX,Electronics & Travel Accessories,General Product,<500,Out of Stock / 0,13.1,22.2,14.1,3.9,4.3,93.9,6.0,Low Risk,86.2,Monitor,Low,No action threshold triggered; continue monitoring.
P0170,Meesho,Colgate,Oral Care,Toothpaste,<500,Low / 3-5,12.8,25.9,14.2,5.7,4.2,94.4,6.0,Low Risk,86.1,Monitor,Low,No action threshold triggered; continue monitoring.
P1041,Meesho,Sunsilk,Hair Care,Shampoo,<500,Out of Stock / 0,12.2,31.0,14.3,6.0,3.4,93.8,6.0,Low Risk,86.3,Monitor,Low,No action threshold triggered; continue monitoring.
P1052,Meesho,Sunsilk,Hair Care,Shampoo,<500,Out of Stock / 0,11.2,28.4,14.4,3.7,4.2,95.4,6.0,Low Risk,87.2,Monitor,Low,No action threshold triggered; continue monitoring.
P1070,Meesho,Tiger Balm,Health & Wellness,Herbal Inhaler,<500,Medium / 6-15,9.4,27.1,14.6,4.0,4.1,97.4,6.0,Low Risk,88.9,Monitor,Low,No action threshold triggered; continue monitoring.
P0342,Meesho,Fino,Hair Care,Hair Conditioner & Treatment,500-999,Out of Stock / 0,31.5,31.8,13.6,8.1,3.5,91.3,5.9,Low Risk,83.6,Monitor,Low,No action threshold triggered; continue monitoring.
P0562,Meesho,Oral-B,Oral Care,Toothpaste,500-999,Out of Stock / 0,26.9,27.6,13.5,6.8,3.9,89.6,5.9,Low Risk,84.4,Monitor,Low,No action threshold triggered; continue monitoring.
P1131,Meesho,Vaseline,Skin Care,Sunscreen,500-999,Out of Stock / 0,25.2,25.7,13.4,7.6,4.5,89.6,5.9,Low Risk,84.1,Monitor,Low,No action threshold triggered; continue monitoring.
P0488,Meesho,Listerine,Oral Care,Mouthwash,500-999,Out of Stock / 0,24.5,24.7,13.6,6.3,4.1,91.0,5.9,Low Risk,84.8,Monitor,Low,No action threshold triggered; continue monitoring.
P0547,Meesho,Oral-B,Oral Care,Dental Floss,500-999,Low / 3-5,21.5,21.8,13.4,7.4,3.3,90.3,5.9,Low Risk,83.4,Monitor,Low,No action threshold triggered; continue monitoring.
P0747,Meesho,Rexona,Body Care,Deodorant & Body Spray,500-999,Out of Stock / 0,21.4,26.9,13.6,7.1,3.9,91.4,5.9,Low Risk,85.1,Monitor,Low,No action threshold triggered; continue monitoring.
P1107,Meesho,Vaseline,Body Care,General Product,500-999,Very Low / 1-2,20.8,30.2,13.7,6.4,4.2,90.4,5.9,Low Risk,84.8,Monitor,Low,No action threshold triggered; continue monitoring.
P0595,Meesho,Pantene,Hair Care,Hair Conditioner & Treatment,<500,Out of Stock / 0,17.8,35.9,14.0,2.9,4.7,95.8,5.9,Low Risk,88.7,Monitor,Low,No action threshold triggered; continue monitoring.
P0039,Meesho,Axe,Body Care,Deodorant & Body Spray,500-999,Out of Stock / 0,16.7,25.5,14.1,4.2,3.7,94.8,5.9,Low Risk,87.2,Monitor,Low,No action threshold triggered; continue monitoring.
P0531,Meesho,NEXCARE,Skin Care,General Product,<500,Medium / 6-15,15.4,31.2,13.8,5.2,4.7,93.7,5.9,Low Risk,87.2,Monitor,Low,No action threshold triggered; continue monitoring.
P0763,Meesho,Sasi,Lip,Lip Care,<500,Medium / 6-15,13.3,27.1,14.2,4.3,3.4,95.4,5.9,Low Risk,88.1,Monitor,Low,No action threshold triggered; continue monitoring.
P1099,Meesho,Tros,Body Care,Deodorant & Body Spray,<500,Out of Stock / 0,12.6,25.5,13.7,3.3,4.5,95.7,5.9,Low Risk,87.7,Monitor,Low,No action threshold triggered; continue monitoring.
P0270,Meesho,Dove,Hair Care,Hair Oil & Serum,<500,Very High / 51+,12.2,24.7,14.0,2.8,4.3,94.1,5.9,Low Risk,86.7,Monitor,Low,No action threshold triggered; continue monitoring.
P1032,Meesho,Sunsilk,Hair Care,Shampoo,<500,High / 16-50,11.1,28.2,14.3,3.5,3.4,97.9,5.9,Low Risk,87.8,Monitor,Low,No action threshold triggered; continue monitoring.
P1026,Meesho,Sunsilk,Hair Care,Hair Conditioner & Treatment,<500,Low / 3-5,10.5,27.3,14.4,2.9,3.9,98.4,5.9,Low Risk,89.8,Monitor,Low,No action threshold triggered; continue monitoring.
P0679,Meesho,Poy Sian,Health & Wellness,Herbal Inhaler,<500,Medium / 6-15,10.4,26.3,14.4,3.7,4.1,95.3,5.9,Low Risk,89.2,Monitor,Low,No action threshold triggered; continue monitoring.
P0915,JioMart,SHIVAMAX,Health & Wellness,Herbal Inhaler,<500,Medium / 6-15,6.8,22.2,13.6,5.0,3.7,97.3,5.9,Low Risk,86.8,Monitor,Low,No action threshold triggered; continue monitoring.
P1070,JioMart,Tiger Balm,Health & Wellness,Herbal Inhaler,<500,Medium / 6-15,6.3,17.6,13.9,5.6,4.4,95.0,5.9,Low Risk,87.0,Monitor,Low,No action threshold triggered; continue monitoring.
P1042,Meesho,Sunsilk,Hair Care,Hair Conditioner & Treatment,500-999,Out of Stock / 0,33.0,33.5,13.3,5.2,3.9,92.6,5.8,Low Risk,85.0,Monitor,Low,No action threshold triggered; continue monitoring.
P0813,Meesho,Sensodyne,Oral Care,Toothpaste,500-999,Out of Stock / 0,30.3,30.8,13.3,8.1,4.0,89.2,5.8,Low Risk,83.9,Monitor,Low,No action threshold triggered; continue monitoring.
P1121,Meesho,Vaseline,Body Care,Body Wash,500-999,Very Low / 1-2,27.2,27.8,13.5,5.8,4.0,91.4,5.8,Low Risk,84.9,Monitor,Low,No action threshold triggered; continue monitoring.
P1109,Meesho,Vaseline,Body Care,Body Wash,500-999,Very Low / 1-2,25.3,25.7,13.6,7.5,3.9,90.6,5.8,Low Risk,86.0,Monitor,Low,No action threshold triggered; continue monitoring.
P0565,Meesho,Pair,Skin Care,General Product,500-999,Out of Stock / 0,24.7,26.3,13.5,7.0,4.5,89.1,5.8,Low Risk,84.8,Monitor,Low,No action threshold triggered; continue monitoring.
P0797,Meesho,Sensodyne,Oral Care,Toothpaste,500-999,Low / 3-5,24.1,24.5,13.4,5.4,4.1,92.4,5.8,Low Risk,84.9,Monitor,Low,No action threshold triggered; continue monitoring.
P0263,Meesho,Dove,Hair Care,Hair Conditioner & Treatment,500-999,Medium / 6-15,22.3,22.7,13.4,7.0,3.9,91.7,5.8,Low Risk,85.1,Monitor,Low,No action threshold triggered; continue monitoring.
P1185,Meesho,Watsons,Oral Care,Floss Picks,<500,Low / 3-5,16.8,32.4,14.1,2.7,3.9,96.8,5.8,Low Risk,88.8,Monitor,Low,No action threshold triggered; continue monitoring.
P1190,Meesho,Watsons,Oral Care,Dental Floss,<500,Low / 3-5,16.7,32.4,13.9,5.9,3.1,94.7,5.8,Low Risk,87.1,Monitor,Low,No action threshold triggered; continue monitoring.
P0024,Meesho,AR,Skin Care,General Product,<500,Out of Stock / 0,16.2,32.9,14.1,3.2,4.2,95.7,5.8,Low Risk,89.6,Monitor,Low,No action threshold triggered; continue monitoring.
P1196,Meesho,Watsons,Oral Care,Floss Picks,<500,Very Low / 1-2,14.1,27.1,13.8,2.3,4.8,96.3,5.8,Low Risk,88.9,Monitor,Low,No action threshold triggered; continue monitoring.
P0475,Meesho,Listerine,Oral Care,Mouthwash,<500,Low / 3-5,13.1,33.1,14.2,4.7,3.7,95.6,5.8,Low Risk,88.9,Monitor,Low,No action threshold triggered; continue monitoring.
P1254,Meesho,Watsons,Oral Care,Dental Floss,<500,Out of Stock / 0,12.5,25.3,14.3,1.8,3.9,98.1,5.8,Low Risk,90.7,Monitor,Low,No action threshold triggered; continue monitoring.
P1038,Meesho,Sunsilk,Hair Care,Hair Conditioner & Treatment,<500,Out of Stock / 0,11.5,29.4,13.8,5.1,4.1,96.9,5.8,Low Risk,88.5,Monitor,Low,No action threshold triggered; continue monitoring.
P0770,Meesho,Sasi,Skin Care,General Product,<500,Medium / 6-15,10.6,23.9,14.3,6.4,3.6,94.1,5.8,Low Risk,88.7,Monitor,Low,No action threshold triggered; continue monitoring.
P1164,JioMart,Wangprom,Health & Wellness,Herbal Inhaler,<500,Out of Stock / 0,8.2,20.2,12.5,10.6,4.0,92.0,5.8,Low Risk,84.3,Monitor,Low,No action threshold triggered; continue monitoring.
P1041,JioMart,Sunsilk,Hair Care,Shampoo,<500,Out of Stock / 0,7.5,18.6,12.8,7.9,4.1,94.3,5.8,Low Risk,84.9,Monitor,Low,No action threshold triggered; continue monitoring.
P0927,JioMart,SHIVAMAX,Home & Kitchen,Adhesive Hooks,<500,Medium / 6-15,4.2,16.7,13.5,8.9,4.3,95.3,5.8,Low Risk,87.1,Monitor,Low,No action threshold triggered; continue monitoring.
P0022,Meesho,Ambi Pur,Home & Kitchen,Air Freshener,500-999,Low / 3-5,31.4,31.8,13.2,6.2,4.0,92.5,5.7,Low Risk,85.9,Monitor,Low,No action threshold triggered; continue monitoring.
P0252,Meesho,Dove,Hair Care,Hair Conditioner & Treatment,500-999,Low / 3-5,30.7,31.2,13.4,5.6,3.7,91.5,5.7,Low Risk,85.1,Monitor,Low,No action threshold triggered; continue monitoring.
P0783,Meesho,Senka,Skin Care,Face Cleanser,500-999,Out of Stock / 0,30.5,30.8,13.6,5.2,3.9,92.6,5.7,Low Risk,87.4,Monitor,Low,No action threshold triggered; continue monitoring.
P0566,Meesho,Pantene,Hair Care,Shampoo,500-999,Very Low / 1-2,30.4,32.4,13.2,5.3,4.0,92.8,5.7,Low Risk,85.7,Monitor,Low,No action threshold triggered; continue monitoring.
P0554,Meesho,Oral-B,Oral Care,Dental Floss,500-999,Low / 3-5,29.9,30.2,13.5,6.2,3.6,91.4,5.7,Low Risk,85.5,Monitor,Low,No action threshold triggered; continue monitoring.
P0617,Meesho,Pantene,Hair Care,Hair Conditioner & Treatment,500-999,Out of Stock / 0,29.7,30.2,13.3,6.4,3.9,91.2,5.7,Low Risk,85.5,Monitor,Low,No action threshold triggered; continue monitoring.
P0906,Meesho,SHIVAMAX,Hair Care,Hair Conditioner & Treatment,500-999,Out of Stock / 0,27.9,28.4,13.3,5.6,3.5,91.1,5.7,Low Risk,84.9,Monitor,Low,No action threshold triggered; continue monitoring.
P0795,Meesho,Senka,Skin Care,Face Cleanser,500-999,Out of Stock / 0,27.2,27.3,13.4,3.6,4.4,93.1,5.7,Low Risk,86.5,Monitor,Low,No action threshold triggered; continue monitoring.
P0218,Meesho,Colgate,Oral Care,Toothpaste,500-999,Out of Stock / 0,26.8,31.8,13.5,5.3,4.0,93.0,5.7,Low Risk,87.0,Monitor,Low,No action threshold triggered; continue monitoring.
P1146,Meesho,Vaseline,Body Care,General Product,500-999,Out of Stock / 0,26.5,26.7,13.5,4.7,3.9,92.5,5.7,Low Risk,86.0,Monitor,Low,No action threshold triggered; continue monitoring.
P0235,Meesho,Counterpain,Health & Wellness,Pain Relief,500-999,Low / 3-5,26.3,29.6,13.2,6.1,3.7,91.0,5.7,Low Risk,84.8,Monitor,Low,No action threshold triggered; continue monitoring.
P0034,Meesho,Axe,Body Care,Deodorant & Body Spray,500-999,Very Low / 1-2,22.2,32.2,13.8,3.0,4.1,94.9,5.7,Low Risk,88.2,Monitor,Low,No action threshold triggered; continue monitoring.
P0264,Meesho,Dove,Body Care,Deodorant & Body Spray,500-999,High / 16-50,22.2,29.0,13.5,3.2,4.3,94.3,5.7,Low Risk,88.1,Monitor,Low,No action threshold triggered; continue monitoring.
P0437,Meesho,L'Oreal Paris,Skin Care,Face Cleanser,500-999,Very High / 51+,22.0,28.2,13.5,4.8,3.7,94.2,5.7,Low Risk,87.2,Monitor,Low,No action threshold triggered; continue monitoring.
P0744,Meesho,Rexona,Body Care,Deodorant & Body Spray,500-999,Out of Stock / 0,20.8,26.3,13.3,5.8,3.6,93.2,5.7,Low Risk,86.0,Monitor,Low,No action threshold triggered; continue monitoring.
P0753,Meesho,Rexona,Body Care,Deodorant & Body Spray,500-999,Out of Stock / 0,19.8,25.3,13.7,3.4,4.2,93.8,5.7,Low Risk,87.4,Monitor,Low,No action threshold triggered; continue monitoring.
P1150,Meesho,Vaseline,Body Care,Deodorant & Body Spray,500-999,Out of Stock / 0,19.1,27.8,13.6,3.6,4.0,95.4,5.7,Low Risk,88.6,Monitor,Low,No action threshold triggered; continue monitoring.
P0246,Meesho,Dove,Body Care,Deodorant & Body Spray,500-999,Medium / 6-15,18.1,24.1,13.8,4.2,3.6,93.6,5.7,Low Risk,87.8,Monitor,Low,No action threshold triggered; continue monitoring.
P0178,Meesho,Colgate,Oral Care,Toothpaste,500-999,Low / 3-5,17.0,25.9,13.3,4.9,4.0,92.7,5.7,Low Risk,85.7,Monitor,Low,No action threshold triggered; continue monitoring.
P1176,Meesho,Wangprom,Health & Wellness,General Product,500-999,Out of Stock / 0,16.5,25.9,13.7,3.7,4.2,94.5,5.7,Low Risk,88.0,Monitor,Low,No action threshold triggered; continue monitoring.
P0308,Meesho,Dove,Hair Care,General Product,<500,Out of Stock / 0,14.7,30.0,13.9,2.6,3.7,94.9,5.7,Low Risk,88.0,Monitor,Low,No action threshold triggered; continue monitoring.
P0225,Meesho,Colgate,Oral Care,Toothpaste,<500,Out of Stock / 0,14.2,30.4,14.1,3.6,4.4,94.5,5.7,Low Risk,89.9,Monitor,Low,No action threshold triggered; continue monitoring.
P1100,Meesho,Tros,Body Care,Deodorant & Body Spray,<500,Very Low / 1-2,14.2,28.8,13.8,5.5,3.5,93.4,5.7,Low Risk,87.6,Monitor,Low,No action threshold triggered; continue monitoring.
P0271,Meesho,Dove,Hair Care,General Product,<500,Out of Stock / 0,14.0,28.4,14.0,1.5,3.9,97.9,5.7,Low Risk,90.4,Monitor,Low,No action threshold triggered; continue monitoring.
P0262,Meesho,Dove,Hair Care,Hair Oil & Serum,<500,Out of Stock / 0,13.1,26.3,14.0,3.4,3.4,97.2,5.7,Low Risk,90.5,Monitor,Low,No action threshold triggered; continue monitoring.
P0212,Meesho,Colgate,Oral Care,Toothpaste,500-999,Out of Stock / 0,12.8,24.1,14.0,2.7,4.4,95.4,5.7,Low Risk,88.3,Monitor,Low,No action threshold triggered; continue monitoring.
P0553,Meesho,Oral-B,Oral Care,Toothpaste,500-999,Medium / 6-15,33.1,33.7,13.2,4.3,4.2,92.7,5.6,Low Risk,87.0,Monitor,Low,No action threshold triggered; continue monitoring.
P0172,Meesho,Colgate,Oral Care,Toothpaste,500-999,Very Low / 1-2,32.5,32.9,13.2,3.7,4.5,92.6,5.6,Low Risk,86.9,Monitor,Low,No action threshold triggered; continue monitoring.
P0780,Meesho,Senka,Skin Care,Face Cleanser,500-999,Very Low / 1-2,32.5,32.7,13.1,4.7,4.1,92.2,5.6,Low Risk,86.4,Monitor,Low,No action threshold triggered; continue monitoring.
P0590,Meesho,Pantene,Hair Care,Hair Conditioner & Treatment,500-999,Out of Stock / 0,31.2,31.6,13.2,4.4,4.0,93.2,5.6,Low Risk,86.3,Monitor,Low,No action threshold triggered; continue monitoring.
P0777,Meesho,Senka,Skin Care,Face Cleanser,500-999,Low / 3-5,30.1,30.4,13.1,3.8,4.6,92.9,5.6,Low Risk,87.0,Monitor,Low,No action threshold triggered; continue monitoring.
P0230,Meesho,Counterpain,Health & Wellness,Pain Relief,500-999,Out of Stock / 0,29.6,30.2,13.3,4.8,4.2,91.1,5.6,Low Risk,86.2,Monitor,Low,No action threshold triggered; continue monitoring.
P1043,Meesho,Sunsilk,Hair Care,Hair Conditioner & Treatment,500-999,Out of Stock / 0,29.0,30.8,13.2,4.8,4.1,92.8,5.6,Low Risk,86.3,Monitor,Low,No action threshold triggered; continue monitoring.
P0922,Meesho,SHIVAMAX,Hair Care,Hair Conditioner & Treatment,500-999,Out of Stock / 0,28.2,29.4,13.4,4.2,4.4,91.1,5.6,Low Risk,85.9,Monitor,Low,No action threshold triggered; continue monitoring.
P0610,Meesho,Pantene,Hair Care,Hair Oil & Serum,500-999,Out of Stock / 0,28.1,28.4,13.2,5.3,4.2,91.7,5.6,Low Risk,86.5,Monitor,Low,No action threshold triggered; continue monitoring.
P0168,Meesho,Colgate,Oral Care,Toothpaste,500-999,Low / 3-5,27.8,28.4,13.5,3.3,3.7,92.3,5.6,Low Risk,86.3,Monitor,Low,No action threshold triggered; continue monitoring.
P0029,Meesho,Axe,Body Care,Deodorant & Body Spray,500-999,Very Low / 1-2,27.5,27.8,13.3,4.8,3.4,92.8,5.6,Low Risk,87.0,Monitor,Low,No action threshold triggered; continue monitoring.
P1048,Meesho,Sunsilk,Hair Care,Hair Conditioner & Treatment,500-999,Out of Stock / 0,26.3,26.7,13.3,4.3,3.4,93.1,5.6,Low Risk,87.1,Monitor,Low,No action threshold triggered; continue monitoring.
P0175,Meesho,Colgate,Oral Care,Toothpaste,500-999,Medium / 6-15,24.9,31.6,13.5,3.5,4.0,94.6,5.6,Low Risk,88.3,Monitor,Low,No action threshold triggered; continue monitoring.
P1162,Meesho,Vita Keratin,Hair Care,General Product,500-999,Out of Stock / 0,24.7,26.5,13.4,4.4,3.7,93.4,5.6,Low Risk,87.2,Monitor,Low,No action threshold triggered; continue monitoring.
P1044,Meesho,Sunsilk,Hair Care,Hair Conditioner & Treatment,500-999,Out of Stock / 0,24.4,25.3,13.5,3.2,4.2,94.2,5.6,Low Risk,87.9,Monitor,Low,No action threshold triggered; continue monitoring.
P0573,Meesho,Pantene,Hair Care,Shampoo,500-999,Very Low / 1-2,24.2,24.7,13.2,4.1,4.7,92.3,5.6,Low Risk,87.2,Monitor,Low,No action threshold triggered; continue monitoring.
P0546,Meesho,Ora2,Oral Care,Toothpaste,500-999,Out of Stock / 0,24.1,24.5,13.1,4.3,3.8,93.9,5.6,Low Risk,87.2,Monitor,Low,No action threshold triggered; continue monitoring.
P1120,Meesho,Vaseline,Skin Care,Body Scrub,500-999,Very Low / 1-2,22.5,28.6,13.2,3.9,4.0,94.7,5.6,Low Risk,88.2,Monitor,Low,No action threshold triggered; continue monitoring.
P0534,Meesho,Nexcare,Skin Care,General Product,500-999,Low / 3-5,21.4,27.1,13.4,3.4,4.2,93.7,5.6,Low Risk,87.3,Monitor,Low,No action threshold triggered; continue monitoring.
P0563,Meesho,Oral-B,Oral Care,Toothpaste,500-999,Out of Stock / 0,20.6,26.1,13.6,5.9,3.8,92.4,5.6,Low Risk,87.5,Monitor,Low,No action threshold triggered; continue monitoring.
P1114,Meesho,Vaseline,Body Care,Deodorant & Body Spray,500-999,Low / 3-5,19.1,27.8,13.6,3.6,3.6,93.9,5.6,Low Risk,88.3,Monitor,Low,No action threshold triggered; continue monitoring.
P0278,Meesho,Dove,Hair Care,Shampoo,<500,Out of Stock / 0,17.8,36.3,13.8,2.5,3.4,96.7,5.6,Low Risk,89.7,Monitor,Low,No action threshold triggered; continue monitoring.
P0253,Meesho,Dove,Hair Care,General Product,<500,Out of Stock / 0,15.1,31.0,14.0,1.9,3.4,96.4,5.6,Low Risk,90.3,Monitor,Low,No action threshold triggered; continue monitoring.
P1033,Meesho,Sunsilk,Hair Care,Hair Conditioner & Treatment,<500,Out of Stock / 0,14.5,29.4,14.0,0.8,3.8,96.9,5.6,Low Risk,90.6,Monitor,Low,No action threshold triggered; continue monitoring.
P0840,Meesho,SHIVAMAX,Home & Kitchen,Adhesive Hooks,<500,Out of Stock / 0,14.1,28.6,13.9,3.3,3.6,96.7,5.6,Low Risk,90.0,Monitor,Low,No action threshold triggered; continue monitoring.
P1112,Meesho,Vaseline,Body Care,Deodorant & Body Spray,<500,Very Low / 1-2,13.8,28.0,14.0,1.8,4.0,96.6,5.6,Low Risk,90.9,Monitor,Low,No action threshold triggered; continue monitoring.
P0261,Meesho,Dove,Hair Care,General Product,<500,Very High / 51+,13.7,27.8,13.8,3.1,3.5,96.4,5.6,Low Risk,90.0,Monitor,Low,No action threshold triggered; continue monitoring.
P0890,JioMart,SHIVAMAX,Health & Wellness,Herbal Inhaler,<500,Medium / 6-15,10.3,20.4,12.2,7.5,4.2,92.4,5.6,Low Risk,85.0,Monitor,Low,No action threshold triggered; continue monitoring.
P1185,JioMart,Watsons,Oral Care,Floss Picks,<500,Low / 3-5,10.2,19.2,12.8,8.4,4.1,91.7,5.6,Low Risk,86.3,Monitor,Low,No action threshold triggered; continue monitoring.
P1196,JioMart,Watsons,Oral Care,Floss Picks,<500,Very Low / 1-2,9.7,18.2,12.4,4.6,4.8,94.2,5.6,Low Risk,85.8,Monitor,Low,No action threshold triggered; continue monitoring.
P0270,JioMart,Dove,Hair Care,Hair Oil & Serum,<500,Very High / 51+,8.9,17.6,12.5,7.3,4.3,95.9,5.6,Low Risk,86.9,Monitor,Low,No action threshold triggered; continue monitoring.
P1052,JioMart,Sunsilk,Hair Care,Shampoo,<500,Out of Stock / 0,8.4,20.4,12.6,6.4,4.1,94.1,5.6,Low Risk,85.5,Monitor,Low,No action threshold triggered; continue monitoring.
P0868,JioMart,SHIVAMAX,Home & Kitchen,General Product,<500,Medium / 6-15,8.4,19.6,12.7,4.3,4.5,97.0,5.6,Low Risk,88.4,Monitor,Low,No action threshold triggered; continue monitoring.
P1072,JioMart,Tiger Balm,Health & Wellness,Herbal Inhaler,<500,High / 16-50,6.8,19.0,13.5,5.2,3.4,97.3,5.6,Low Risk,89.8,Monitor,Low,No action threshold triggered; continue monitoring.
P1200,JioMart,Watsons,Oral Care,Dental Floss,<500,Low / 3-5,6.1,17.1,13.1,5.3,3.4,97.5,5.6,Low Risk,88.3,Monitor,Low,No action threshold triggered; continue monitoring.
P0279,Meesho,Dove,Body Care,General Product,500-999,Out of Stock / 0,31.3,31.8,13.4,2.6,3.9,94.6,5.5,Low Risk,88.8,Monitor,Low,No action threshold triggered; continue monitoring.
P0581,Meesho,Pantene,Hair Care,Hair Conditioner & Treatment,500-999,Very Low / 1-2,30.3,30.8,12.9,2.3,4.3,94.7,5.5,Low Risk,88.2,Monitor,Low,No action threshold triggered; continue monitoring.
P0781,Meesho,Senka,Skin Care,Face Cleanser,500-999,Out of Stock / 0,28.3,28.8,13.4,3.0,3.8,93.7,5.5,Low Risk,88.0,Monitor,Low,No action threshold triggered; continue monitoring.
P0343,Meesho,Fino,Hair Care,Hair Oil & Serum,1000-1499,Out of Stock / 0,27.3,29.6,13.2,3.6,3.7,94.0,5.5,Low Risk,88.2,Monitor,Low,No action threshold triggered; continue monitoring.
P1156,Meesho,Vaseline,Body Care,Body Lotion,500-999,Out of Stock / 0,26.4,26.9,13.3,3.6,3.9,94.0,5.5,Low Risk,88.5,Monitor,Low,No action threshold triggered; continue monitoring.
P0609,Meesho,Pantene,Hair Care,Hair Conditioner & Treatment,500-999,Out of Stock / 0,26.0,26.5,13.2,2.8,4.0,94.1,5.5,Low Risk,87.9,Monitor,Low,No action threshold triggered; continue monitoring.
P0156,Meesho,Colgate,Oral Care,Toothpaste,500-999,Very High / 51+,24.7,28.0,13.2,1.8,4.8,93.8,5.5,Low Risk,89.3,Monitor,Low,No action threshold triggered; continue monitoring.
P1105,Meesho,Vaseline,Body Care,Body Wash,500-999,Low / 3-5,23.0,23.3,13.2,2.8,4.3,95.1,5.5,Low Risk,88.7,Monitor,Low,No action threshold triggered; continue monitoring.
P1248,Meesho,Watsons,Skin Care,Lip Care,<500,Out of Stock / 0,14.8,30.0,13.6,1.1,3.3,99.8,5.5,Low Risk,93.0,Monitor,Low,No action threshold triggered; continue monitoring.
P0178,JioMart,Colgate,Oral Care,Toothpaste,500-999,Low / 3-5,13.6,20.2,11.9,6.2,4.7,93.6,5.5,Low Risk,85.8,Monitor,Low,No action threshold triggered; continue monitoring.
P0034,JioMart,Axe,Body Care,Deodorant & Body Spray,500-999,Very Low / 1-2,13.4,18.8,12.1,9.2,3.9,91.8,5.5,Low Risk,84.8,Monitor,Low,No action threshold triggered; continue monitoring.
P0082,JioMart,Biore,Skin Care,Sunscreen,500-999,Very High / 51+,12.6,16.3,12.0,6.6,4.8,92.4,5.5,Low Risk,85.6,Monitor,Low,No action threshold triggered; continue monitoring.
P0278,JioMart,Dove,Hair Care,Shampoo,<500,Out of Stock / 0,11.0,21.6,12.4,6.2,4.5,93.3,5.5,Low Risk,87.3,Monitor,Low,No action threshold triggered; continue monitoring.
P0840,JioMart,SHIVAMAX,Home & Kitchen,Adhesive Hooks,<500,Out of Stock / 0,10.0,19.6,12.4,6.8,3.8,95.0,5.5,Low Risk,87.5,Monitor,Low,No action threshold triggered; continue monitoring.
P0024,JioMart,AR,Skin Care,General Product,<500,Out of Stock / 0,9.5,19.0,12.4,4.7,3.7,96.1,5.5,Low Risk,86.6,Monitor,Low,No action threshold triggered; continue monitoring.
P0253,JioMart,Dove,Hair Care,General Product,<500,Out of Stock / 0,9.4,18.6,12.4,5.5,4.2,93.2,5.5,Low Risk,85.5,Monitor,Low,No action threshold triggered; continue monitoring.
P0261,JioMart,Dove,Hair Care,General Product,<500,Very High / 51+,9.3,18.4,12.5,5.2,3.8,98.4,5.5,Low Risk,87.9,Monitor,Low,No action threshold triggered; continue monitoring.
P0706,JioMart,Protex,Body Care,General Product,<500,Out of Stock / 0,8.6,18.8,12.4,6.2,4.4,93.2,5.5,Low Risk,86.6,Monitor,Low,No action threshold triggered; continue monitoring.
P0427,JioMart,Kaowmanee,Skin Care,General Product,<500,Out of Stock / 0,6.6,18.0,12.7,8.0,3.3,93.9,5.5,Low Risk,86.4,Monitor,Low,No action threshold triggered; continue monitoring.
P0917,JioMart,SHIVAMAX,Home & Kitchen,Adhesive Hooks,<500,Low / 3-5,6.1,20.2,13.1,4.9,3.9,99.7,5.5,Low Risk,89.4,Monitor,Low,No action threshold triggered; continue monitoring.
P0536,JioMart,NOVOLIFE,Health & Wellness,Herbal Inhaler,<500,Very Low / 1-2,5.2,17.3,13.3,2.4,4.1,99.4,5.5,Low Risk,89.9,Monitor,Low,No action threshold triggered; continue monitoring.
P0889,JioMart,SHIVAMAX,Health & Wellness,Herbal Inhaler,<500,Very High / 51+,5.1,16.7,12.9,2.4,4.4,102.1,5.5,Low Risk,91.1,Monitor,Low,No action threshold triggered; continue monitoring.
P0529,Meesho,NEXCARE,Skin Care,General Product,500-999,Medium / 6-15,30.1,30.6,13.0,2.4,4.4,93.7,5.4,Low Risk,89.1,Monitor,Low,No action threshold triggered; continue monitoring.
P1085,Meesho,Tresemme,Hair Care,Hair Conditioner & Treatment,500-999,Medium / 6-15,28.1,30.0,13.3,0.9,4.2,96.0,5.4,Low Risk,90.3,Monitor,Low,No action threshold triggered; continue monitoring.
P0586,Meesho,Pantene,Hair Care,General Product,500-999,Medium / 6-15,27.3,27.8,12.8,3.7,4.2,94.5,5.4,Low Risk,88.5,Monitor,Low,No action threshold triggered; continue monitoring.
P0260,Meesho,Dove,Hair Care,Hair Conditioner & Treatment,500-999,Low / 3-5,26.3,26.7,13.1,2.2,4.5,96.0,5.4,Low Risk,89.5,Monitor,Low,No action threshold triggered; continue monitoring.
P0605,Meesho,Pantene,Hair Care,Hair Conditioner & Treatment,500-999,Out of Stock / 0,24.5,24.7,12.9,2.7,3.9,94.1,5.4,Low Risk,88.6,Monitor,Low,No action threshold triggered; continue monitoring.
P1237,Meesho,Watsons,Oral Care,Interdental Brush,500-999,Out of Stock / 0,24.2,27.1,13.2,1.8,3.8,95.3,5.4,Low Risk,89.4,Monitor,Low,No action threshold triggered; continue monitoring.
P1109,JioMart,Vaseline,Body Care,Body Wash,500-999,Very Low / 1-2,17.4,17.1,11.9,8.6,4.3,91.4,5.4,Low Risk,86.1,Monitor,Low,No action threshold triggered; continue monitoring.
P0534,JioMart,Nexcare,Skin Care,General Product,500-999,Low / 3-5,15.1,18.6,12.1,8.3,3.7,90.7,5.4,Low Risk,84.5,Monitor,Low,No action threshold triggered; continue monitoring.
P0039,JioMart,Axe,Body Care,Deodorant & Body Spray,500-999,Out of Stock / 0,13.0,19.2,11.9,7.8,3.3,92.8,5.4,Low Risk,84.9,Monitor,Low,No action threshold triggered; continue monitoring.
P0770,JioMart,Sasi,Skin Care,General Product,<500,Medium / 6-15,9.9,21.6,12.7,5.7,4.0,95.5,5.4,Low Risk,89.2,Monitor,Low,No action threshold triggered; continue monitoring.
P0259,JioMart,Dove,Hair Care,General Product,<500,Very High / 51+,9.2,19.2,12.4,6.6,4.4,92.2,5.4,Low Risk,87.1,Monitor,Low,No action threshold triggered; continue monitoring.
P0233,JioMart,Counterpain,Health & Wellness,Pain Relief,<500,Out of Stock / 0,8.9,19.4,12.2,6.0,3.9,96.6,5.4,Low Risk,88.3,Monitor,Low,No action threshold triggered; continue monitoring.
P1029,JioMart,Sunsilk,Hair Care,Shampoo,<500,High / 16-50,8.4,20.8,13.0,3.9,3.2,98.7,5.4,Low Risk,91.0,Monitor,Low,No action threshold triggered; continue monitoring.
P0262,JioMart,Dove,Hair Care,Hair Oil & Serum,<500,Out of Stock / 0,8.4,16.3,12.2,9.3,4.3,91.3,5.4,Low Risk,86.2,Monitor,Low,No action threshold triggered; continue monitoring.
P0475,JioMart,Listerine,Oral Care,Mouthwash,<500,Low / 3-5,8.3,20.6,12.2,6.4,3.6,95.5,5.4,Low Risk,87.1,Monitor,Low,No action threshold triggered; continue monitoring.
P1026,JioMart,Sunsilk,Hair Care,Hair Conditioner & Treatment,<500,Low / 3-5,8.2,20.6,12.7,5.1,3.8,96.6,5.4,Low Risk,89.4,Monitor,Low,No action threshold triggered; continue monitoring.
P1038,JioMart,Sunsilk,Hair Care,Hair Conditioner & Treatment,<500,Out of Stock / 0,8.0,19.6,12.5,3.1,4.0,98.7,5.4,Low Risk,90.0,Monitor,Low,No action threshold triggered; continue monitoring.
P1251,JioMart,Watsons,Oral Care,Floss Picks,<500,Out of Stock / 0,6.8,19.2,12.6,2.4,4.2,100.5,5.4,Low Risk,90.6,Monitor,Low,No action threshold triggered; continue monitoring.
P0690,JioMart,Protex,Body Care,General Product,<500,Very Low / 1-2,6.8,16.7,12.7,3.5,4.1,99.8,5.4,Low Risk,89.6,Monitor,Low,No action threshold triggered; continue monitoring.
P1218,JioMart,Watsons,Oral Care,Floss Picks,<500,Low / 3-5,6.7,19.0,12.9,3.4,3.9,98.9,5.4,Low Risk,89.8,Monitor,Low,No action threshold triggered; continue monitoring.
P1214,JioMart,Watsons,Oral Care,Floss Picks,<500,Very Low / 1-2,6.1,17.1,12.9,3.7,3.7,99.3,5.4,Low Risk,90.5,Monitor,Low,No action threshold triggered; continue monitoring.
P0604,Meesho,Pantene,Hair Care,Hair Conditioner & Treatment,500-999,Out of Stock / 0,33.7,36.1,12.9,1.7,4.1,95.3,5.3,Low Risk,90.2,Monitor,Low,No action threshold triggered; continue monitoring.
P0602,Meesho,Pantene,Hair Care,Hair Conditioner & Treatment,500-999,Out of Stock / 0,32.2,32.7,13.1,2.1,3.9,95.4,5.3,Low Risk,90.1,Monitor,Low,No action threshold triggered; continue monitoring.
P0594,Meesho,Pantene,Hair Care,Hair Conditioner & Treatment,500-999,Out of Stock / 0,30.4,30.8,12.9,1.9,4.1,94.9,5.3,Low Risk,89.5,Monitor,Low,No action threshold triggered; continue monitoring.
P0548,Meesho,Oral-B,Oral Care,Toothpaste,500-999,Medium / 6-15,27.9,29.8,12.7,1.8,4.5,95.4,5.3,Low Risk,89.3,Monitor,Low,No action threshold triggered; continue monitoring.
P0343,JioMart,Fino,Hair Care,Hair Oil & Serum,1000-1499,Out of Stock / 0,22.1,23.1,11.5,6.9,4.8,91.3,5.3,Low Risk,85.8,Monitor,Low,No action threshold triggered; continue monitoring.
P1157,JioMart,Vaseline,Skin Care,Face Cleanser,500-999,Out of Stock / 0,21.9,22.9,11.9,6.2,4.0,93.5,5.3,Low Risk,87.0,Monitor,Low,No action threshold triggered; continue monitoring.
P0082,Meesho,Biore,Skin Care,Sunscreen,500-999,Very High / 51+,21.0,28.6,12.9,0.8,4.0,96.8,5.3,Low Risk,90.6,Monitor,Low,No action threshold triggered; continue monitoring.
P0172,JioMart,Colgate,Oral Care,Toothpaste,500-999,Very Low / 1-2,20.8,20.4,11.4,6.3,4.4,92.1,5.3,Low Risk,84.6,Monitor,Low,No action threshold triggered; continue monitoring.
P1085,JioMart,Tresemme,Hair Care,Hair Conditioner & Treatment,500-999,Medium / 6-15,20.0,20.6,11.6,8.4,4.2,90.7,5.3,Low Risk,85.5,Monitor,Low,No action threshold triggered; continue monitoring.
P0780,JioMart,Senka,Skin Care,Face Cleanser,500-999,Very Low / 1-2,19.7,19.2,11.4,7.1,4.4,92.3,5.3,Low Risk,84.9,Monitor,Low,No action threshold triggered; continue monitoring.
P0747,JioMart,Rexona,Body Care,Deodorant & Body Spray,500-999,Out of Stock / 0,19.6,24.1,11.6,7.7,4.2,92.7,5.3,Low Risk,85.8,Monitor,Low,No action threshold triggered; continue monitoring.
P0922,JioMart,SHIVAMAX,Hair Care,Hair Conditioner & Treatment,500-999,Out of Stock / 0,17.1,17.1,11.6,8.4,4.3,90.9,5.3,Low Risk,85.4,Monitor,Low,No action threshold triggered; continue monitoring.
P0797,JioMart,Sensodyne,Oral Care,Toothpaste,500-999,Low / 3-5,15.7,15.3,11.9,7.6,3.8,91.6,5.3,Low Risk,85.0,Monitor,Low,No action threshold triggered; continue monitoring.
P1254,JioMart,Watsons,Oral Care,Dental Floss,<500,Out of Stock / 0,11.2,22.0,12.6,2.5,4.6,95.9,5.3,Low Risk,89.4,Monitor,Low,No action threshold triggered; continue monitoring.
P0763,JioMart,Sasi,Lip,Lip Care,<500,Medium / 6-15,9.3,18.4,12.5,5.1,3.9,95.1,5.3,Low Risk,89.2,Monitor,Low,No action threshold triggered; continue monitoring.
P1033,JioMart,Sunsilk,Hair Care,Hair Conditioner & Treatment,<500,Out of Stock / 0,8.6,16.9,12.4,5.5,3.5,97.2,5.3,Low Risk,88.7,Monitor,Low,No action threshold triggered; continue monitoring.
P0257,JioMart,Dove,Hair Care,General Product,<500,Low / 3-5,8.5,18.8,12.4,5.6,3.9,93.8,5.3,Low Risk,88.0,Monitor,Low,No action threshold triggered; continue monitoring.
P1035,JioMart,Sunsilk,Hair Care,Shampoo,<500,High / 16-50,7.9,19.6,12.6,5.2,3.8,98.4,5.3,Low Risk,89.3,Monitor,Low,No action threshold triggered; continue monitoring.
P1032,JioMart,Sunsilk,Hair Care,Shampoo,<500,High / 16-50,7.8,19.2,12.6,2.4,3.6,99.3,5.3,Low Risk,91.1,Monitor,Low,No action threshold triggered; continue monitoring.
P1249,JioMart,Watsons,Oral Care,Floss Picks,<500,Out of Stock / 0,7.5,21.0,12.3,1.8,4.6,99.0,5.3,Low Risk,92.0,Monitor,Low,No action threshold triggered; continue monitoring.
P1080,Meesho,Tresemme,Hair Care,Hair Conditioner & Treatment,500-999,Medium / 6-15,28.8,29.2,12.8,2.3,3.6,95.1,5.2,Low Risk,90.1,Monitor,Low,No action threshold triggered; continue monitoring.
P0042,Meesho,Axe,Body Care,Deodorant & Body Spray,500-999,Out of Stock / 0,27.3,27.6,12.8,2.8,3.9,94.5,5.2,Low Risk,89.7,Monitor,Low,No action threshold triggered; continue monitoring.
P0218,JioMart,Colgate,Oral Care,Toothpaste,500-999,Out of Stock / 0,18.3,21.2,11.4,5.0,4.2,94.3,5.2,Low Risk,87.4,Monitor,Low,No action threshold triggered; continue monitoring.
P0605,JioMart,Pantene,Hair Care,Hair Conditioner & Treatment,500-999,Out of Stock / 0,17.4,17.1,11.8,7.1,4.1,91.3,5.2,Low Risk,86.1,Monitor,Low,No action threshold triggered; continue monitoring.
P0437,JioMart,L'Oreal Paris,Skin Care,Face Cleanser,500-999,Very High / 51+,16.6,20.2,11.2,5.3,4.7,93.9,5.2,Low Risk,86.4,Monitor,Low,No action threshold triggered; continue monitoring.
P0175,JioMart,Colgate,Oral Care,Toothpaste,500-999,Medium / 6-15,12.9,15.9,11.3,5.5,4.5,94.5,5.2,Low Risk,87.9,Monitor,Low,No action threshold triggered; continue monitoring.
P0598,JioMart,Pantene,Hair Care,General Product,<500,Out of Stock / 0,11.9,23.3,12.3,3.0,3.9,97.3,5.2,Low Risk,90.0,Monitor,Low,No action threshold triggered; continue monitoring.
P1114,JioMart,Vaseline,Body Care,Deodorant & Body Spray,500-999,Low / 3-5,11.8,16.5,11.4,5.8,4.2,96.0,5.2,Low Risk,87.8,Monitor,Low,No action threshold triggered; continue monitoring.
P0170,JioMart,Colgate,Oral Care,Toothpaste,<500,Low / 3-5,11.0,21.6,12.0,3.7,4.4,96.0,5.2,Low Risk,89.8,Monitor,Low,No action threshold triggered; continue monitoring.
P0212,JioMart,Colgate,Oral Care,Toothpaste,500-999,Out of Stock / 0,9.4,17.1,12.0,4.0,4.7,95.0,5.2,Low Risk,88.1,Monitor,Low,No action threshold triggered; continue monitoring.
P0595,JioMart,Pantene,Hair Care,Hair Conditioner & Treatment,<500,Out of Stock / 0,8.7,16.9,12.0,4.6,3.7,96.5,5.2,Low Risk,88.0,Monitor,Low,No action threshold triggered; continue monitoring.
P1003,JioMart,Snake Brand,Body Care,General Product,<500,Out of Stock / 0,7.9,17.3,11.8,3.6,4.1,98.3,5.2,Low Risk,89.5,Monitor,Low,No action threshold triggered; continue monitoring.
P0531,JioMart,NEXCARE,Skin Care,General Product,<500,Medium / 6-15,7.7,15.1,12.0,5.3,4.5,95.5,5.2,Low Risk,89.7,Monitor,Low,No action threshold triggered; continue monitoring.
P1071,JioMart,Tiger Balm,Health & Wellness,Herbal Inhaler,<500,High / 16-50,6.7,18.8,12.6,0.7,4.1,101.6,5.2,Low Risk,93.2,Monitor,Low,No action threshold triggered; continue monitoring.
P0932,JioMart,SHIVAMAX,Electronics & Travel Accessories,Travel Adapter,<500,Very High / 51+,6.0,19.6,12.7,0.5,4.1,100.5,5.2,Low Risk,92.0,Monitor,Low,No action threshold triggered; continue monitoring.
P0679,JioMart,Poy Sian,Health & Wellness,Herbal Inhaler,<500,Medium / 6-15,5.8,14.1,11.9,3.9,3.6,98.9,5.2,Low Risk,88.7,Monitor,Low,No action threshold triggered; continue monitoring.
P0235,JioMart,Counterpain,Health & Wellness,Pain Relief,500-999,Low / 3-5,22.1,24.3,11.7,6.3,3.5,92.3,5.1,Low Risk,87.0,Monitor,Low,No action threshold triggered; continue monitoring.
P1146,JioMart,Vaseline,Body Care,General Product,500-999,Out of Stock / 0,20.6,20.4,11.4,4.6,3.8,94.4,5.1,Low Risk,88.2,Monitor,Low,No action threshold triggered; continue monitoring.
P0543,JioMart,Ora2,Oral Care,Toothpaste,500-999,Out of Stock / 0,19.7,19.2,11.4,5.0,4.0,93.3,5.1,Low Risk,86.1,Monitor,Low,No action threshold triggered; continue monitoring.
P0744,JioMart,Rexona,Body Care,Deodorant & Body Spray,500-999,Out of Stock / 0,18.0,22.0,11.4,5.2,3.7,94.1,5.1,Low Risk,86.9,Monitor,Low,No action threshold triggered; continue monitoring.
P0753,JioMart,Rexona,Body Care,Deodorant & Body Spray,500-999,Out of Stock / 0,17.9,22.2,11.4,4.7,4.4,94.6,5.1,Low Risk,87.5,Monitor,Low,No action threshold triggered; continue monitoring.
P1042,JioMart,Sunsilk,Hair Care,Hair Conditioner & Treatment,500-999,Out of Stock / 0,17.7,17.6,11.5,6.0,3.9,93.0,5.1,Low Risk,86.9,Monitor,Low,No action threshold triggered; continue monitoring.
P1039,JioMart,Sunsilk,Hair Care,Hair Conditioner & Treatment,<500,Out of Stock / 0,11.1,23.1,12.0,1.1,4.6,98.7,5.1,Low Risk,92.0,Monitor,Low,No action threshold triggered; continue monitoring.
P0944,JioMart,SHIVAMAX,Health & Wellness,Herbal Inhaler,<500,Out of Stock / 0,11.1,22.0,12.1,3.6,4.3,97.7,5.1,Low Risk,91.7,Monitor,Low,No action threshold triggered; continue monitoring.
P0557,JioMart,Oral-B,Oral Care,Dental Floss,<500,High / 16-50,9.7,20.0,11.9,3.5,3.9,98.0,5.1,Low Risk,89.7,Monitor,Low,No action threshold triggered; continue monitoring.
P0225,JioMart,Colgate,Oral Care,Toothpaste,<500,Out of Stock / 0,8.9,18.6,11.9,3.8,4.1,97.9,5.1,Low Risk,90.7,Monitor,Low,No action threshold triggered; continue monitoring.
P1112,JioMart,Vaseline,Body Care,Deodorant & Body Spray,<500,Very Low / 1-2,8.7,16.9,12.1,2.4,4.1,98.7,5.1,Low Risk,90.5,Monitor,Low,No action threshold triggered; continue monitoring.
P0720,JioMart,Protex,Body Care,General Product,<500,Very Low / 1-2,8.2,20.2,12.1,2.1,3.9,99.8,5.1,Low Risk,91.3,Monitor,Low,No action threshold triggered; continue monitoring.
P0581,JioMart,Pantene,Hair Care,Hair Conditioner & Treatment,500-999,Very Low / 1-2,24.6,24.1,11.1,5.3,3.9,94.4,5.0,Low Risk,87.5,Monitor,Low,No action threshold triggered; continue monitoring.
P0906,JioMart,SHIVAMAX,Hair Care,Hair Conditioner & Treatment,500-999,Out of Stock / 0,22.6,22.4,11.1,4.3,4.5,94.0,5.0,Low Risk,87.4,Monitor,Low,No action threshold triggered; continue monitoring.
P0553,JioMart,Oral-B,Oral Care,Toothpaste,500-999,Medium / 6-15,21.5,21.2,11.3,4.3,4.3,94.7,5.0,Low Risk,88.0,Monitor,Low,No action threshold triggered; continue monitoring.
P0586,JioMart,Pantene,Hair Care,General Product,500-999,Medium / 6-15,21.4,21.0,11.7,5.1,4.1,93.3,5.0,Low Risk,88.6,Monitor,Low,No action threshold triggered; continue monitoring.
P0795,JioMart,Senka,Skin Care,Face Cleanser,500-999,Out of Stock / 0,21.2,20.8,11.3,5.1,4.0,93.7,5.0,Low Risk,87.6,Monitor,Low,No action threshold triggered; continue monitoring.
P0263,JioMart,Dove,Hair Care,Hair Conditioner & Treatment,500-999,Medium / 6-15,21.0,20.6,10.9,5.3,3.9,92.8,5.0,Low Risk,86.3,Monitor,Low,No action threshold triggered; continue monitoring.
P0230,JioMart,Counterpain,Health & Wellness,Pain Relief,500-999,Out of Stock / 0,19.2,18.8,11.2,4.4,4.5,93.9,5.0,Low Risk,87.7,Monitor,Low,No action threshold triggered; continue monitoring.
P0609,JioMart,Pantene,Hair Care,Hair Conditioner & Treatment,500-999,Out of Stock / 0,18.8,18.4,11.6,4.6,3.9,93.5,5.0,Low Risk,87.6,Monitor,Low,No action threshold triggered; continue monitoring.
P0617,JioMart,Pantene,Hair Care,Hair Conditioner & Treatment,500-999,Out of Stock / 0,17.9,17.6,11.7,3.7,3.5,94.0,5.0,Low Risk,88.0,Monitor,Low,No action threshold triggered; continue monitoring.
P0781,JioMart,Senka,Skin Care,Face Cleanser,500-999,Out of Stock / 0,16.9,16.5,11.5,10.0,3.0,89.9,5.0,Low Risk,88.0,Refund Review,High,Meaningful sales-index product with elevated refund percentage.
P0563,JioMart,Oral-B,Oral Care,Toothpaste,500-999,Out of Stock / 0,16.7,20.6,11.3,4.0,4.0,95.9,5.0,Low Risk,88.2,Monitor,Low,No action threshold triggered; continue monitoring.
P0264,JioMart,Dove,Body Care,Deodorant & Body Spray,500-999,High / 16-50,14.8,18.6,11.5,4.7,3.7,95.1,5.0,Low Risk,88.7,Monitor,Low,No action threshold triggered; continue monitoring.
P0246,JioMart,Dove,Body Care,Deodorant & Body Spray,500-999,Medium / 6-15,14.2,18.4,11.4,2.7,4.0,97.1,5.0,Low Risk,89.7,Monitor,Low,No action threshold triggered; continue monitoring.
P0555,JioMart,Oral-B,Oral Care,Dental Floss,<500,Medium / 6-15,12.4,24.3,11.7,2.4,4.0,98.3,5.0,Low Risk,91.1,Monitor,Low,No action threshold triggered; continue monitoring.
P0271,JioMart,Dove,Hair Care,General Product,<500,Out of Stock / 0,11.5,22.7,11.7,2.9,3.9,97.8,5.0,Low Risk,90.9,Monitor,Low,No action threshold triggered; continue monitoring.
P0476,JioMart,Listerine,Oral Care,Mouthwash,500-999,Out of Stock / 0,10.7,19.4,11.7,2.6,4.1,98.5,5.0,Low Risk,91.9,Monitor,Low,No action threshold triggered; continue monitoring.
P0758,JioMart,Sasi,Lip,Sunscreen,<500,Very Low / 1-2,10.0,19.6,12.2,1.0,3.9,100.0,5.0,Low Risk,92.5,Monitor,Low,No action threshold triggered; continue monitoring.
P1099,JioMart,Tros,Body Care,Deodorant & Body Spray,<500,Out of Stock / 0,9.7,19.4,12.3,2.9,2.8,100.1,5.0,Low Risk,92.0,Monitor,Low,No action threshold triggered; continue monitoring.
P1190,JioMart,Watsons,Oral Care,Dental Floss,<500,Low / 3-5,9.3,17.3,11.9,1.3,4.1,98.9,5.0,Low Risk,91.1,Monitor,Low,No action threshold triggered; continue monitoring.
P1100,JioMart,Tros,Body Care,Deodorant & Body Spray,<500,Very Low / 1-2,9.0,17.8,11.6,2.6,3.3,100.0,5.0,Low Risk,90.8,Monitor,Low,No action threshold triggered; continue monitoring.
P0705,JioMart,Protex,Body Care,General Product,<500,Very Low / 1-2,8.9,19.6,11.7,1.8,3.7,99.4,5.0,Low Risk,91.9,Monitor,Low,No action threshold triggered; continue monitoring.
P0041,JioMart,Axe,Body Care,Deodorant & Body Spray,500-999,Out of Stock / 0,21.8,21.4,11.0,4.4,4.6,93.4,4.9,Low Risk,88.0,Monitor,Low,No action threshold triggered; continue monitoring.
P1105,JioMart,Vaseline,Body Care,Body Wash,500-999,Low / 3-5,21.5,21.2,11.5,4.3,4.0,95.6,4.9,Low Risk,90.0,Monitor,Low,No action threshold triggered; continue monitoring.
P0594,JioMart,Pantene,Hair Care,Hair Conditioner & Treatment,500-999,Out of Stock / 0,21.4,21.0,11.1,3.6,3.9,95.2,4.9,Low Risk,88.7,Monitor,Low,No action threshold triggered; continue monitoring.
P1044,JioMart,Sunsilk,Hair Care,Hair Conditioner & Treatment,500-999,Out of Stock / 0,21.1,21.2,11.4,4.5,3.7,94.8,4.9,Low Risk,89.0,Monitor,Low,No action threshold triggered; continue monitoring.
P0554,JioMart,Oral-B,Oral Care,Dental Floss,500-999,Low / 3-5,19.3,18.8,11.1,3.3,4.4,95.9,4.9,Low Risk,89.3,Monitor,Low,No action threshold triggered; continue monitoring.
P0022,JioMart,Ambi Pur,Home & Kitchen,Air Freshener,500-999,Low / 3-5,18.9,18.8,11.0,3.2,4.4,96.0,4.9,Low Risk,89.0,Monitor,Low,No action threshold triggered; continue monitoring.
P0548,JioMart,Oral-B,Oral Care,Toothpaste,500-999,Medium / 6-15,18.8,19.4,11.3,2.8,3.7,96.1,4.9,Low Risk,89.6,Monitor,Low,No action threshold triggered; continue monitoring.
P0260,JioMart,Dove,Hair Care,Hair Conditioner & Treatment,500-999,Low / 3-5,18.8,18.4,11.3,4.5,4.1,94.7,4.9,Low Risk,88.0,Monitor,Low,No action threshold triggered; continue monitoring.
P0562,JioMart,Oral-B,Oral Care,Toothpaste,500-999,Out of Stock / 0,18.8,18.4,11.2,2.4,4.2,96.8,4.9,Low Risk,90.5,Monitor,Low,No action threshold triggered; continue monitoring.
P0602,JioMart,Pantene,Hair Care,Hair Conditioner & Treatment,500-999,Out of Stock / 0,18.3,18.0,11.0,4.3,3.8,94.9,4.9,Low Risk,88.0,Monitor,Low,No action threshold triggered; continue monitoring.
P1156,JioMart,Vaseline,Body Care,Body Lotion,500-999,Out of Stock / 0,18.0,17.8,11.2,5.1,4.2,93.5,4.9,Low Risk,88.5,Monitor,Low,No action threshold triggered; continue monitoring.
P0590,JioMart,Pantene,Hair Care,Hair Conditioner & Treatment,500-999,Out of Stock / 0,18.0,17.6,10.8,7.0,3.5,92.9,4.9,Low Risk,87.0,Monitor,Low,No action threshold triggered; continue monitoring.
P1120,JioMart,Vaseline,Skin Care,Body Scrub,500-999,Very Low / 1-2,17.4,21.4,11.5,2.6,4.0,96.5,4.9,Low Risk,90.7,Monitor,Low,No action threshold triggered; continue monitoring.
P1107,JioMart,Vaseline,Body Care,General Product,500-999,Very Low / 1-2,15.2,21.4,11.5,1.8,4.2,97.1,4.9,Low Risk,90.8,Monitor,Low,No action threshold triggered; continue monitoring.
P1176,JioMart,Wangprom,Health & Wellness,General Product,500-999,Out of Stock / 0,14.4,21.8,11.5,3.2,4.0,96.4,4.9,Low Risk,89.8,Monitor,Low,No action threshold triggered; continue monitoring.
P1150,JioMart,Vaseline,Body Care,Deodorant & Body Spray,500-999,Out of Stock / 0,14.3,20.0,11.4,3.3,3.8,95.5,4.9,Low Risk,89.1,Monitor,Low,No action threshold triggered; continue monitoring.
P0931,JioMart,SHIVAMAX,Electronics & Travel Accessories,General Product,<500,Out of Stock / 0,11.1,18.2,11.8,4.7,3.3,94.9,4.9,Low Risk,89.2,Monitor,Low,No action threshold triggered; continue monitoring.
P1248,JioMart,Watsons,Skin Care,Lip Care,<500,Out of Stock / 0,9.5,18.8,11.8,2.6,3.9,100.6,4.9,Low Risk,93.1,Monitor,Low,No action threshold triggered; continue monitoring.
P0279,JioMart,Dove,Body Care,General Product,500-999,Out of Stock / 0,23.4,23.1,10.9,2.4,4.6,95.4,4.8,Low Risk,89.4,Monitor,Low,No action threshold triggered; continue monitoring.
P0042,JioMart,Axe,Body Care,Deodorant & Body Spray,500-999,Out of Stock / 0,21.6,21.2,11.1,3.2,3.7,96.7,4.8,Low Risk,91.0,Monitor,Low,No action threshold triggered; continue monitoring.
P0529,JioMart,NEXCARE,Skin Care,General Product,500-999,Medium / 6-15,20.5,20.0,11.1,7.0,3.8,92.8,4.8,Low Risk,89.3,Monitor,Low,No action threshold triggered; continue monitoring.
P0777,JioMart,Senka,Skin Care,Face Cleanser,500-999,Low / 3-5,20.4,20.2,10.9,2.7,3.7,98.7,4.8,Low Risk,91.1,Monitor,Low,No action threshold triggered; continue monitoring.
P1131,JioMart,Vaseline,Skin Care,Sunscreen,500-999,Out of Stock / 0,20.1,19.8,11.0,3.6,3.9,94.1,4.8,Low Risk,88.7,Monitor,Low,No action threshold triggered; continue monitoring.
P0342,JioMart,Fino,Hair Care,Hair Conditioner & Treatment,500-999,Out of Stock / 0,19.6,19.2,11.1,4.0,5.5,93.5,4.8,Low Risk,90.0,Monitor,Low,No action threshold triggered; continue monitoring.
P0610,JioMart,Pantene,Hair Care,Hair Oil & Serum,500-999,Out of Stock / 0,19.4,19.2,11.0,3.6,4.5,95.3,4.8,Low Risk,89.5,Monitor,Low,No action threshold triggered; continue monitoring.
P0813,JioMart,Sensodyne,Oral Care,Toothpaste,500-999,Out of Stock / 0,19.2,18.8,11.1,3.2,3.5,95.8,4.8,Low Risk,89.5,Monitor,Low,No action threshold triggered; continue monitoring.
P0488,JioMart,Listerine,Oral Care,Mouthwash,500-999,Out of Stock / 0,18.5,18.2,11.2,2.3,4.9,94.1,4.8,Low Risk,89.2,Monitor,Low,No action threshold triggered; continue monitoring.
P1237,JioMart,Watsons,Oral Care,Interdental Brush,500-999,Out of Stock / 0,17.8,19.4,11.0,2.3,3.7,96.0,4.8,Low Risk,89.6,Monitor,Low,No action threshold triggered; continue monitoring.
P0566,JioMart,Pantene,Hair Care,Shampoo,500-999,Very Low / 1-2,17.6,18.2,11.0,4.9,3.6,95.0,4.8,Low Risk,88.2,Monitor,Low,No action threshold triggered; continue monitoring.
P0783,JioMart,Senka,Skin Care,Face Cleanser,500-999,Out of Stock / 0,16.0,15.5,11.4,3.9,4.0,96.5,4.8,Low Risk,91.2,Monitor,Low,No action threshold triggered; continue monitoring.
P1080,JioMart,Tresemme,Hair Care,Hair Conditioner & Treatment,500-999,Medium / 6-15,15.8,15.5,11.1,2.0,4.1,97.4,4.8,Low Risk,91.3,Monitor,Low,No action threshold triggered; continue monitoring.
P1162,JioMart,Vita Keratin,Hair Care,General Product,500-999,Out of Stock / 0,15.5,16.1,11.3,2.3,4.4,95.9,4.8,Low Risk,91.9,Monitor,Low,No action threshold triggered; continue monitoring.
P1067,JioMart,Tiger Balm,Health & Wellness,Pain Relief,500-999,Medium / 6-15,13.5,14.7,11.3,3.3,3.9,96.6,4.8,Low Risk,90.6,Monitor,Low,No action threshold triggered; continue monitoring.
P0308,JioMart,Dove,Hair Care,General Product,<500,Out of Stock / 0,10.8,21.4,11.9,0.0,4.1,99.0,4.8,Low Risk,93.6,Monitor,Low,No action threshold triggered; continue monitoring.
P0252,JioMart,Dove,Hair Care,Hair Conditioner & Treatment,500-999,Low / 3-5,24.8,24.3,10.8,1.7,4.2,96.2,4.7,Low Risk,90.1,Monitor,Low,No action threshold triggered; continue monitoring.
P1043,JioMart,Sunsilk,Hair Care,Hair Conditioner & Treatment,500-999,Out of Stock / 0,21.8,22.4,11.0,4.0,4.0,95.1,4.7,Low Risk,90.3,Monitor,Low,No action threshold triggered; continue monitoring.
P1069,JioMart,Tiger Balm,Health & Wellness,Pain Relief,500-999,Medium / 6-15,20.8,22.9,11.4,1.6,3.1,98.6,4.7,Low Risk,92.4,Monitor,Low,No action threshold triggered; continue monitoring.
P1048,JioMart,Sunsilk,Hair Care,Hair Conditioner & Treatment,500-999,Out of Stock / 0,20.5,20.2,11.4,1.6,3.5,97.3,4.7,Low Risk,91.2,Monitor,Low,No action threshold triggered; continue monitoring.
P0168,JioMart,Colgate,Oral Care,Toothpaste,500-999,Low / 3-5,20.5,20.0,11.1,2.9,3.9,96.9,4.7,Low Risk,90.2,Monitor,Low,No action threshold triggered; continue monitoring.
P0546,JioMart,Ora2,Oral Care,Toothpaste,500-999,Out of Stock / 0,19.8,19.6,11.0,0.9,4.0,96.9,4.7,Low Risk,91.3,Monitor,Low,No action threshold triggered; continue monitoring.
P0573,JioMart,Pantene,Hair Care,Shampoo,500-999,Very Low / 1-2,17.0,16.7,11.4,2.6,4.2,94.4,4.7,Low Risk,91.0,Monitor,Low,No action threshold triggered; continue monitoring.
P1075,JioMart,Tresemme,Hair Care,Shampoo,500-999,Very Low / 1-2,15.7,15.5,11.2,3.6,3.4,95.3,4.7,Low Risk,89.9,Monitor,Low,No action threshold triggered; continue monitoring.
P0528,JioMart,NEXCARE,Skin Care,General Product,500-999,Out of Stock / 0,15.1,19.8,11.2,1.4,4.2,97.4,4.7,Low Risk,91.6,Monitor,Low,No action threshold triggered; continue monitoring.
P0547,JioMart,Oral-B,Oral Care,Dental Floss,500-999,Low / 3-5,21.9,21.6,11.0,1.8,3.6,97.4,4.6,Low Risk,92.7,Monitor,Low,No action threshold triggered; continue monitoring.
P0604,JioMart,Pantene,Hair Care,Hair Conditioner & Treatment,500-999,Out of Stock / 0,20.9,21.6,10.7,1.3,5.0,97.0,4.6,Low Risk,91.3,Monitor,Low,No action threshold triggered; continue monitoring.
P0565,JioMart,Pair,Skin Care,General Product,500-999,Out of Stock / 0,18.2,19.0,11.0,0.9,4.3,97.7,4.6,Low Risk,92.4,Monitor,Low,No action threshold triggered; continue monitoring.
P1121,JioMart,Vaseline,Body Care,Body Wash,500-999,Very Low / 1-2,16.4,16.1,11.1,1.8,3.7,98.0,4.6,Low Risk,91.9,Monitor,Low,No action threshold triggered; continue monitoring.
P0156,JioMart,Colgate,Oral Care,Toothpaste,500-999,Very High / 51+,17.3,19.0,11.1,0.0,4.2,97.6,4.5,Low Risk,93.1,Monitor,Low,No action threshold triggered; continue monitoring.
P0927,Website,SHIVAMAX,Home & Kitchen,Adhesive Hooks,<500,Medium / 6-15,5.7,22.4,8.4,8.9,4.4,107.0,4.5,Low Risk,88.0,Monitor,Low,No action threshold triggered; continue monitoring.
P0029,JioMart,Axe,Body Care,Deodorant & Body Spray,500-999,Very Low / 1-2,18.5,18.0,10.7,0.0,3.2,99.8,4.2,Low Risk,94.8,Monitor,Low,No action threshold triggered; continue monitoring.
P0917,Website,SHIVAMAX,Home & Kitchen,Adhesive Hooks,<500,Low / 3-5,7.4,24.1,7.8,6.4,3.9,105.8,4.1,Low Risk,90.5,Monitor,Low,No action threshold triggered; continue monitoring.
P1072,Website,Tiger Balm,Health & Wellness,Herbal Inhaler,<500,High / 16-50,6.9,19.2,7.5,8.7,4.5,102.5,4.1,Low Risk,88.8,Monitor,Low,No action threshold triggered; continue monitoring.
P0679,Website,Poy Sian,Health & Wellness,Herbal Inhaler,<500,Medium / 6-15,7.1,17.1,7.3,9.7,3.9,99.7,4.0,Low Risk,87.6,Monitor,Low,No action threshold triggered; continue monitoring.
P0915,Website,SHIVAMAX,Health & Wellness,Herbal Inhaler,<500,Medium / 6-15,6.4,21.0,7.7,6.1,4.3,105.3,4.0,Low Risk,91.3,Monitor,Low,No action threshold triggered; continue monitoring.
P0690,Website,Protex,Body Care,General Product,<500,Very Low / 1-2,5.6,13.5,6.6,10.7,3.1,104.0,4.0,Low Risk,86.0,Monitor,Low,No action threshold triggered; continue monitoring.
P0536,Website,NOVOLIFE,Health & Wellness,Herbal Inhaler,<500,Very Low / 1-2,6.9,22.2,7.0,8.5,3.8,102.3,3.9,Low Risk,88.4,Monitor,Low,No action threshold triggered; continue monitoring.
P1200,Website,Watsons,Oral Care,Dental Floss,<500,Low / 3-5,6.3,17.6,7.1,4.9,3.8,106.5,3.9,Low Risk,90.9,Monitor,Low,No action threshold triggered; continue monitoring.
P1041,Website,Sunsilk,Hair Care,Shampoo,<500,Out of Stock / 0,9.2,22.7,6.9,8.0,4.2,103.2,3.8,Low Risk,89.4,Monitor,Low,No action threshold triggered; continue monitoring.
P0427,Website,Kaowmanee,Skin Care,General Product,<500,Out of Stock / 0,7.7,20.8,7.0,7.0,3.9,103.1,3.8,Low Risk,89.4,Monitor,Low,No action threshold triggered; continue monitoring.
P1251,Website,Watsons,Oral Care,Floss Picks,<500,Out of Stock / 0,7.3,20.2,6.9,5.3,4.6,104.9,3.8,Low Risk,91.4,Monitor,Low,No action threshold triggered; continue monitoring.
P1071,Website,Tiger Balm,Health & Wellness,Herbal Inhaler,<500,High / 16-50,6.3,17.6,7.7,7.2,3.5,105.6,3.8,Low Risk,90.5,Monitor,Low,No action threshold triggered; continue monitoring.
P1249,Website,Watsons,Oral Care,Floss Picks,<500,Out of Stock / 0,6.0,16.7,7.1,5.6,4.7,106.8,3.8,Low Risk,92.4,Monitor,Low,No action threshold triggered; continue monitoring.
P0529,Website,NEXCARE,Skin Care,General Product,500-999,Medium / 6-15,23.1,22.4,5.6,8.2,4.5,97.2,3.7,Low Risk,87.0,Monitor,Low,No action threshold triggered; continue monitoring.
P1185,Website,Watsons,Oral Care,Floss Picks,<500,Low / 3-5,10.3,19.2,6.3,9.0,3.9,100.6,3.7,Low Risk,88.4,Monitor,Low,No action threshold triggered; continue monitoring.
P0777,Website,Senka,Skin Care,Face Cleanser,500-999,Low / 3-5,20.1,19.4,5.6,9.2,3.6,97.6,3.6,Low Risk,86.3,Monitor,Low,No action threshold triggered; continue monitoring.
P0590,Website,Pantene,Hair Care,Hair Conditioner & Treatment,500-999,Out of Stock / 0,18.9,18.4,5.3,8.1,4.1,98.8,3.6,Low Risk,87.2,Monitor,Low,No action threshold triggered; continue monitoring.
P0476,Website,Listerine,Oral Care,Mouthwash,500-999,Out of Stock / 0,11.2,20.0,6.0,9.3,4.4,99.1,3.6,Low Risk,89.5,Monitor,Low,No action threshold triggered; continue monitoring.
P0890,Website,SHIVAMAX,Health & Wellness,Herbal Inhaler,<500,Medium / 6-15,9.8,19.0,6.0,9.2,4.9,100.0,3.6,Low Risk,89.1,Monitor,Low,No action threshold triggered; continue monitoring.
P0270,Website,Dove,Hair Care,Hair Oil & Serum,<500,Very High / 51+,9.4,18.4,6.5,7.3,4.4,102.9,3.6,Low Risk,91.8,Monitor,Low,No action threshold triggered; continue monitoring.
P0475,Website,Listerine,Oral Care,Mouthwash,<500,Low / 3-5,7.7,18.8,6.7,6.3,4.2,105.7,3.6,Low Risk,92.0,Monitor,Low,No action threshold triggered; continue monitoring.
P1026,Website,Sunsilk,Hair Care,Hair Conditioner & Treatment,<500,Low / 3-5,7.0,17.6,6.4,8.6,3.9,102.7,3.6,Low Risk,90.3,Monitor,Low,No action threshold triggered; continue monitoring.
P1214,Website,Watsons,Oral Care,Floss Picks,<500,Very Low / 1-2,6.6,18.4,6.6,4.5,4.1,108.1,3.6,Low Risk,92.5,Monitor,Low,No action threshold triggered; continue monitoring.
P0528,Website,NEXCARE,Skin Care,General Product,500-999,Out of Stock / 0,16.1,21.0,6.1,10.1,4.7,96.9,3.5,Low Risk,89.9,Refund Review,High,Meaningful sales-index product with elevated refund percentage.
P0931,Website,SHIVAMAX,Electronics & Travel Accessories,General Product,<500,Out of Stock / 0,12.1,19.8,5.8,5.2,4.0,104.0,3.5,Low Risk,90.7,Monitor,Low,No action threshold triggered; continue monitoring.
P1196,Website,Watsons,Oral Care,Floss Picks,<500,Very Low / 1-2,12.0,22.2,6.1,5.0,4.5,104.2,3.5,Low Risk,91.9,Monitor,Low,No action threshold triggered; continue monitoring.
P1248,Website,Watsons,Skin Care,Lip Care,<500,Out of Stock / 0,11.2,22.0,6.2,5.9,3.9,104.8,3.5,Low Risk,91.6,Monitor,Low,No action threshold triggered; continue monitoring.
P0758,Website,Sasi,Lip,Sunscreen,<500,Very Low / 1-2,10.7,21.0,6.4,4.9,4.6,104.1,3.5,Low Risk,92.2,Monitor,Low,No action threshold triggered; continue monitoring.
P0225,Website,Colgate,Oral Care,Toothpaste,<500,Out of Stock / 0,9.9,20.6,6.4,6.1,4.1,103.6,3.5,Low Risk,92.0,Monitor,Low,No action threshold triggered; continue monitoring.
P0944,Website,SHIVAMAX,Health & Wellness,Herbal Inhaler,<500,Out of Stock / 0,9.7,19.0,6.5,5.0,4.5,104.4,3.5,Low Risk,92.6,Monitor,Low,No action threshold triggered; continue monitoring.
P0557,Website,Oral-B,Oral Care,Dental Floss,<500,High / 16-50,9.5,19.4,6.2,6.9,4.6,101.8,3.5,Low Risk,91.0,Monitor,Low,No action threshold triggered; continue monitoring.
P0770,Website,Sasi,Skin Care,General Product,<500,Medium / 6-15,7.8,16.9,6.4,3.9,4.2,105.6,3.5,Low Risk,92.2,Monitor,Low,No action threshold triggered; continue monitoring.
P0342,Website,Fino,Hair Care,Hair Conditioner & Treatment,500-999,Out of Stock / 0,20.3,19.8,5.5,7.9,3.6,98.8,3.4,Low Risk,88.9,Monitor,Low,No action threshold triggered; continue monitoring.
P0753,Website,Rexona,Body Care,Deodorant & Body Spray,500-999,Out of Stock / 0,16.9,20.6,5.6,6.5,4.1,101.2,3.4,Low Risk,90.5,Monitor,Low,No action threshold triggered; continue monitoring.
P0170,Website,Colgate,Oral Care,Toothpaste,<500,Low / 3-5,10.6,20.8,6.5,6.1,4.2,103.3,3.4,Low Risk,92.4,Monitor,Low,No action threshold triggered; continue monitoring.
P1039,Website,Sunsilk,Hair Care,Hair Conditioner & Treatment,<500,Out of Stock / 0,8.9,18.2,6.2,5.9,4.5,102.5,3.4,Low Risk,90.7,Monitor,Low,No action threshold triggered; continue monitoring.
P0531,Website,NEXCARE,Skin Care,General Product,<500,Medium / 6-15,8.9,17.3,6.1,3.5,4.7,104.8,3.4,Low Risk,93.5,Monitor,Low,No action threshold triggered; continue monitoring.
P1029,Website,Sunsilk,Hair Care,Shampoo,<500,High / 16-50,7.1,17.1,6.7,2.1,4.0,108.8,3.4,Low Risk,94.7,Monitor,Low,No action threshold triggered; continue monitoring.
P1070,Website,Tiger Balm,Health & Wellness,Herbal Inhaler,<500,Medium / 6-15,6.5,18.0,6.4,5.3,4.1,108.0,3.4,Low Risk,92.9,Monitor,Low,No action threshold triggered; continue monitoring.
P0889,Website,SHIVAMAX,Health & Wellness,Herbal Inhaler,<500,Very High / 51+,5.9,19.2,7.0,6.5,4.4,107.2,3.4,Low Risk,93.5,Monitor,Low,No action threshold triggered; continue monitoring.
P0609,Website,Pantene,Hair Care,Hair Conditioner & Treatment,500-999,Out of Stock / 0,23.2,22.7,5.1,6.0,4.6,99.8,3.3,Low Risk,89.9,Monitor,Low,No action threshold triggered; continue monitoring.
P0547,Website,Oral-B,Oral Care,Dental Floss,500-999,Low / 3-5,22.6,21.8,5.3,6.5,4.2,99.7,3.3,Low Risk,90.4,Monitor,Low,No action threshold triggered; continue monitoring.
P1109,Website,Vaseline,Body Care,Body Wash,500-999,Very Low / 1-2,21.3,20.6,5.0,8.1,4.4,98.5,3.3,Low Risk,89.2,Monitor,Low,No action threshold triggered; continue monitoring.
P0562,Website,Oral-B,Oral Care,Toothpaste,500-999,Out of Stock / 0,19.5,19.0,5.5,4.1,4.6,101.2,3.3,Low Risk,90.9,Monitor,Low,No action threshold triggered; continue monitoring.
P1176,Website,Wangprom,Health & Wellness,General Product,500-999,Out of Stock / 0,13.7,20.6,6.0,5.9,3.8,101.6,3.3,Low Risk,91.1,Monitor,Low,No action threshold triggered; continue monitoring.
P0259,Website,Dove,Hair Care,General Product,<500,Very High / 51+,9.7,19.8,5.8,4.5,3.7,105.3,3.3,Low Risk,92.2,Monitor,Low,No action threshold triggered; continue monitoring.
P0595,Website,Pantene,Hair Care,Hair Conditioner & Treatment,<500,Out of Stock / 0,9.6,18.6,5.7,6.1,4.1,103.8,3.3,Low Risk,91.2,Monitor,Low,No action threshold triggered; continue monitoring.
P0257,Website,Dove,Hair Care,General Product,<500,Low / 3-5,9.4,20.4,6.1,4.9,4.6,104.4,3.3,Low Risk,94.3,Monitor,Low,No action threshold triggered; continue monitoring.
P0840,Website,SHIVAMAX,Home & Kitchen,Adhesive Hooks,<500,Out of Stock / 0,9.1,18.0,6.5,4.2,4.4,105.1,3.3,Low Risk,93.7,Monitor,Low,No action threshold triggered; continue monitoring.
P0868,Website,SHIVAMAX,Home & Kitchen,General Product,<500,Medium / 6-15,8.0,18.2,6.6,3.3,3.7,109.6,3.3,Low Risk,94.0,Monitor,Low,No action threshold triggered; continue monitoring.
P0720,Website,Protex,Body Care,General Product,<500,Very Low / 1-2,7.9,19.4,6.5,3.1,4.1,108.4,3.3,Low Risk,94.2,Monitor,Low,No action threshold triggered; continue monitoring.
P1164,Website,Wangprom,Health & Wellness,Herbal Inhaler,<500,Out of Stock / 0,7.8,19.0,6.6,2.1,4.2,108.3,3.3,Low Risk,94.6,Monitor,Low,No action threshold triggered; continue monitoring.
P1038,Website,Sunsilk,Hair Care,Hair Conditioner & Treatment,<500,Out of Stock / 0,7.7,18.6,6.3,3.9,3.6,105.8,3.3,Low Risk,93.1,Monitor,Low,No action threshold triggered; continue monitoring.
P0252,Website,Dove,Hair Care,Hair Conditioner & Treatment,500-999,Low / 3-5,22.0,21.2,5.1,5.4,3.8,100.7,3.2,Low Risk,90.6,Monitor,Low,No action threshold triggered; continue monitoring.
P0543,Website,Ora2,Oral Care,Toothpaste,500-999,Out of Stock / 0,19.6,19.2,5.7,5.1,4.1,100.3,3.2,Low Risk,91.4,Monitor,Low,No action threshold triggered; continue monitoring.
P0343,Website,Fino,Hair Care,Hair Oil & Serum,1000-1499,Out of Stock / 0,18.0,18.6,5.5,5.1,4.3,100.8,3.2,Low Risk,91.5,Monitor,Low,No action threshold triggered; continue monitoring.
P1162,Website,Vita Keratin,Hair Care,General Product,500-999,Out of Stock / 0,18.0,18.4,5.6,5.7,4.3,99.1,3.2,Low Risk,91.2,Monitor,Low,No action threshold triggered; continue monitoring.
P1048,Website,Sunsilk,Hair Care,Hair Conditioner & Treatment,500-999,Out of Stock / 0,17.9,17.3,5.3,5.7,4.3,101.5,3.2,Low Risk,90.9,Monitor,Low,No action threshold triggered; continue monitoring.
P0308,Website,Dove,Hair Care,General Product,<500,Out of Stock / 0,10.0,19.4,6.3,1.6,4.4,105.1,3.2,Low Risk,95.8,Monitor,Low,No action threshold triggered; continue monitoring.
P1190,Website,Watsons,Oral Care,Dental Floss,<500,Low / 3-5,9.7,18.0,5.9,4.1,3.1,106.6,3.2,Low Risk,92.9,Monitor,Low,No action threshold triggered; continue monitoring.
P0271,Website,Dove,Hair Care,General Product,<500,Out of Stock / 0,9.2,18.0,6.0,2.0,4.2,107.5,3.2,Low Risk,94.9,Monitor,Low,No action threshold triggered; continue monitoring.
P0233,Website,Counterpain,Health & Wellness,Pain Relief,<500,Out of Stock / 0,9.0,19.6,6.2,4.6,4.4,105.9,3.2,Low Risk,94.4,Monitor,Low,No action threshold triggered; continue monitoring.
P0706,Website,Protex,Body Care,General Product,<500,Out of Stock / 0,7.5,16.1,5.9,3.4,4.1,107.5,3.2,Low Risk,92.8,Monitor,Low,No action threshold triggered; continue monitoring.
P0555,Website,Oral-B,Oral Care,Dental Floss,<500,Medium / 6-15,7.5,14.7,6.0,5.3,3.4,106.7,3.2,Low Risk,93.4,Monitor,Low,No action threshold triggered; continue monitoring.
P0932,Website,SHIVAMAX,Electronics & Travel Accessories,Travel Adapter,<500,Very High / 51+,5.3,17.3,6.5,1.1,4.9,112.4,3.2,Low Risk,97.3,Monitor,Low,No action threshold triggered; continue monitoring.
P1121,Website,Vaseline,Body Care,Body Wash,500-999,Very Low / 1-2,26.8,26.1,5.5,5.2,4.0,102.3,3.1,Low Risk,91.8,Monitor,Low,No action threshold triggered; continue monitoring.
P0594,Website,Pantene,Hair Care,Hair Conditioner & Treatment,500-999,Out of Stock / 0,24.2,23.9,5.2,4.8,3.9,100.5,3.1,Low Risk,91.4,Monitor,Low,No action threshold triggered; continue monitoring.
P0554,Website,Oral-B,Oral Care,Dental Floss,500-999,Low / 3-5,23.7,23.1,5.4,5.4,4.8,99.5,3.1,Low Risk,92.3,Monitor,Low,No action threshold triggered; continue monitoring.
P1105,Website,Vaseline,Body Care,Body Wash,500-999,Low / 3-5,22.3,21.8,5.2,3.9,4.3,102.6,3.1,Low Risk,93.0,Monitor,Low,No action threshold triggered; continue monitoring.
P1075,Website,Tresemme,Hair Care,Shampoo,500-999,Very Low / 1-2,21.4,20.8,5.4,4.2,4.4,103.0,3.1,Low Risk,92.7,Monitor,Low,No action threshold triggered; continue monitoring.
P0617,Website,Pantene,Hair Care,Hair Conditioner & Treatment,500-999,Out of Stock / 0,19.9,19.4,5.5,6.2,4.5,99.9,3.1,Low Risk,92.3,Monitor,Low,No action threshold triggered; continue monitoring.
P0235,Website,Counterpain,Health & Wellness,Pain Relief,500-999,Low / 3-5,19.0,20.6,5.3,4.8,4.8,102.8,3.1,Low Risk,92.7,Monitor,Low,No action threshold triggered; continue monitoring.
P0264,Website,Dove,Body Care,Deodorant & Body Spray,500-999,High / 16-50,18.0,22.4,5.3,5.6,4.0,102.4,3.1,Low Risk,91.6,Monitor,Low,No action threshold triggered; continue monitoring.
P0175,Website,Colgate,Oral Care,Toothpaste,500-999,Medium / 6-15,16.8,20.4,5.5,5.1,3.7,100.8,3.1,Low Risk,91.5,Monitor,Low,No action threshold triggered; continue monitoring.
P1067,Website,Tiger Balm,Health & Wellness,Pain Relief,500-999,Medium / 6-15,14.7,16.1,5.4,4.2,3.6,101.5,3.1,Low Risk,91.8,Monitor,Low,No action threshold triggered; continue monitoring.
P0437,Website,L'Oreal Paris,Skin Care,Face Cleanser,500-999,Very High / 51+,14.6,17.8,5.3,3.4,4.9,103.5,3.1,Low Risk,93.8,Monitor,Low,No action threshold triggered; continue monitoring.
P0246,Website,Dove,Body Care,Deodorant & Body Spray,500-999,Medium / 6-15,14.5,18.8,6.0,6.5,3.7,101.5,3.1,Low Risk,92.2,Monitor,Low,No action threshold triggered; continue monitoring.
P1003,Website,Snake Brand,Body Care,General Product,<500,Out of Stock / 0,11.2,24.3,6.0,2.0,4.4,108.2,3.1,Low Risk,95.6,Monitor,Low,No action threshold triggered; continue monitoring.
P0262,Website,Dove,Hair Care,Hair Oil & Serum,<500,Out of Stock / 0,10.5,20.4,5.8,4.0,4.2,105.7,3.1,Low Risk,94.2,Monitor,Low,No action threshold triggered; continue monitoring.
P1112,Website,Vaseline,Body Care,Deodorant & Body Spray,<500,Very Low / 1-2,9.4,18.0,5.9,5.0,3.6,105.2,3.1,Low Risk,94.1,Monitor,Low,No action threshold triggered; continue monitoring.
P1254,Website,Watsons,Oral Care,Dental Floss,<500,Out of Stock / 0,8.9,17.1,6.2,2.2,4.2,107.0,3.1,Low Risk,96.0,Monitor,Low,No action threshold triggered; continue monitoring.
P0261,Website,Dove,Hair Care,General Product,<500,Very High / 51+,8.5,16.5,6.1,3.7,4.1,105.9,3.1,Low Risk,94.2,Monitor,Low,No action threshold triggered; continue monitoring.
P1035,Website,Sunsilk,Hair Care,Shampoo,<500,High / 16-50,8.1,19.4,6.1,2.4,4.0,108.2,3.1,Low Risk,95.0,Monitor,Low,No action threshold triggered; continue monitoring.
P1052,Website,Sunsilk,Hair Care,Shampoo,<500,Out of Stock / 0,7.9,19.4,5.8,3.1,4.1,106.6,3.1,Low Risk,94.4,Monitor,Low,No action threshold triggered; continue monitoring.
P0253,Website,Dove,Hair Care,General Product,<500,Out of Stock / 0,7.8,15.3,6.0,5.6,3.2,103.8,3.1,Low Risk,92.6,Monitor,Low,No action threshold triggered; continue monitoring.
P0278,Website,Dove,Hair Care,Shampoo,<500,Out of Stock / 0,7.1,13.9,6.0,3.2,3.6,107.9,3.1,Low Risk,93.4,Monitor,Low,No action threshold triggered; continue monitoring.
P0922,Website,SHIVAMAX,Hair Care,Hair Conditioner & Treatment,500-999,Out of Stock / 0,22.5,22.2,5.3,4.3,3.9,102.1,3.0,Low Risk,92.2,Monitor,Low,No action threshold triggered; continue monitoring.
P1069,Website,Tiger Balm,Health & Wellness,Pain Relief,500-999,Medium / 6-15,19.8,21.4,5.2,4.8,4.3,100.5,3.0,Low Risk,92.9,Monitor,Low,No action threshold triggered; continue monitoring.
P0581,Website,Pantene,Hair Care,Hair Conditioner & Treatment,500-999,Very Low / 1-2,19.1,18.6,5.5,4.5,3.8,101.4,3.0,Low Risk,92.7,Monitor,Low,No action threshold triggered; continue monitoring.
P1043,Website,Sunsilk,Hair Care,Hair Conditioner & Treatment,500-999,Out of Stock / 0,19.0,19.4,5.4,4.9,3.3,102.4,3.0,Low Risk,91.9,Monitor,Low,No action threshold triggered; continue monitoring.
P1131,Website,Vaseline,Skin Care,Sunscreen,500-999,Out of Stock / 0,19.0,18.4,4.9,3.5,4.3,103.2,3.0,Low Risk,92.3,Monitor,Low,No action threshold triggered; continue monitoring.
P0797,Website,Sensodyne,Oral Care,Toothpaste,500-999,Low / 3-5,18.7,18.2,5.6,3.4,3.3,103.5,3.0,Low Risk,93.4,Monitor,Low,No action threshold triggered; continue monitoring.
P1085,Website,Tresemme,Hair Care,Hair Conditioner & Treatment,500-999,Medium / 6-15,16.5,16.9,5.2,5.3,4.3,100.7,3.0,Low Risk,91.9,Monitor,Low,No action threshold triggered; continue monitoring.
P1150,Website,Vaseline,Body Care,Deodorant & Body Spray,500-999,Out of Stock / 0,12.4,17.1,5.4,3.3,3.8,105.1,3.0,Low Risk,93.6,Monitor,Low,No action threshold triggered; continue monitoring.
P0082,Website,Biore,Skin Care,Sunscreen,500-999,Very High / 51+,11.9,15.7,5.2,3.2,5.7,102.6,3.0,Low Risk,94.7,Monitor,Low,No action threshold triggered; continue monitoring.
P0024,Website,AR,Skin Care,General Product,<500,Out of Stock / 0,11.8,23.1,5.8,2.9,3.8,107.7,3.0,Low Risk,94.3,Monitor,Low,No action threshold triggered; continue monitoring.
P1100,Website,Tros,Body Care,Deodorant & Body Spray,<500,Very Low / 1-2,9.7,18.8,5.8,1.9,3.3,108.1,3.0,Low Risk,94.5,Monitor,Low,No action threshold triggered; continue monitoring.
P0705,Website,Protex,Body Care,General Product,<500,Very Low / 1-2,9.6,20.8,6.1,2.3,4.0,107.4,3.0,Low Risk,94.5,Monitor,Low,No action threshold triggered; continue monitoring.
P0598,Website,Pantene,Hair Care,General Product,<500,Out of Stock / 0,9.2,18.0,6.2,2.6,3.6,106.1,3.0,Low Risk,94.8,Monitor,Low,No action threshold triggered; continue monitoring.
P1032,Website,Sunsilk,Hair Care,Shampoo,<500,High / 16-50,9.1,22.2,6.5,0.7,3.7,109.4,3.0,Low Risk,97.1,Monitor,Low,No action threshold triggered; continue monitoring.
P0783,Website,Senka,Skin Care,Face Cleanser,500-999,Out of Stock / 0,23.8,23.1,5.3,8.0,3.7,99.4,2.9,Low Risk,93.7,Monitor,Low,No action threshold triggered; continue monitoring.
P0260,Website,Dove,Hair Care,Hair Conditioner & Treatment,500-999,Low / 3-5,22.4,21.8,5.2,2.7,4.2,103.7,2.9,Low Risk,93.8,Monitor,Low,No action threshold triggered; continue monitoring.
P1237,Website,Watsons,Oral Care,Interdental Brush,500-999,Out of Stock / 0,19.4,21.0,5.2,3.6,4.6,102.8,2.9,Low Risk,94.6,Monitor,Low,No action threshold triggered; continue monitoring.
P1120,Website,Vaseline,Skin Care,Body Scrub,500-999,Very Low / 1-2,19.2,23.5,5.5,3.0,3.9,103.9,2.9,Low Risk,94.6,Monitor,Low,No action threshold triggered; continue monitoring.
P0042,Website,Axe,Body Care,Deodorant & Body Spray,500-999,Out of Stock / 0,19.1,18.6,5.2,4.9,3.6,102.2,2.9,Low Risk,92.9,Monitor,Low,No action threshold triggered; continue monitoring.
P0813,Website,Sensodyne,Oral Care,Toothpaste,500-999,Out of Stock / 0,18.7,18.2,5.3,4.0,4.2,102.3,2.9,Low Risk,93.6,Monitor,Low,No action threshold triggered; continue monitoring.
P0029,Website,Axe,Body Care,Deodorant & Body Spray,500-999,Very Low / 1-2,18.4,18.0,5.3,5.0,3.6,101.0,2.9,Low Risk,93.2,Monitor,Low,No action threshold triggered; continue monitoring.
P0906,Website,SHIVAMAX,Hair Care,Hair Conditioner & Treatment,500-999,Out of Stock / 0,18.0,17.3,5.1,3.0,4.4,103.1,2.9,Low Risk,94.2,Monitor,Low,No action threshold triggered; continue monitoring.
P0218,Website,Colgate,Oral Care,Toothpaste,500-999,Out of Stock / 0,17.7,20.2,5.2,5.4,3.9,101.5,2.9,Low Risk,92.5,Monitor,Low,No action threshold triggered; continue monitoring.
P0548,Website,Oral-B,Oral Care,Toothpaste,500-999,Medium / 6-15,17.4,17.8,5.2,3.3,3.3,104.5,2.9,Low Risk,94.0,Monitor,Low,No action threshold triggered; continue monitoring.
P0534,Website,Nexcare,Skin Care,General Product,500-999,Low / 3-5,16.4,20.0,5.5,3.7,3.8,103.8,2.9,Low Risk,94.1,Monitor,Low,No action threshold triggered; continue monitoring.
P1157,Website,Vaseline,Skin Care,Face Cleanser,500-999,Out of Stock / 0,16.2,16.5,5.1,6.3,4.2,100.8,2.9,Low Risk,93.3,Monitor,Low,No action threshold triggered; continue monitoring.
P0156,Website,Colgate,Oral Care,Toothpaste,500-999,Very High / 51+,14.8,15.9,5.0,3.5,3.5,102.6,2.9,Low Risk,93.1,Monitor,Low,No action threshold triggered; continue monitoring.
P0034,Website,Axe,Body Care,Deodorant & Body Spray,500-999,Very Low / 1-2,13.5,18.8,5.0,3.6,4.4,102.0,2.9,Low Risk,93.2,Monitor,Low,No action threshold triggered; continue monitoring.
P1107,Website,Vaseline,Body Care,General Product,500-999,Very Low / 1-2,11.7,16.3,5.1,4.3,3.9,104.8,2.9,Low Risk,93.3,Monitor,Low,No action threshold triggered; continue monitoring.
P1099,Website,Tros,Body Care,Deodorant & Body Spray,<500,Out of Stock / 0,9.1,17.8,5.9,2.6,3.4,106.9,2.9,Low Risk,95.0,Monitor,Low,No action threshold triggered; continue monitoring.
P0488,Website,Listerine,Oral Care,Mouthwash,500-999,Out of Stock / 0,22.4,21.8,5.1,2.5,3.9,104.6,2.8,Low Risk,94.9,Monitor,Low,No action threshold triggered; continue monitoring.
P0780,Website,Senka,Skin Care,Face Cleanser,500-999,Very Low / 1-2,21.9,21.0,4.8,3.6,3.9,103.9,2.8,Low Risk,93.5,Monitor,Low,No action threshold triggered; continue monitoring.
P1042,Website,Sunsilk,Hair Care,Hair Conditioner & Treatment,500-999,Out of Stock / 0,21.2,20.6,4.9,4.6,4.2,102.6,2.8,Low Risk,93.5,Monitor,Low,No action threshold triggered; continue monitoring.
P0263,Website,Dove,Hair Care,Hair Conditioner & Treatment,500-999,Medium / 6-15,19.9,19.4,5.3,3.0,4.2,103.6,2.8,Low Risk,95.0,Monitor,Low,No action threshold triggered; continue monitoring.
P0168,Website,Colgate,Oral Care,Toothpaste,500-999,Low / 3-5,19.9,19.2,5.0,4.4,4.0,101.8,2.8,Low Risk,93.8,Monitor,Low,No action threshold triggered; continue monitoring.
P0230,Website,Counterpain,Health & Wellness,Pain Relief,500-999,Out of Stock / 0,19.8,19.2,5.4,2.9,3.9,104.4,2.8,Low Risk,95.6,Monitor,Low,No action threshold triggered; continue monitoring.
P1044,Website,Sunsilk,Hair Care,Hair Conditioner & Treatment,500-999,Out of Stock / 0,18.6,18.6,5.2,2.7,4.3,102.9,2.8,Low Risk,94.7,Monitor,Low,No action threshold triggered; continue monitoring.
P0172,Website,Colgate,Oral Care,Toothpaste,500-999,Very Low / 1-2,18.5,18.0,5.4,3.1,4.2,101.7,2.8,Low Risk,94.2,Monitor,Low,No action threshold triggered; continue monitoring.
P0795,Website,Senka,Skin Care,Face Cleanser,500-999,Out of Stock / 0,18.0,17.3,4.9,3.8,3.4,103.2,2.8,Low Risk,93.4,Monitor,Low,No action threshold triggered; continue monitoring.
P0553,Website,Oral-B,Oral Care,Toothpaste,500-999,Medium / 6-15,17.9,17.3,5.3,6.0,3.0,102.5,2.8,Low Risk,93.0,Monitor,Low,No action threshold triggered; continue monitoring.
P0744,Website,Rexona,Body Care,Deodorant & Body Spray,500-999,Out of Stock / 0,15.8,19.0,5.0,2.0,4.6,104.4,2.8,Low Risk,94.8,Monitor,Low,No action threshold triggered; continue monitoring.
P0178,Website,Colgate,Oral Care,Toothpaste,500-999,Low / 3-5,13.7,20.0,5.2,2.1,3.9,106.4,2.8,Low Risk,95.4,Monitor,Low,No action threshold triggered; continue monitoring.
P0212,Website,Colgate,Oral Care,Toothpaste,500-999,Out of Stock / 0,12.2,22.0,5.7,3.0,3.7,106.7,2.8,Low Risk,95.8,Monitor,Low,No action threshold triggered; continue monitoring.
P1033,Website,Sunsilk,Hair Care,Hair Conditioner & Treatment,<500,Out of Stock / 0,11.1,21.6,5.8,0.0,4.4,108.2,2.8,Low Risk,98.7,Monitor,Low,No action threshold triggered; continue monitoring.
P0763,Website,Sasi,Lip,Lip Care,<500,Medium / 6-15,6.8,13.3,5.5,2.9,3.7,106.7,2.8,Low Risk,95.2,Monitor,Low,No action threshold triggered; continue monitoring.
P1218,Website,Watsons,Oral Care,Floss Picks,<500,Low / 3-5,6.1,17.1,5.7,0.8,3.9,112.2,2.8,Low Risk,97.4,Monitor,Low,No action threshold triggered; continue monitoring.
P1156,Website,Vaseline,Body Care,Body Lotion,500-999,Out of Stock / 0,25.7,24.9,4.7,2.0,4.0,104.7,2.7,Low Risk,94.5,Monitor,Low,No action threshold triggered; continue monitoring.
P0602,Website,Pantene,Hair Care,Hair Conditioner & Treatment,500-999,Out of Stock / 0,21.2,20.8,5.0,2.5,3.9,103.4,2.7,Low Risk,95.2,Monitor,Low,No action threshold triggered; continue monitoring.
P0279,Website,Dove,Body Care,General Product,500-999,Out of Stock / 0,21.0,20.4,5.2,2.1,4.0,105.1,2.7,Low Risk,95.3,Monitor,Low,No action threshold triggered; continue monitoring.
P0781,Website,Senka,Skin Care,Face Cleanser,500-999,Out of Stock / 0,20.9,20.4,5.2,2.2,3.9,102.9,2.7,Low Risk,95.2,Monitor,Low,No action threshold triggered; continue monitoring.
P0605,Website,Pantene,Hair Care,Hair Conditioner & Treatment,500-999,Out of Stock / 0,18.4,18.0,5.2,2.8,3.5,104.4,2.7,Low Risk,95.0,Monitor,Low,No action threshold triggered; continue monitoring.
P1114,Website,Vaseline,Body Care,Deodorant & Body Spray,500-999,Low / 3-5,17.9,25.1,4.9,1.9,4.7,105.2,2.7,Low Risk,95.4,Monitor,Low,No action threshold triggered; continue monitoring.
P0586,Website,Pantene,Hair Care,General Product,500-999,Medium / 6-15,17.3,16.9,5.0,2.5,3.6,103.6,2.7,Low Risk,95.0,Monitor,Low,No action threshold triggered; continue monitoring.
P0039,Website,Axe,Body Care,Deodorant & Body Spray,500-999,Out of Stock / 0,15.1,22.2,5.5,2.1,3.7,105.9,2.7,Low Risk,95.7,Monitor,Low,No action threshold triggered; continue monitoring.
P0563,Website,Oral-B,Oral Care,Toothpaste,500-999,Out of Stock / 0,14.1,16.9,5.4,0.8,3.9,106.7,2.7,Low Risk,97.1,Monitor,Low,No action threshold triggered; continue monitoring.
P0604,Website,Pantene,Hair Care,Hair Conditioner & Treatment,500-999,Out of Stock / 0,20.6,21.2,5.1,1.4,4.0,105.1,2.6,Low Risk,96.6,Monitor,Low,No action threshold triggered; continue monitoring.
P1080,Website,Tresemme,Hair Care,Hair Conditioner & Treatment,500-999,Medium / 6-15,18.7,18.2,5.1,2.8,3.1,105.1,2.6,Low Risk,95.2,Monitor,Low,No action threshold triggered; continue monitoring.
P0610,Website,Pantene,Hair Care,Hair Oil & Serum,500-999,Out of Stock / 0,18.5,18.0,4.8,2.7,3.6,104.1,2.6,Low Risk,95.0,Monitor,Low,No action threshold triggered; continue monitoring.
P0566,Website,Pantene,Hair Care,Shampoo,500-999,Very Low / 1-2,18.4,18.8,5.2,0.6,4.2,105.3,2.6,Low Risk,96.9,Monitor,Low,No action threshold triggered; continue monitoring.
P0565,Website,Pair,Skin Care,General Product,500-999,Out of Stock / 0,18.3,19.0,5.3,2.6,3.4,105.4,2.6,Low Risk,96.5,Monitor,Low,No action threshold triggered; continue monitoring.
P0747,Website,Rexona,Body Care,Deodorant & Body Spray,500-999,Out of Stock / 0,15.9,19.4,5.1,1.6,4.0,105.0,2.6,Low Risk,97.2,Monitor,Low,No action threshold triggered; continue monitoring.
P1146,Website,Vaseline,Body Care,General Product,500-999,Out of Stock / 0,25.4,24.7,4.6,2.2,4.0,103.7,2.5,Low Risk,95.5,Monitor,Low,No action threshold triggered; continue monitoring.
P0041,Website,Axe,Body Care,Deodorant & Body Spray,500-999,Out of Stock / 0,21.0,20.6,5.1,0.9,3.8,104.8,2.5,Low Risk,97.3,Monitor,Low,No action threshold triggered; continue monitoring.
P0573,Website,Pantene,Hair Care,Shampoo,500-999,Very Low / 1-2,20.2,19.8,5.0,2.5,3.6,102.9,2.5,Low Risk,96.0,Monitor,Low,No action threshold triggered; continue monitoring.
P0546,Website,Ora2,Oral Care,Toothpaste,500-999,Out of Stock / 0,19.5,19.0,5.1,1.8,4.0,105.0,2.5,Low Risk,97.2,Monitor,Low,No action threshold triggered; continue monitoring.
P0022,Website,Ambi Pur,Home & Kitchen,Air Freshener,500-999,Low / 3-5,16.0,15.5,5.0,1.3,3.2,105.7,2.4,Low Risk,97.9,Monitor,Low,No action threshold triggered; continue monitoring.
