public_product_id,marketplace,brand_group,category_group,metric,metric_label,previous_value,current_value,abs_variance,pct_variance,contribution_share_pct,movement
P0022,Amazon,Ambi Pur,Home & Kitchen,sales_index,Sales Index,61.0,50.4,-10.6,-17.38,0.2,Deterioration
P0022,Flipkart,Ambi Pur,Home & Kitchen,sales_index,Sales Index,14.9,21.3,6.4,42.95,0.2,Improvement
P0022,JioMart,Ambi Pur,Home & Kitchen,sales_index,Sales Index,20.7,10.7,-10.0,-48.31,0.2,Deterioration
P0022,Meesho,Ambi Pur,Home & Kitchen,sales_index,Sales Index,18.5,25.0,6.5,35.14,0.2,Improvement
P0022,Website,Ambi Pur,Home & Kitchen,sales_index,Sales Index,11.7,1.7,-10.0,-85.47,0.2,Deterioration
P0024,Amazon,AR,Skin Care,sales_index,Sales Index,24.6,31.8,7.2,29.27,0.2,Improvement
P0024,Flipkart,AR,Skin Care,sales_index,Sales Index,11.3,15.2,3.9,34.51,0.1,Improvement
P0024,JioMart,AR,Skin Care,sales_index,Sales Index,3.2,7.2,4.0,125.0,0.1,Improvement
P0024,Meesho,AR,Skin Care,sales_index,Sales Index,9.1,7.9,-1.2,-13.19,0.0,Deterioration
P0024,Website,AR,Skin Care,sales_index,Sales Index,5.9,6.6,0.7,11.86,0.0,Improvement
P0029,Amazon,Axe,Body Care,sales_index,Sales Index,47.3,63.4,16.1,34.04,0.4,Improvement
P0029,Flipkart,Axe,Body Care,sales_index,Sales Index,15.0,16.7,1.7,11.33,0.0,Improvement
P0029,JioMart,Axe,Body Care,sales_index,Sales Index,12.8,12.8,0.0,0.0,0.0,No Change
P0029,Meesho,Axe,Body Care,sales_index,Sales Index,19.6,12.5,-7.1,-36.22,0.2,Deterioration
P0029,Website,Axe,Body Care,sales_index,Sales Index,14.3,5.0,-9.3,-65.03,0.2,Deterioration
P0034,Amazon,Axe,Body Care,sales_index,Sales Index,43.1,49.4,6.3,14.62,0.1,Improvement
P0034,Flipkart,Axe,Body Care,sales_index,Sales Index,18.5,19.7,1.2,6.49,0.0,Improvement
P0034,JioMart,Axe,Body Care,sales_index,Sales Index,6.8,11.3,4.5,66.18,0.1,Improvement
P0034,Meesho,Axe,Body Care,sales_index,Sales Index,6.3,20.1,13.8,219.05,0.3,Improvement
P0034,Website,Axe,Body Care,sales_index,Sales Index,8.0,6.8,-1.2,-15.0,0.0,Deterioration
P0039,Amazon,Axe,Body Care,sales_index,Sales Index,38.8,26.7,-12.1,-31.19,0.3,Deterioration
P0039,Flipkart,Axe,Body Care,sales_index,Sales Index,16.1,27.1,11.0,68.32,0.3,Improvement
P0039,JioMart,Axe,Body Care,sales_index,Sales Index,7.6,6.5,-1.1,-14.47,0.0,Deterioration
P0039,Meesho,Axe,Body Care,sales_index,Sales Index,13.5,12.5,-1.0,-7.41,0.0,Deterioration
P0039,Website,Axe,Body Care,sales_index,Sales Index,18.5,11.7,-6.8,-36.76,0.2,Deterioration
P0041,Amazon,Axe,Body Care,sales_index,Sales Index,50.2,31.4,-18.8,-37.45,0.4,Deterioration
P0041,Flipkart,Axe,Body Care,sales_index,Sales Index,18.4,19.5,1.1,5.98,0.0,Improvement
P0041,JioMart,Axe,Body Care,sales_index,Sales Index,22.3,14.0,-8.3,-37.22,0.2,Deterioration
P0041,Meesho,Axe,Body Care,sales_index,Sales Index,18.6,9.5,-9.1,-48.92,0.2,Deterioration
P0041,Website,Axe,Body Care,sales_index,Sales Index,12.8,13.4,0.6,4.69,0.0,Improvement
P0042,Amazon,Axe,Body Care,sales_index,Sales Index,50.7,63.9,13.2,26.04,0.3,Improvement
P0042,Flipkart,Axe,Body Care,sales_index,Sales Index,34.0,34.7,0.7,2.06,0.0,Improvement
P0042,JioMart,Axe,Body Care,sales_index,Sales Index,13.4,11.0,-2.4,-17.91,0.1,Deterioration
P0042,Meesho,Axe,Body Care,sales_index,Sales Index,10.7,17.1,6.4,59.81,0.2,Improvement
P0042,Website,Axe,Body Care,sales_index,Sales Index,9.5,8.0,-1.5,-15.79,0.0,Deterioration
P0082,Amazon,Biore,Skin Care,sales_index,Sales Index,43.8,47.2,3.4,7.76,0.1,Improvement
P0082,Flipkart,Biore,Skin Care,sales_index,Sales Index,13.7,23.2,9.5,69.34,0.2,Improvement
P0082,JioMart,Biore,Skin Care,sales_index,Sales Index,8.4,16.1,7.7,91.67,0.2,Improvement
P0082,Meesho,Biore,Skin Care,sales_index,Sales Index,12.7,11.7,-1.0,-7.87,0.0,Deterioration
P0082,Website,Biore,Skin Care,sales_index,Sales Index,7.3,9.7,2.4,32.88,0.1,Improvement
P0156,Amazon,Colgate,Oral Care,sales_index,Sales Index,51.3,59.0,7.7,15.01,0.2,Improvement
P0156,Flipkart,Colgate,Oral Care,sales_index,Sales Index,14.7,22.0,7.3,49.66,0.2,Improvement
P0156,JioMart,Colgate,Oral Care,sales_index,Sales Index,4.2,9.9,5.7,135.71,0.1,Improvement
P0156,Meesho,Colgate,Oral Care,sales_index,Sales Index,12.9,9.9,-3.0,-23.26,0.1,Deterioration
P0156,Website,Colgate,Oral Care,sales_index,Sales Index,4.3,12.2,7.9,183.72,0.2,Improvement
P0168,Amazon,Colgate,Oral Care,sales_index,Sales Index,72.7,63.9,-8.8,-12.1,0.2,Deterioration
P0168,Flipkart,Colgate,Oral Care,sales_index,Sales Index,21.5,39.0,17.5,81.4,0.4,Improvement
P0168,JioMart,Colgate,Oral Care,sales_index,Sales Index,26.3,9.7,-16.6,-63.12,0.4,Deterioration
P0168,Meesho,Colgate,Oral Care,sales_index,Sales Index,11.3,10.9,-0.4,-3.54,0.0,Deterioration
P0168,Website,Colgate,Oral Care,sales_index,Sales Index,9.4,12.8,3.4,36.17,0.1,Improvement
P0170,Amazon,Colgate,Oral Care,sales_index,Sales Index,32.8,31.3,-1.5,-4.57,0.0,Deterioration
P0170,Flipkart,Colgate,Oral Care,sales_index,Sales Index,8.3,6.6,-1.7,-20.48,0.0,Deterioration
P0170,JioMart,Colgate,Oral Care,sales_index,Sales Index,9.7,6.6,-3.1,-31.96,0.1,Deterioration
P0170,Meesho,Colgate,Oral Care,sales_index,Sales Index,5.4,12.5,7.1,131.48,0.2,Improvement
P0170,Website,Colgate,Oral Care,sales_index,Sales Index,8.1,8.3,0.2,2.47,0.0,Improvement
P0172,Amazon,Colgate,Oral Care,sales_index,Sales Index,60.2,64.6,4.4,7.31,0.1,Improvement
P0172,Flipkart,Colgate,Oral Care,sales_index,Sales Index,24.9,21.2,-3.7,-14.86,0.1,Deterioration
P0172,JioMart,Colgate,Oral Care,sales_index,Sales Index,11.5,14.9,3.4,29.57,0.1,Improvement
P0172,Meesho,Colgate,Oral Care,sales_index,Sales Index,12.5,18.7,6.2,49.6,0.1,Improvement
P0172,Website,Colgate,Oral Care,sales_index,Sales Index,6.5,6.9,0.4,6.15,0.0,Improvement
P0175,Amazon,Colgate,Oral Care,sales_index,Sales Index,48.3,48.9,0.6,1.24,0.0,Improvement
P0175,Flipkart,Colgate,Oral Care,sales_index,Sales Index,18.0,24.8,6.8,37.78,0.2,Improvement
P0175,JioMart,Colgate,Oral Care,sales_index,Sales Index,15.4,7.8,-7.6,-49.35,0.2,Deterioration
P0175,Meesho,Colgate,Oral Care,sales_index,Sales Index,14.7,15.0,0.3,2.04,0.0,Improvement
P0175,Website,Colgate,Oral Care,sales_index,Sales Index,7.9,8.2,0.3,3.8,0.0,Improvement
P0178,Amazon,Colgate,Oral Care,sales_index,Sales Index,30.5,37.3,6.8,22.3,0.2,Improvement
P0178,Flipkart,Colgate,Oral Care,sales_index,Sales Index,24.5,14.2,-10.3,-42.04,0.2,Deterioration
P0178,JioMart,Colgate,Oral Care,sales_index,Sales Index,6.5,6.3,-0.2,-3.08,0.0,Deterioration
P0178,Meesho,Colgate,Oral Care,sales_index,Sales Index,22.9,10.5,-12.4,-54.15,0.3,Deterioration
P0178,Website,Colgate,Oral Care,sales_index,Sales Index,9.7,6.6,-3.1,-31.96,0.1,Deterioration
P0212,Amazon,Colgate,Oral Care,sales_index,Sales Index,26.2,31.8,5.6,21.37,0.1,Improvement
P0212,Flipkart,Colgate,Oral Care,sales_index,Sales Index,15.7,14.1,-1.6,-10.19,0.0,Deterioration
P0212,JioMart,Colgate,Oral Care,sales_index,Sales Index,9.5,5.2,-4.3,-45.26,0.1,Deterioration
P0212,Meesho,Colgate,Oral Care,sales_index,Sales Index,8.5,12.4,3.9,45.88,0.1,Improvement
P0212,Website,Colgate,Oral Care,sales_index,Sales Index,8.0,4.6,-3.4,-42.5,0.1,Deterioration
P0218,Amazon,Colgate,Oral Care,sales_index,Sales Index,35.8,47.4,11.6,32.4,0.3,Improvement
P0218,Flipkart,Colgate,Oral Care,sales_index,Sales Index,19.6,15.3,-4.3,-21.94,0.1,Deterioration
P0218,JioMart,Colgate,Oral Care,sales_index,Sales Index,4.1,14.9,10.8,263.41,0.3,Improvement
P0218,Meesho,Colgate,Oral Care,sales_index,Sales Index,20.5,23.9,3.4,16.59,0.1,Improvement
P0218,Website,Colgate,Oral Care,sales_index,Sales Index,8.7,11.0,2.3,26.44,0.1,Improvement
P0225,Amazon,Colgate,Oral Care,sales_index,Sales Index,28.8,38.0,9.2,31.94,0.2,Improvement
P0225,Flipkart,Colgate,Oral Care,sales_index,Sales Index,10.1,17.0,6.9,68.32,0.2,Improvement
P0225,JioMart,Colgate,Oral Care,sales_index,Sales Index,6.1,6.8,0.7,11.48,0.0,Improvement
P0225,Meesho,Colgate,Oral Care,sales_index,Sales Index,5.9,9.0,3.1,52.54,0.1,Improvement
P0225,Website,Colgate,Oral Care,sales_index,Sales Index,10.9,11.6,0.7,6.42,0.0,Improvement
P0230,Amazon,Counterpain,Health & Wellness,sales_index,Sales Index,66.6,65.1,-1.5,-2.25,0.0,Deterioration
P0230,Flipkart,Counterpain,Health & Wellness,sales_index,Sales Index,26.1,32.9,6.8,26.05,0.2,Improvement
P0230,JioMart,Counterpain,Health & Wellness,sales_index,Sales Index,10.0,12.9,2.9,29.0,0.1,Improvement
P0230,Meesho,Counterpain,Health & Wellness,sales_index,Sales Index,18.6,1.5,-17.1,-91.94,0.4,Deterioration
P0230,Website,Counterpain,Health & Wellness,sales_index,Sales Index,14.7,14.7,0.0,0.0,0.0,No Change
P0233,Amazon,Counterpain,Health & Wellness,sales_index,Sales Index,23.3,24.4,1.1,4.72,0.0,Improvement
P0233,Flipkart,Counterpain,Health & Wellness,sales_index,Sales Index,16.9,8.0,-8.9,-52.66,0.2,Deterioration
P0233,JioMart,Counterpain,Health & Wellness,sales_index,Sales Index,2.3,5.6,3.3,143.48,0.1,Improvement
P0233,Meesho,Counterpain,Health & Wellness,sales_index,Sales Index,9.1,6.4,-2.7,-29.67,0.1,Deterioration
P0233,Website,Counterpain,Health & Wellness,sales_index,Sales Index,6.5,7.4,0.9,13.85,0.0,Improvement
P0235,Amazon,Counterpain,Health & Wellness,sales_index,Sales Index,36.0,48.2,12.2,33.89,0.3,Improvement
P0235,Flipkart,Counterpain,Health & Wellness,sales_index,Sales Index,31.8,22.1,-9.7,-30.5,0.2,Deterioration
P0235,JioMart,Counterpain,Health & Wellness,sales_index,Sales Index,13.0,14.5,1.5,11.54,0.0,Improvement
P0235,Meesho,Counterpain,Health & Wellness,sales_index,Sales Index,29.4,15.2,-14.2,-48.3,0.3,Deterioration
P0235,Website,Counterpain,Health & Wellness,sales_index,Sales Index,11.7,11.8,0.1,0.85,0.0,Improvement
P0246,Amazon,Dove,Body Care,sales_index,Sales Index,38.2,42.1,3.9,10.21,0.1,Improvement
P0246,Flipkart,Dove,Body Care,sales_index,Sales Index,18.5,14.9,-3.6,-19.46,0.1,Deterioration
P0246,JioMart,Dove,Body Care,sales_index,Sales Index,12.3,6.0,-6.3,-51.22,0.1,Deterioration
P0246,Meesho,Dove,Body Care,sales_index,Sales Index,10.6,15.5,4.9,46.23,0.1,Improvement
P0246,Website,Dove,Body Care,sales_index,Sales Index,9.7,9.9,0.2,2.06,0.0,Improvement
P0252,Amazon,Dove,Hair Care,sales_index,Sales Index,41.7,61.2,19.5,46.76,0.5,Improvement
P0252,Flipkart,Dove,Hair Care,sales_index,Sales Index,24.9,24.4,-0.5,-2.01,0.0,Deterioration
P0252,JioMart,Dove,Hair Care,sales_index,Sales Index,19.0,16.3,-2.7,-14.21,0.1,Deterioration
P0252,Meesho,Dove,Hair Care,sales_index,Sales Index,15.7,14.4,-1.3,-8.28,0.0,Deterioration
P0252,Website,Dove,Hair Care,sales_index,Sales Index,14.5,9.5,-5.0,-34.48,0.1,Deterioration
P0253,Amazon,Dove,Hair Care,sales_index,Sales Index,26.9,28.4,1.5,5.58,0.0,Improvement
P0253,Flipkart,Dove,Hair Care,sales_index,Sales Index,14.8,9.8,-5.0,-33.78,0.1,Deterioration
P0253,JioMart,Dove,Hair Care,sales_index,Sales Index,4.8,6.6,1.8,37.5,0.0,Improvement
P0253,Meesho,Dove,Hair Care,sales_index,Sales Index,7.8,12.3,4.5,57.69,0.1,Improvement
P0253,Website,Dove,Hair Care,sales_index,Sales Index,0.8,6.4,5.6,700.0,0.1,Improvement
P0257,Amazon,Dove,Hair Care,sales_index,Sales Index,35.1,34.3,-0.8,-2.28,0.0,Deterioration
P0257,Flipkart,Dove,Hair Care,sales_index,Sales Index,9.0,16.9,7.9,87.78,0.2,Improvement
P0257,JioMart,Dove,Hair Care,sales_index,Sales Index,3.7,2.8,-0.9,-24.32,0.0,Deterioration
P0257,Meesho,Dove,Hair Care,sales_index,Sales Index,7.0,13.0,6.0,85.71,0.1,Improvement
P0257,Website,Dove,Hair Care,sales_index,Sales Index,4.3,7.4,3.1,72.09,0.1,Improvement
P0259,Amazon,Dove,Hair Care,sales_index,Sales Index,31.2,25.8,-5.4,-17.31,0.1,Deterioration
P0259,Flipkart,Dove,Hair Care,sales_index,Sales Index,10.2,10.3,0.1,0.98,0.0,Improvement
P0259,JioMart,Dove,Hair Care,sales_index,Sales Index,6.9,7.7,0.8,11.59,0.0,Improvement
P0259,Meesho,Dove,Hair Care,sales_index,Sales Index,8.9,12.7,3.8,42.7,0.1,Improvement
P0259,Website,Dove,Hair Care,sales_index,Sales Index,10.0,7.8,-2.2,-22.0,0.1,Deterioration
P0260,Amazon,Dove,Hair Care,sales_index,Sales Index,53.1,49.2,-3.9,-7.34,0.1,Deterioration
P0260,Flipkart,Dove,Hair Care,sales_index,Sales Index,29.6,30.4,0.8,2.7,0.0,Improvement
P0260,JioMart,Dove,Hair Care,sales_index,Sales Index,8.3,13.0,4.7,56.63,0.1,Improvement
P0260,Meesho,Dove,Hair Care,sales_index,Sales Index,7.7,21.8,14.1,183.12,0.3,Improvement
P0260,Website,Dove,Hair Care,sales_index,Sales Index,5.0,14.0,9.0,180.0,0.2,Improvement
P0261,Amazon,Dove,Hair Care,sales_index,Sales Index,33.0,25.7,-7.3,-22.12,0.2,Deterioration
P0261,Flipkart,Dove,Hair Care,sales_index,Sales Index,12.5,8.8,-3.7,-29.6,0.1,Deterioration
P0261,JioMart,Dove,Hair Care,sales_index,Sales Index,8.9,5.6,-3.3,-37.08,0.1,Deterioration
P0261,Meesho,Dove,Hair Care,sales_index,Sales Index,7.1,9.4,2.3,32.39,0.1,Improvement
P0261,Website,Dove,Hair Care,sales_index,Sales Index,4.9,5.8,0.9,18.37,0.0,Improvement
P0262,Amazon,Dove,Hair Care,sales_index,Sales Index,32.8,29.5,-3.3,-10.06,0.1,Deterioration
P0262,Flipkart,Dove,Hair Care,sales_index,Sales Index,20.4,12.3,-8.1,-39.71,0.2,Deterioration
P0262,JioMart,Dove,Hair Care,sales_index,Sales Index,7.2,4.9,-2.3,-31.94,0.1,Deterioration
P0262,Meesho,Dove,Hair Care,sales_index,Sales Index,10.3,4.0,-6.3,-61.17,0.1,Deterioration
P0262,Website,Dove,Hair Care,sales_index,Sales Index,5.0,7.4,2.4,48.0,0.1,Improvement
P0263,Amazon,Dove,Hair Care,sales_index,Sales Index,57.3,52.5,-4.8,-8.38,0.1,Deterioration
P0263,Flipkart,Dove,Hair Care,sales_index,Sales Index,24.4,40.5,16.1,65.98,0.4,Improvement
P0263,JioMart,Dove,Hair Care,sales_index,Sales Index,8.1,14.4,6.3,77.78,0.1,Improvement
P0263,Meesho,Dove,Hair Care,sales_index,Sales Index,11.1,9.3,-1.8,-16.22,0.0,Deterioration
P0263,Website,Dove,Hair Care,sales_index,Sales Index,14.1,18.0,3.9,27.66,0.1,Improvement
P0264,Amazon,Dove,Body Care,sales_index,Sales Index,45.4,61.0,15.6,34.36,0.4,Improvement
P0264,Flipkart,Dove,Body Care,sales_index,Sales Index,20.2,21.2,1.0,4.95,0.0,Improvement
P0264,JioMart,Dove,Body Care,sales_index,Sales Index,8.8,13.8,5.0,56.82,0.1,Improvement
P0264,Meesho,Dove,Body Care,sales_index,Sales Index,18.1,19.6,1.5,8.29,0.0,Improvement
P0264,Website,Dove,Body Care,sales_index,Sales Index,8.9,11.8,2.9,32.58,0.1,Improvement
P0270,Amazon,Dove,Hair Care,sales_index,Sales Index,33.7,20.2,-13.5,-40.06,0.3,Deterioration
P0270,Flipkart,Dove,Hair Care,sales_index,Sales Index,14.8,8.3,-6.5,-43.92,0.2,Deterioration
P0270,JioMart,Dove,Hair Care,sales_index,Sales Index,10.5,2.4,-8.1,-77.14,0.2,Deterioration
P0270,Meesho,Dove,Hair Care,sales_index,Sales Index,3.2,7.8,4.6,143.75,0.1,Improvement
P0270,Website,Dove,Hair Care,sales_index,Sales Index,5.6,9.0,3.4,60.71,0.1,Improvement
P0271,Amazon,Dove,Hair Care,sales_index,Sales Index,24.2,25.0,0.8,3.31,0.0,Improvement
P0271,Flipkart,Dove,Hair Care,sales_index,Sales Index,12.2,14.7,2.5,20.49,0.1,Improvement
P0271,JioMart,Dove,Hair Care,sales_index,Sales Index,7.8,8.8,1.0,12.82,0.0,Improvement
P0271,Meesho,Dove,Hair Care,sales_index,Sales Index,10.3,4.0,-6.3,-61.17,0.1,Deterioration
P0271,Website,Dove,Hair Care,sales_index,Sales Index,4.0,4.0,0.0,0.0,0.0,No Change
P0278,Amazon,Dove,Hair Care,sales_index,Sales Index,32.8,21.0,-11.8,-35.98,0.3,Deterioration
P0278,Flipkart,Dove,Hair Care,sales_index,Sales Index,14.8,8.9,-5.9,-39.86,0.1,Deterioration
P0278,JioMart,Dove,Hair Care,sales_index,Sales Index,8.7,5.5,-3.2,-36.78,0.1,Deterioration
P0278,Meesho,Dove,Hair Care,sales_index,Sales Index,9.4,10.2,0.8,8.51,0.0,Improvement
P0278,Website,Dove,Hair Care,sales_index,Sales Index,5.6,3.3,-2.3,-41.07,0.1,Deterioration
P0279,Amazon,Dove,Body Care,sales_index,Sales Index,60.4,62.6,2.2,3.64,0.1,Improvement
P0279,Flipkart,Dove,Body Care,sales_index,Sales Index,24.2,28.1,3.9,16.12,0.1,Improvement
P0279,JioMart,Dove,Body Care,sales_index,Sales Index,11.6,24.2,12.6,108.62,0.3,Improvement
P0279,Meesho,Dove,Body Care,sales_index,Sales Index,18.2,22.1,3.9,21.43,0.1,Improvement
P0279,Website,Dove,Body Care,sales_index,Sales Index,20.7,9.5,-11.2,-54.11,0.3,Deterioration
P0308,Amazon,Dove,Hair Care,sales_index,Sales Index,23.6,31.1,7.5,31.78,0.2,Improvement
P0308,Flipkart,Dove,Hair Care,sales_index,Sales Index,9.0,13.1,4.1,45.56,0.1,Improvement
P0308,JioMart,Dove,Hair Care,sales_index,Sales Index,7.7,7.9,0.2,2.6,0.0,Improvement
P0308,Meesho,Dove,Hair Care,sales_index,Sales Index,8.8,6.9,-1.9,-21.59,0.0,Deterioration
P0308,Website,Dove,Hair Care,sales_index,Sales Index,9.8,4.9,-4.9,-50.0,0.1,Deterioration
P0342,Amazon,Fino,Hair Care,sales_index,Sales Index,47.3,55.5,8.2,17.34,0.2,Improvement
P0342,Flipkart,Fino,Hair Care,sales_index,Sales Index,24.6,34.3,9.7,39.43,0.2,Improvement
P0342,JioMart,Fino,Hair Care,sales_index,Sales Index,6.7,14.5,7.8,116.42,0.2,Improvement
P0342,Meesho,Fino,Hair Care,sales_index,Sales Index,15.8,9.1,-6.7,-42.41,0.2,Deterioration
P0342,Website,Fino,Hair Care,sales_index,Sales Index,14.7,6.5,-8.2,-55.78,0.2,Deterioration
P0343,Amazon,Fino,Hair Care,sales_index,Sales Index,48.5,45.6,-2.9,-5.98,0.1,Deterioration
P0343,Flipkart,Fino,Hair Care,sales_index,Sales Index,24.7,18.4,-6.3,-25.51,0.1,Deterioration
P0343,JioMart,Fino,Hair Care,sales_index,Sales Index,9.3,13.4,4.1,44.09,0.1,Improvement
P0343,Meesho,Fino,Hair Care,sales_index,Sales Index,16.1,14.5,-1.6,-9.94,0.0,Deterioration
P0343,Website,Fino,Hair Care,sales_index,Sales Index,4.6,21.6,17.0,369.57,0.4,Improvement
P0427,Amazon,Kaowmanee,Skin Care,sales_index,Sales Index,16.8,28.5,11.7,69.64,0.3,Improvement
P0427,Flipkart,Kaowmanee,Skin Care,sales_index,Sales Index,10.6,5.3,-5.3,-50.0,0.1,Deterioration
P0427,JioMart,Kaowmanee,Skin Care,sales_index,Sales Index,5.2,3.0,-2.2,-42.31,0.1,Deterioration
P0427,Meesho,Kaowmanee,Skin Care,sales_index,Sales Index,6.5,3.3,-3.2,-49.23,0.1,Deterioration
P0427,Website,Kaowmanee,Skin Care,sales_index,Sales Index,4.7,3.5,-1.2,-25.53,0.0,Deterioration
P0437,Amazon,L'Oreal Paris,Skin Care,sales_index,Sales Index,46.0,44.7,-1.3,-2.83,0.0,Deterioration
P0437,Flipkart,L'Oreal Paris,Skin Care,sales_index,Sales Index,11.9,32.7,20.8,174.79,0.5,Improvement
P0437,JioMart,L'Oreal Paris,Skin Care,sales_index,Sales Index,4.1,7.8,3.7,90.24,0.1,Improvement
P0437,Meesho,L'Oreal Paris,Skin Care,sales_index,Sales Index,5.0,23.5,18.5,370.0,0.4,Improvement
P0437,Website,L'Oreal Paris,Skin Care,sales_index,Sales Index,13.4,10.5,-2.9,-21.64,0.1,Deterioration
P0475,Amazon,Listerine,Oral Care,sales_index,Sales Index,28.4,27.0,-1.4,-4.93,0.0,Deterioration
P0475,Flipkart,Listerine,Oral Care,sales_index,Sales Index,10.7,7.7,-3.0,-28.04,0.1,Deterioration
P0475,JioMart,Listerine,Oral Care,sales_index,Sales Index,6.3,4.6,-1.7,-26.98,0.0,Deterioration
P0475,Meesho,Listerine,Oral Care,sales_index,Sales Index,13.3,8.4,-4.9,-36.84,0.1,Deterioration
P0475,Website,Listerine,Oral Care,sales_index,Sales Index,3.8,6.6,2.8,73.68,0.1,Improvement
P0476,Amazon,Listerine,Oral Care,sales_index,Sales Index,29.3,30.8,1.5,5.12,0.0,Improvement
P0476,Flipkart,Listerine,Oral Care,sales_index,Sales Index,16.4,10.9,-5.5,-33.54,0.1,Deterioration
P0476,JioMart,Listerine,Oral Care,sales_index,Sales Index,6.1,6.2,0.1,1.64,0.0,Improvement
P0476,Meesho,Listerine,Oral Care,sales_index,Sales Index,4.3,14.5,10.2,237.21,0.2,Improvement
P0476,Website,Listerine,Oral Care,sales_index,Sales Index,6.1,4.5,-1.6,-26.23,0.0,Deterioration
P0488,Amazon,Listerine,Oral Care,sales_index,Sales Index,62.3,69.1,6.8,10.91,0.2,Improvement
P0488,Flipkart,Listerine,Oral Care,sales_index,Sales Index,16.7,31.4,14.7,88.02,0.3,Improvement
P0488,JioMart,Listerine,Oral Care,sales_index,Sales Index,5.0,4.5,-0.5,-10.0,0.0,Deterioration
P0488,Meesho,Listerine,Oral Care,sales_index,Sales Index,8.1,20.6,12.5,154.32,0.3,Improvement
P0488,Website,Listerine,Oral Care,sales_index,Sales Index,20.8,13.1,-7.7,-37.02,0.2,Deterioration
P0528,Amazon,NEXCARE,Skin Care,sales_index,Sales Index,55.4,48.8,-6.6,-11.91,0.2,Deterioration
P0528,Flipkart,NEXCARE,Skin Care,sales_index,Sales Index,25.6,23.8,-1.8,-7.03,0.0,Deterioration
P0528,JioMart,NEXCARE,Skin Care,sales_index,Sales Index,10.9,6.0,-4.9,-44.95,0.1,Deterioration
P0528,Meesho,NEXCARE,Skin Care,sales_index,Sales Index,22.0,14.7,-7.3,-33.18,0.2,Deterioration
P0528,Website,NEXCARE,Skin Care,sales_index,Sales Index,8.5,8.2,-0.3,-3.53,0.0,Deterioration
P0529,Amazon,NEXCARE,Skin Care,sales_index,Sales Index,75.2,51.6,-23.6,-31.38,0.6,Deterioration
P0529,Flipkart,NEXCARE,Skin Care,sales_index,Sales Index,32.6,21.3,-11.3,-34.66,0.3,Deterioration
P0529,JioMart,NEXCARE,Skin Care,sales_index,Sales Index,3.1,19.3,16.2,522.58,0.4,Improvement
P0529,Meesho,NEXCARE,Skin Care,sales_index,Sales Index,18.2,6.0,-12.2,-67.03,0.3,Deterioration
P0529,Website,NEXCARE,Skin Care,sales_index,Sales Index,11.4,11.4,0.0,0.0,0.0,No Change
P0531,Amazon,NEXCARE,Skin Care,sales_index,Sales Index,36.2,28.1,-8.1,-22.38,0.2,Deterioration
P0531,Flipkart,NEXCARE,Skin Care,sales_index,Sales Index,13.2,13.1,-0.1,-0.76,0.0,Deterioration
P0531,JioMart,NEXCARE,Skin Care,sales_index,Sales Index,5.7,4.0,-1.7,-29.82,0.0,Deterioration
P0531,Meesho,NEXCARE,Skin Care,sales_index,Sales Index,14.9,8.6,-6.3,-42.28,0.1,Deterioration
P0531,Website,NEXCARE,Skin Care,sales_index,Sales Index,2.5,3.9,1.4,56.0,0.0,Improvement
P0534,Amazon,Nexcare,Skin Care,sales_index,Sales Index,50.9,56.6,5.7,11.2,0.1,Improvement
P0534,Flipkart,Nexcare,Skin Care,sales_index,Sales Index,18.8,22.3,3.5,18.62,0.1,Improvement
P0534,JioMart,Nexcare,Skin Care,sales_index,Sales Index,7.7,4.1,-3.6,-46.75,0.1,Deterioration
P0534,Meesho,Nexcare,Skin Care,sales_index,Sales Index,17.5,15.0,-2.5,-14.29,0.1,Deterioration
P0534,Website,Nexcare,Skin Care,sales_index,Sales Index,10.7,7.8,-2.9,-27.1,0.1,Deterioration
P0536,Amazon,NOVOLIFE,Health & Wellness,sales_index,Sales Index,13.1,16.5,3.4,25.95,0.1,Improvement
P0536,Flipkart,NOVOLIFE,Health & Wellness,sales_index,Sales Index,8.9,7.4,-1.5,-16.85,0.0,Deterioration
P0536,JioMart,NOVOLIFE,Health & Wellness,sales_index,Sales Index,5.7,4.8,-0.9,-15.79,0.0,Deterioration
P0536,Meesho,NOVOLIFE,Health & Wellness,sales_index,Sales Index,9.0,7.0,-2.0,-22.22,0.0,Deterioration
P0536,Website,NOVOLIFE,Health & Wellness,sales_index,Sales Index,5.9,4.5,-1.4,-23.73,0.0,Deterioration
P0543,Amazon,Ora2,Oral Care,sales_index,Sales Index,71.7,61.1,-10.6,-14.78,0.2,Deterioration
P0543,Flipkart,Ora2,Oral Care,sales_index,Sales Index,26.2,25.2,-1.0,-3.82,0.0,Deterioration
P0543,JioMart,Ora2,Oral Care,sales_index,Sales Index,22.4,24.2,1.8,8.04,0.0,Improvement
P0543,Meesho,Ora2,Oral Care,sales_index,Sales Index,12.4,14.0,1.6,12.9,0.0,Improvement
P0543,Website,Ora2,Oral Care,sales_index,Sales Index,16.5,12.8,-3.7,-22.42,0.1,Deterioration
P0546,Amazon,Ora2,Oral Care,sales_index,Sales Index,72.3,68.1,-4.2,-5.81,0.1,Deterioration
P0546,Flipkart,Ora2,Oral Care,sales_index,Sales Index,23.6,19.9,-3.7,-15.68,0.1,Deterioration
P0546,JioMart,Ora2,Oral Care,sales_index,Sales Index,11.0,12.7,1.7,15.45,0.0,Improvement
P0546,Meesho,Ora2,Oral Care,sales_index,Sales Index,17.3,14.1,-3.2,-18.5,0.1,Deterioration
P0546,Website,Ora2,Oral Care,sales_index,Sales Index,11.6,17.6,6.0,51.72,0.1,Improvement
P0547,Amazon,Oral-B,Oral Care,sales_index,Sales Index,55.2,50.5,-4.7,-8.51,0.1,Deterioration
P0547,Flipkart,Oral-B,Oral Care,sales_index,Sales Index,31.3,24.9,-6.4,-20.45,0.2,Deterioration
P0547,JioMart,Oral-B,Oral Care,sales_index,Sales Index,20.4,18.8,-1.6,-7.84,0.0,Deterioration
P0547,Meesho,Oral-B,Oral Care,sales_index,Sales Index,9.5,22.3,12.8,134.74,0.3,Improvement
P0547,Website,Oral-B,Oral Care,sales_index,Sales Index,12.7,13.2,0.5,3.94,0.0,Improvement
P0548,Amazon,Oral-B,Oral Care,sales_index,Sales Index,50.1,44.2,-5.9,-11.78,0.1,Deterioration
P0548,Flipkart,Oral-B,Oral Care,sales_index,Sales Index,34.1,30.1,-4.0,-11.73,0.1,Deterioration
P0548,JioMart,Oral-B,Oral Care,sales_index,Sales Index,9.0,12.3,3.3,36.67,0.1,Improvement
P0548,Meesho,Oral-B,Oral Care,sales_index,Sales Index,15.1,20.5,5.4,35.76,0.1,Improvement
P0548,Website,Oral-B,Oral Care,sales_index,Sales Index,4.5,10.8,6.3,140.0,0.1,Improvement
P0553,Amazon,Oral-B,Oral Care,sales_index,Sales Index,62.6,45.5,-17.1,-27.32,0.4,Deterioration
P0553,Flipkart,Oral-B,Oral Care,sales_index,Sales Index,35.1,21.2,-13.9,-39.6,0.3,Deterioration
P0553,JioMart,Oral-B,Oral Care,sales_index,Sales Index,11.5,15.9,4.4,38.26,0.1,Improvement
P0553,Meesho,Oral-B,Oral Care,sales_index,Sales Index,24.7,29.5,4.8,19.43,0.1,Improvement
P0553,Website,Oral-B,Oral Care,sales_index,Sales Index,8.3,6.7,-1.6,-19.28,0.0,Deterioration
P0554,Amazon,Oral-B,Oral Care,sales_index,Sales Index,41.4,59.7,18.3,44.2,0.4,Improvement
P0554,Flipkart,Oral-B,Oral Care,sales_index,Sales Index,26.7,28.0,1.3,4.87,0.0,Improvement
P0554,JioMart,Oral-B,Oral Care,sales_index,Sales Index,9.8,23.1,13.3,135.71,0.3,Improvement
P0554,Meesho,Oral-B,Oral Care,sales_index,Sales Index,28.0,20.2,-7.8,-27.86,0.2,Deterioration
P0554,Website,Oral-B,Oral Care,sales_index,Sales Index,20.8,3.4,-17.4,-83.65,0.4,Deterioration
P0555,Amazon,Oral-B,Oral Care,sales_index,Sales Index,22.1,23.2,1.1,4.98,0.0,Improvement
P0555,Flipkart,Oral-B,Oral Care,sales_index,Sales Index,16.7,9.1,-7.6,-45.51,0.2,Deterioration
P0555,JioMart,Oral-B,Oral Care,sales_index,Sales Index,11.4,10.5,-0.9,-7.89,0.0,Deterioration
P0555,Meesho,Oral-B,Oral Care,sales_index,Sales Index,4.7,6.3,1.6,34.04,0.0,Improvement
P0555,Website,Oral-B,Oral Care,sales_index,Sales Index,1.6,7.2,5.6,350.0,0.1,Improvement
P0557,Amazon,Oral-B,Oral Care,sales_index,Sales Index,36.3,18.4,-17.9,-49.31,0.4,Deterioration
P0557,Flipkart,Oral-B,Oral Care,sales_index,Sales Index,12.2,14.8,2.6,21.31,0.1,Improvement
P0557,JioMart,Oral-B,Oral Care,sales_index,Sales Index,3.1,5.5,2.4,77.42,0.1,Improvement
P0557,Meesho,Oral-B,Oral Care,sales_index,Sales Index,9.5,5.9,-3.6,-37.89,0.1,Deterioration
P0557,Website,Oral-B,Oral Care,sales_index,Sales Index,4.6,4.6,0.0,0.0,0.0,No Change
P0562,Amazon,Oral-B,Oral Care,sales_index,Sales Index,55.5,60.8,5.3,9.55,0.1,Improvement
P0562,Flipkart,Oral-B,Oral Care,sales_index,Sales Index,31.1,9.5,-21.6,-69.45,0.5,Deterioration
P0562,JioMart,Oral-B,Oral Care,sales_index,Sales Index,9.8,9.6,-0.2,-2.04,0.0,Deterioration
P0562,Meesho,Oral-B,Oral Care,sales_index,Sales Index,20.2,26.6,6.4,31.68,0.2,Improvement
P0562,Website,Oral-B,Oral Care,sales_index,Sales Index,14.6,20.5,5.9,40.41,0.1,Improvement
P0563,Amazon,Oral-B,Oral Care,sales_index,Sales Index,57.5,38.7,-18.8,-32.7,0.4,Deterioration
P0563,Flipkart,Oral-B,Oral Care,sales_index,Sales Index,26.2,20.7,-5.5,-20.99,0.1,Deterioration
P0563,JioMart,Oral-B,Oral Care,sales_index,Sales Index,11.4,14.1,2.7,23.68,0.1,Improvement
P0563,Meesho,Oral-B,Oral Care,sales_index,Sales Index,20.8,5.0,-15.8,-75.96,0.4,Deterioration
P0563,Website,Oral-B,Oral Care,sales_index,Sales Index,5.3,14.7,9.4,177.36,0.2,Improvement
P0565,Amazon,Pair,Skin Care,sales_index,Sales Index,36.6,79.7,43.1,117.76,1.0,Improvement
P0565,Flipkart,Pair,Skin Care,sales_index,Sales Index,15.6,21.7,6.1,39.1,0.1,Improvement
P0565,JioMart,Pair,Skin Care,sales_index,Sales Index,21.2,6.1,-15.1,-71.23,0.4,Deterioration
P0565,Meesho,Pair,Skin Care,sales_index,Sales Index,22.1,11.9,-10.2,-46.15,0.2,Deterioration
P0565,Website,Pair,Skin Care,sales_index,Sales Index,9.1,7.5,-1.6,-17.58,0.0,Deterioration
P0566,Amazon,Pantene,Hair Care,sales_index,Sales Index,38.2,63.8,25.6,67.02,0.6,Improvement
P0566,Flipkart,Pantene,Hair Care,sales_index,Sales Index,21.9,24.6,2.7,12.33,0.1,Improvement
P0566,JioMart,Pantene,Hair Care,sales_index,Sales Index,7.4,18.2,10.8,145.95,0.3,Improvement
P0566,Meesho,Pantene,Hair Care,sales_index,Sales Index,25.0,27.1,2.1,8.4,0.0,Improvement
P0566,Website,Pantene,Hair Care,sales_index,Sales Index,8.9,21.5,12.6,141.57,0.3,Improvement
P0573,Amazon,Pantene,Hair Care,sales_index,Sales Index,69.5,64.4,-5.1,-7.34,0.1,Deterioration
P0573,Flipkart,Pantene,Hair Care,sales_index,Sales Index,25.0,25.3,0.3,1.2,0.0,Improvement
P0573,JioMart,Pantene,Hair Care,sales_index,Sales Index,9.6,9.5,-0.1,-1.04,0.0,Deterioration
P0573,Meesho,Pantene,Hair Care,sales_index,Sales Index,14.3,23.0,8.7,60.84,0.2,Improvement
P0573,Website,Pantene,Hair Care,sales_index,Sales Index,11.5,9.5,-2.0,-17.39,0.0,Deterioration
P0581,Amazon,Pantene,Hair Care,sales_index,Sales Index,57.4,79.0,21.6,37.63,0.5,Improvement
P0581,Flipkart,Pantene,Hair Care,sales_index,Sales Index,25.7,31.6,5.9,22.96,0.1,Improvement
P0581,JioMart,Pantene,Hair Care,sales_index,Sales Index,20.7,6.6,-14.1,-68.12,0.3,Deterioration
P0581,Meesho,Pantene,Hair Care,sales_index,Sales Index,21.8,21.4,-0.4,-1.83,0.0,Deterioration
P0581,Website,Pantene,Hair Care,sales_index,Sales Index,4.9,9.8,4.9,100.0,0.1,Improvement
P0586,Amazon,Pantene,Hair Care,sales_index,Sales Index,65.2,55.0,-10.2,-15.64,0.2,Deterioration
P0586,Flipkart,Pantene,Hair Care,sales_index,Sales Index,15.1,22.9,7.8,51.66,0.2,Improvement
P0586,JioMart,Pantene,Hair Care,sales_index,Sales Index,21.0,14.3,-6.7,-31.9,0.2,Deterioration
P0586,Meesho,Pantene,Hair Care,sales_index,Sales Index,18.1,18.5,0.4,2.21,0.0,Improvement
P0586,Website,Pantene,Hair Care,sales_index,Sales Index,11.6,11.2,-0.4,-3.45,0.0,Deterioration
P0590,Amazon,Pantene,Hair Care,sales_index,Sales Index,63.3,63.7,0.4,0.63,0.0,Improvement
P0590,Flipkart,Pantene,Hair Care,sales_index,Sales Index,26.8,32.3,5.5,20.52,0.1,Improvement
P0590,JioMart,Pantene,Hair Care,sales_index,Sales Index,11.3,4.8,-6.5,-57.52,0.2,Deterioration
P0590,Meesho,Pantene,Hair Care,sales_index,Sales Index,17.2,23.7,6.5,37.79,0.2,Improvement
P0590,Website,Pantene,Hair Care,sales_index,Sales Index,14.7,6.5,-8.2,-55.78,0.2,Deterioration
P0594,Amazon,Pantene,Hair Care,sales_index,Sales Index,47.0,56.8,9.8,20.85,0.2,Improvement
P0594,Flipkart,Pantene,Hair Care,sales_index,Sales Index,27.3,32.8,5.5,20.15,0.1,Improvement
P0594,JioMart,Pantene,Hair Care,sales_index,Sales Index,7.9,14.8,6.9,87.34,0.2,Improvement
P0594,Meesho,Pantene,Hair Care,sales_index,Sales Index,18.9,21.4,2.5,13.23,0.1,Improvement
P0594,Website,Pantene,Hair Care,sales_index,Sales Index,30.9,11.0,-19.9,-64.4,0.5,Deterioration
P0595,Amazon,Pantene,Hair Care,sales_index,Sales Index,34.1,25.9,-8.2,-24.05,0.2,Deterioration
P0595,Flipkart,Pantene,Hair Care,sales_index,Sales Index,18.3,9.0,-9.3,-50.82,0.2,Deterioration
P0595,JioMart,Pantene,Hair Care,sales_index,Sales Index,6.5,4.9,-1.6,-24.62,0.0,Deterioration
P0595,Meesho,Pantene,Hair Care,sales_index,Sales Index,7.9,6.3,-1.6,-20.25,0.0,Deterioration
P0595,Website,Pantene,Hair Care,sales_index,Sales Index,5.6,5.7,0.1,1.79,0.0,Improvement
P0598,Amazon,Pantene,Hair Care,sales_index,Sales Index,19.7,37.1,17.4,88.32,0.4,Improvement
P0598,Flipkart,Pantene,Hair Care,sales_index,Sales Index,2.4,11.3,8.9,370.83,0.2,Improvement
P0598,JioMart,Pantene,Hair Care,sales_index,Sales Index,2.3,12.4,10.1,439.13,0.2,Improvement
P0598,Meesho,Pantene,Hair Care,sales_index,Sales Index,7.0,10.2,3.2,45.71,0.1,Improvement
P0598,Website,Pantene,Hair Care,sales_index,Sales Index,7.2,9.0,1.8,25.0,0.0,Improvement
P0602,Amazon,Pantene,Hair Care,sales_index,Sales Index,73.8,68.6,-5.2,-7.05,0.1,Deterioration
P0602,Flipkart,Pantene,Hair Care,sales_index,Sales Index,21.8,36.4,14.6,66.97,0.3,Improvement
P0602,JioMart,Pantene,Hair Care,sales_index,Sales Index,11.7,4.8,-6.9,-58.97,0.2,Deterioration
P0602,Meesho,Pantene,Hair Care,sales_index,Sales Index,29.0,23.1,-5.9,-20.34,0.1,Deterioration
P0602,Website,Pantene,Hair Care,sales_index,Sales Index,13.1,16.5,3.4,25.95,0.1,Improvement
P0604,Amazon,Pantene,Hair Care,sales_index,Sales Index,73.4,54.4,-19.0,-25.89,0.4,Deterioration
P0604,Flipkart,Pantene,Hair Care,sales_index,Sales Index,27.8,26.4,-1.4,-5.04,0.0,Deterioration
P0604,JioMart,Pantene,Hair Care,sales_index,Sales Index,12.1,23.3,11.2,92.56,0.3,Improvement
P0604,Meesho,Pantene,Hair Care,sales_index,Sales Index,22.1,15.1,-7.0,-31.67,0.2,Deterioration
P0604,Website,Pantene,Hair Care,sales_index,Sales Index,16.7,6.1,-10.6,-63.47,0.2,Deterioration
P0605,Amazon,Pantene,Hair Care,sales_index,Sales Index,53.7,52.5,-1.2,-2.23,0.0,Deterioration
P0605,Flipkart,Pantene,Hair Care,sales_index,Sales Index,9.9,29.0,19.1,192.93,0.4,Improvement
P0605,JioMart,Pantene,Hair Care,sales_index,Sales Index,10.9,4.7,-6.2,-56.88,0.1,Deterioration
P0605,Meesho,Pantene,Hair Care,sales_index,Sales Index,6.3,9.5,3.2,50.79,0.1,Improvement
P0605,Website,Pantene,Hair Care,sales_index,Sales Index,6.7,5.0,-1.7,-25.37,0.0,Deterioration
P0609,Amazon,Pantene,Hair Care,sales_index,Sales Index,62.0,73.8,11.8,19.03,0.3,Improvement
P0609,Flipkart,Pantene,Hair Care,sales_index,Sales Index,10.2,18.2,8.0,78.43,0.2,Improvement
P0609,JioMart,Pantene,Hair Care,sales_index,Sales Index,6.5,8.0,1.5,23.08,0.0,Improvement
P0609,Meesho,Pantene,Hair Care,sales_index,Sales Index,8.0,17.4,9.4,117.5,0.2,Improvement
P0609,Website,Pantene,Hair Care,sales_index,Sales Index,17.8,6.4,-11.4,-64.04,0.3,Deterioration
P0610,Amazon,Pantene,Hair Care,sales_index,Sales Index,71.2,48.6,-22.6,-31.74,0.5,Deterioration
P0610,Flipkart,Pantene,Hair Care,sales_index,Sales Index,29.5,24.8,-4.7,-15.93,0.1,Deterioration
P0610,JioMart,Pantene,Hair Care,sales_index,Sales Index,24.5,4.8,-19.7,-80.41,0.5,Deterioration
P0610,Meesho,Pantene,Hair Care,sales_index,Sales Index,23.1,17.4,-5.7,-24.68,0.1,Deterioration
P0610,Website,Pantene,Hair Care,sales_index,Sales Index,11.7,12.5,0.8,6.84,0.0,Improvement
P0617,Amazon,Pantene,Hair Care,sales_index,Sales Index,50.3,58.0,7.7,15.31,0.2,Improvement
P0617,Flipkart,Pantene,Hair Care,sales_index,Sales Index,33.3,24.5,-8.8,-26.43,0.2,Deterioration
P0617,JioMart,Pantene,Hair Care,sales_index,Sales Index,6.4,18.2,11.8,184.37,0.3,Improvement
P0617,Meesho,Pantene,Hair Care,sales_index,Sales Index,28.4,8.0,-20.4,-71.83,0.5,Deterioration
P0617,Website,Pantene,Hair Care,sales_index,Sales Index,14.6,13.2,-1.4,-9.59,0.0,Deterioration
P0679,Amazon,Poy Sian,Health & Wellness,sales_index,Sales Index,20.5,19.8,-0.7,-3.41,0.0,Deterioration
P0679,Flipkart,Poy Sian,Health & Wellness,sales_index,Sales Index,15.0,15.5,0.5,3.33,0.0,Improvement
P0679,JioMart,Poy Sian,Health & Wellness,sales_index,Sales Index,3.3,4.0,0.7,21.21,0.0,Improvement
P0679,Meesho,Poy Sian,Health & Wellness,sales_index,Sales Index,6.4,9.1,2.7,42.19,0.1,Improvement
P0679,Website,Poy Sian,Health & Wellness,sales_index,Sales Index,3.3,8.6,5.3,160.61,0.1,Improvement
P0690,Amazon,Protex,Body Care,sales_index,Sales Index,21.7,20.6,-1.1,-5.07,0.0,Deterioration
P0690,Flipkart,Protex,Body Care,sales_index,Sales Index,8.0,11.9,3.9,48.75,0.1,Improvement
P0690,JioMart,Protex,Body Care,sales_index,Sales Index,3.8,6.3,2.5,65.79,0.1,Improvement
P0690,Meesho,Protex,Body Care,sales_index,Sales Index,13.9,11.7,-2.2,-15.83,0.1,Deterioration
P0690,Website,Protex,Body Care,sales_index,Sales Index,3.3,3.4,0.1,3.03,0.0,Improvement
P0705,Amazon,Protex,Body Care,sales_index,Sales Index,26.9,18.9,-8.0,-29.74,0.2,Deterioration
P0705,Flipkart,Protex,Body Care,sales_index,Sales Index,13.4,15.5,2.1,15.67,0.0,Improvement
P0705,JioMart,Protex,Body Care,sales_index,Sales Index,4.4,7.2,2.8,63.64,0.1,Improvement
P0705,Meesho,Protex,Body Care,sales_index,Sales Index,5.0,6.9,1.9,38.0,0.0,Improvement
P0705,Website,Protex,Body Care,sales_index,Sales Index,4.3,5.8,1.5,34.88,0.0,Improvement
P0706,Amazon,Protex,Body Care,sales_index,Sales Index,22.9,23.0,0.1,0.44,0.0,Improvement
P0706,Flipkart,Protex,Body Care,sales_index,Sales Index,13.2,17.0,3.8,28.79,0.1,Improvement
P0706,JioMart,Protex,Body Care,sales_index,Sales Index,4.3,8.8,4.5,104.65,0.1,Improvement
P0706,Meesho,Protex,Body Care,sales_index,Sales Index,8.4,9.7,1.3,15.48,0.0,Improvement
P0706,Website,Protex,Body Care,sales_index,Sales Index,6.0,3.0,-3.0,-50.0,0.1,Deterioration
P0720,Amazon,Protex,Body Care,sales_index,Sales Index,30.5,21.1,-9.4,-30.82,0.2,Deterioration
P0720,Flipkart,Protex,Body Care,sales_index,Sales Index,13.2,11.8,-1.4,-10.61,0.0,Deterioration
P0720,JioMart,Protex,Body Care,sales_index,Sales Index,7.2,2.5,-4.7,-65.28,0.1,Deterioration
P0720,Meesho,Protex,Body Care,sales_index,Sales Index,6.3,8.6,2.3,36.51,0.1,Improvement
P0720,Website,Protex,Body Care,sales_index,Sales Index,6.7,5.9,-0.8,-11.94,0.0,Deterioration
P0744,Amazon,Rexona,Body Care,sales_index,Sales Index,53.3,45.6,-7.7,-14.45,0.2,Deterioration
P0744,Flipkart,Rexona,Body Care,sales_index,Sales Index,15.6,29.0,13.4,85.9,0.3,Improvement
P0744,JioMart,Rexona,Body Care,sales_index,Sales Index,9.0,12.8,3.8,42.22,0.1,Improvement
P0744,Meesho,Rexona,Body Care,sales_index,Sales Index,8.9,11.2,2.3,25.84,0.1,Improvement
P0744,Website,Rexona,Body Care,sales_index,Sales Index,11.9,7.8,-4.1,-34.45,0.1,Deterioration
P0747,Amazon,Rexona,Body Care,sales_index,Sales Index,41.4,46.0,4.6,11.11,0.1,Improvement
P0747,Flipkart,Rexona,Body Care,sales_index,Sales Index,13.7,20.7,7.0,51.09,0.2,Improvement
P0747,JioMart,Rexona,Body Care,sales_index,Sales Index,15.8,11.6,-4.2,-26.58,0.1,Deterioration
P0747,Meesho,Rexona,Body Care,sales_index,Sales Index,14.0,14.0,0.0,0.0,0.0,No Change
P0747,Website,Rexona,Body Care,sales_index,Sales Index,11.9,3.9,-8.0,-67.23,0.2,Deterioration
P0753,Amazon,Rexona,Body Care,sales_index,Sales Index,63.5,62.7,-0.8,-1.26,0.0,Deterioration
P0753,Flipkart,Rexona,Body Care,sales_index,Sales Index,15.9,27.4,11.5,72.33,0.3,Improvement
P0753,JioMart,Rexona,Body Care,sales_index,Sales Index,17.7,15.8,-1.9,-10.73,0.0,Deterioration
P0753,Meesho,Rexona,Body Care,sales_index,Sales Index,7.4,17.2,9.8,132.43,0.2,Improvement
P0753,Website,Rexona,Body Care,sales_index,Sales Index,17.9,11.7,-6.2,-34.64,0.1,Deterioration
P0758,Amazon,Sasi,Lip,sales_index,Sales Index,31.8,27.6,-4.2,-13.21,0.1,Deterioration
P0758,Flipkart,Sasi,Lip,sales_index,Sales Index,11.6,2.4,-9.2,-79.31,0.2,Deterioration
P0758,JioMart,Sasi,Lip,sales_index,Sales Index,4.9,9.1,4.2,85.71,0.1,Improvement
P0758,Meesho,Sasi,Lip,sales_index,Sales Index,15.5,6.3,-9.2,-59.35,0.2,Deterioration
P0758,Website,Sasi,Lip,sales_index,Sales Index,6.3,10.1,3.8,60.32,0.1,Improvement
P0763,Amazon,Sasi,Lip,sales_index,Sales Index,26.7,33.2,6.5,24.34,0.2,Improvement
P0763,Flipkart,Sasi,Lip,sales_index,Sales Index,10.5,17.7,7.2,68.57,0.2,Improvement
P0763,JioMart,Sasi,Lip,sales_index,Sales Index,3.2,4.1,0.9,28.12,0.0,Improvement
P0763,Meesho,Sasi,Lip,sales_index,Sales Index,10.8,10.2,-0.6,-5.56,0.0,Deterioration
P0763,Website,Sasi,Lip,sales_index,Sales Index,9.5,7.4,-2.1,-22.11,0.0,Deterioration
P0770,Amazon,Sasi,Skin Care,sales_index,Sales Index,16.3,19.5,3.2,19.63,0.1,Improvement
P0770,Flipkart,Sasi,Skin Care,sales_index,Sales Index,7.3,8.2,0.9,12.33,0.0,Improvement
P0770,JioMart,Sasi,Skin Care,sales_index,Sales Index,6.5,8.2,1.7,26.15,0.0,Improvement
P0770,Meesho,Sasi,Skin Care,sales_index,Sales Index,9.1,8.5,-0.6,-6.59,0.0,Deterioration
P0770,Website,Sasi,Skin Care,sales_index,Sales Index,2.8,6.6,3.8,135.71,0.1,Improvement
P0777,Amazon,Senka,Skin Care,sales_index,Sales Index,43.6,70.1,26.5,60.78,0.6,Improvement
P0777,Flipkart,Senka,Skin Care,sales_index,Sales Index,32.5,17.8,-14.7,-45.23,0.3,Deterioration
P0777,JioMart,Senka,Skin Care,sales_index,Sales Index,17.5,11.0,-6.5,-37.14,0.2,Deterioration
P0777,Meesho,Senka,Skin Care,sales_index,Sales Index,15.9,9.6,-6.3,-39.62,0.1,Deterioration
P0777,Website,Senka,Skin Care,sales_index,Sales Index,14.7,9.8,-4.9,-33.33,0.1,Deterioration
P0780,Amazon,Senka,Skin Care,sales_index,Sales Index,64.0,58.5,-5.5,-8.59,0.1,Deterioration
P0780,Flipkart,Senka,Skin Care,sales_index,Sales Index,9.6,27.7,18.1,188.54,0.4,Improvement
P0780,JioMart,Senka,Skin Care,sales_index,Sales Index,13.1,11.4,-1.7,-12.98,0.0,Deterioration
P0780,Meesho,Senka,Skin Care,sales_index,Sales Index,23.6,10.8,-12.8,-54.24,0.3,Deterioration
P0780,Website,Senka,Skin Care,sales_index,Sales Index,4.8,6.5,1.7,35.42,0.0,Improvement
P0781,Amazon,Senka,Skin Care,sales_index,Sales Index,78.9,70.6,-8.3,-10.52,0.2,Deterioration
P0781,Flipkart,Senka,Skin Care,sales_index,Sales Index,32.2,29.5,-2.7,-8.39,0.1,Deterioration
P0781,JioMart,Senka,Skin Care,sales_index,Sales Index,11.5,11.3,-0.2,-1.74,0.0,Deterioration
P0781,Meesho,Senka,Skin Care,sales_index,Sales Index,15.5,7.5,-8.0,-51.61,0.2,Deterioration
P0781,Website,Senka,Skin Care,sales_index,Sales Index,24.9,18.2,-6.7,-26.91,0.2,Deterioration
P0783,Amazon,Senka,Skin Care,sales_index,Sales Index,35.4,50.3,14.9,42.09,0.4,Improvement
P0783,Flipkart,Senka,Skin Care,sales_index,Sales Index,33.5,18.0,-15.5,-46.27,0.4,Deterioration
P0783,JioMart,Senka,Skin Care,sales_index,Sales Index,8.4,19.8,11.4,135.71,0.3,Improvement
P0783,Meesho,Senka,Skin Care,sales_index,Sales Index,23.2,20.4,-2.8,-12.07,0.1,Deterioration
P0783,Website,Senka,Skin Care,sales_index,Sales Index,14.7,7.7,-7.0,-47.62,0.2,Deterioration
P0795,Amazon,Senka,Skin Care,sales_index,Sales Index,85.1,45.0,-40.1,-47.12,0.9,Deterioration
P0795,Flipkart,Senka,Skin Care,sales_index,Sales Index,28.1,26.3,-1.8,-6.41,0.0,Deterioration
P0795,JioMart,Senka,Skin Care,sales_index,Sales Index,20.8,11.2,-9.6,-46.15,0.2,Deterioration
P0795,Meesho,Senka,Skin Care,sales_index,Sales Index,20.3,35.1,14.8,72.91,0.3,Improvement
P0795,Website,Senka,Skin Care,sales_index,Sales Index,13.1,10.1,-3.0,-22.9,0.1,Deterioration
P0797,Amazon,Sensodyne,Oral Care,sales_index,Sales Index,45.1,69.1,24.0,53.22,0.6,Improvement
P0797,Flipkart,Sensodyne,Oral Care,sales_index,Sales Index,21.3,35.7,14.4,67.61,0.3,Improvement
P0797,JioMart,Sensodyne,Oral Care,sales_index,Sales Index,17.9,6.6,-11.3,-63.13,0.3,Deterioration
P0797,Meesho,Sensodyne,Oral Care,sales_index,Sales Index,6.2,20.4,14.2,229.03,0.3,Improvement
P0797,Website,Sensodyne,Oral Care,sales_index,Sales Index,10.0,16.4,6.4,64.0,0.2,Improvement
P0813,Amazon,Sensodyne,Oral Care,sales_index,Sales Index,60.8,35.7,-25.1,-41.28,0.6,Deterioration
P0813,Flipkart,Sensodyne,Oral Care,sales_index,Sales Index,27.7,29.3,1.6,5.78,0.0,Improvement
P0813,JioMart,Sensodyne,Oral Care,sales_index,Sales Index,8.5,19.3,10.8,127.06,0.3,Improvement
P0813,Meesho,Sensodyne,Oral Care,sales_index,Sales Index,12.7,12.4,-0.3,-2.36,0.0,Deterioration
P0813,Website,Sensodyne,Oral Care,sales_index,Sales Index,3.3,12.7,9.4,284.85,0.2,Improvement
P0840,Amazon,SHIVAMAX,Home & Kitchen,sales_index,Sales Index,39.9,31.4,-8.5,-21.3,0.2,Deterioration
P0840,Flipkart,SHIVAMAX,Home & Kitchen,sales_index,Sales Index,12.4,11.4,-1.0,-8.06,0.0,Deterioration
P0840,JioMart,SHIVAMAX,Home & Kitchen,sales_index,Sales Index,6.5,7.2,0.7,10.77,0.0,Improvement
P0840,Meesho,SHIVAMAX,Home & Kitchen,sales_index,Sales Index,10.2,8.4,-1.8,-17.65,0.0,Deterioration
P0840,Website,SHIVAMAX,Home & Kitchen,sales_index,Sales Index,7.2,5.4,-1.8,-25.0,0.0,Deterioration
P0868,Amazon,SHIVAMAX,Home & Kitchen,sales_index,Sales Index,25.2,31.6,6.4,25.4,0.2,Improvement
P0868,Flipkart,SHIVAMAX,Home & Kitchen,sales_index,Sales Index,8.4,11.2,2.8,33.33,0.1,Improvement
P0868,JioMart,SHIVAMAX,Home & Kitchen,sales_index,Sales Index,6.9,7.3,0.4,5.8,0.0,Improvement
P0868,Meesho,SHIVAMAX,Home & Kitchen,sales_index,Sales Index,4.5,2.7,-1.8,-40.0,0.0,Deterioration
P0868,Website,SHIVAMAX,Home & Kitchen,sales_index,Sales Index,8.8,4.9,-3.9,-44.32,0.1,Deterioration
P0889,Amazon,SHIVAMAX,Health & Wellness,sales_index,Sales Index,23.7,15.2,-8.5,-35.86,0.2,Deterioration
P0889,Flipkart,SHIVAMAX,Health & Wellness,sales_index,Sales Index,12.3,9.8,-2.5,-20.33,0.1,Deterioration
P0889,JioMart,SHIVAMAX,Health & Wellness,sales_index,Sales Index,3.0,2.3,-0.7,-23.33,0.0,Deterioration
P0889,Meesho,SHIVAMAX,Health & Wellness,sales_index,Sales Index,6.1,5.1,-1.0,-16.39,0.0,Deterioration
P0889,Website,SHIVAMAX,Health & Wellness,sales_index,Sales Index,2.5,2.5,0.0,0.0,0.0,No Change
P0890,Amazon,SHIVAMAX,Health & Wellness,sales_index,Sales Index,31.7,25.9,-5.8,-18.3,0.1,Deterioration
P0890,Flipkart,SHIVAMAX,Health & Wellness,sales_index,Sales Index,9.2,13.8,4.6,50.0,0.1,Improvement
P0890,JioMart,SHIVAMAX,Health & Wellness,sales_index,Sales Index,7.3,10.4,3.1,42.47,0.1,Improvement
P0890,Meesho,SHIVAMAX,Health & Wellness,sales_index,Sales Index,7.8,5.4,-2.4,-30.77,0.1,Deterioration
P0890,Website,SHIVAMAX,Health & Wellness,sales_index,Sales Index,8.2,7.1,-1.1,-13.41,0.0,Deterioration
P0906,Amazon,SHIVAMAX,Hair Care,sales_index,Sales Index,66.9,68.4,1.5,2.24,0.0,Improvement
P0906,Flipkart,SHIVAMAX,Hair Care,sales_index,Sales Index,26.1,16.7,-9.4,-36.02,0.2,Deterioration
P0906,JioMart,SHIVAMAX,Hair Care,sales_index,Sales Index,16.2,9.8,-6.4,-39.51,0.2,Deterioration
P0906,Meesho,SHIVAMAX,Hair Care,sales_index,Sales Index,15.4,20.6,5.2,33.77,0.1,Improvement
P0906,Website,SHIVAMAX,Hair Care,sales_index,Sales Index,18.1,6.6,-11.5,-63.54,0.3,Deterioration
P0915,Amazon,SHIVAMAX,Health & Wellness,sales_index,Sales Index,15.0,20.6,5.6,37.33,0.1,Improvement
P0915,Flipkart,SHIVAMAX,Health & Wellness,sales_index,Sales Index,6.9,9.5,2.6,37.68,0.1,Improvement
P0915,JioMart,SHIVAMAX,Health & Wellness,sales_index,Sales Index,3.8,5.4,1.6,42.11,0.0,Improvement
P0915,Meesho,SHIVAMAX,Health & Wellness,sales_index,Sales Index,7.0,6.9,-0.1,-1.43,0.0,Deterioration
P0915,Website,SHIVAMAX,Health & Wellness,sales_index,Sales Index,3.4,3.8,0.4,11.76,0.0,Improvement
P0917,Amazon,SHIVAMAX,Home & Kitchen,sales_index,Sales Index,9.9,18.6,8.7,87.88,0.2,Improvement
P0917,Flipkart,SHIVAMAX,Home & Kitchen,sales_index,Sales Index,6.0,6.7,0.7,11.67,0.0,Improvement
P0917,JioMart,SHIVAMAX,Home & Kitchen,sales_index,Sales Index,5.2,1.9,-3.3,-63.46,0.1,Deterioration
P0917,Meesho,SHIVAMAX,Home & Kitchen,sales_index,Sales Index,6.7,4.3,-2.4,-35.82,0.1,Deterioration
P0917,Website,SHIVAMAX,Home & Kitchen,sales_index,Sales Index,6.0,3.5,-2.5,-41.67,0.1,Deterioration
P0922,Amazon,SHIVAMAX,Hair Care,sales_index,Sales Index,53.7,50.4,-3.3,-6.15,0.1,Deterioration
P0922,Flipkart,SHIVAMAX,Hair Care,sales_index,Sales Index,15.8,16.1,0.3,1.9,0.0,Improvement
P0922,JioMart,SHIVAMAX,Hair Care,sales_index,Sales Index,10.9,6.1,-4.8,-44.04,0.1,Deterioration
P0922,Meesho,SHIVAMAX,Hair Care,sales_index,Sales Index,14.9,14.8,-0.1,-0.67,0.0,Deterioration
P0922,Website,SHIVAMAX,Hair Care,sales_index,Sales Index,7.6,12.8,5.2,68.42,0.1,Improvement
P0927,Amazon,SHIVAMAX,Home & Kitchen,sales_index,Sales Index,15.2,16.8,1.6,10.53,0.0,Improvement
P0927,Flipkart,SHIVAMAX,Home & Kitchen,sales_index,Sales Index,6.2,5.8,-0.4,-6.45,0.0,Deterioration
P0927,JioMart,SHIVAMAX,Home & Kitchen,sales_index,Sales Index,1.2,3.3,2.1,175.0,0.0,Improvement
P0927,Meesho,SHIVAMAX,Home & Kitchen,sales_index,Sales Index,5.8,3.9,-1.9,-32.76,0.0,Deterioration
P0927,Website,SHIVAMAX,Home & Kitchen,sales_index,Sales Index,4.5,4.5,0.0,0.0,0.0,No Change
P0931,Amazon,SHIVAMAX,Electronics & Travel Accessories,sales_index,Sales Index,44.4,35.7,-8.7,-19.59,0.2,Deterioration
P0931,Flipkart,SHIVAMAX,Electronics & Travel Accessories,sales_index,Sales Index,23.6,15.0,-8.6,-36.44,0.2,Deterioration
P0931,JioMart,SHIVAMAX,Electronics & Travel Accessories,sales_index,Sales Index,8.7,15.4,6.7,77.01,0.2,Improvement
P0931,Meesho,SHIVAMAX,Electronics & Travel Accessories,sales_index,Sales Index,10.1,9.3,-0.8,-7.92,0.0,Deterioration
P0931,Website,SHIVAMAX,Electronics & Travel Accessories,sales_index,Sales Index,10.6,10.8,0.2,1.89,0.0,Improvement
P0932,Amazon,SHIVAMAX,Electronics & Travel Accessories,sales_index,Sales Index,16.8,28.6,11.8,70.24,0.3,Improvement
P0932,Flipkart,SHIVAMAX,Electronics & Travel Accessories,sales_index,Sales Index,6.4,5.4,-1.0,-15.62,0.0,Deterioration
P0932,JioMart,SHIVAMAX,Electronics & Travel Accessories,sales_index,Sales Index,2.9,4.3,1.4,48.28,0.0,Improvement
P0932,Meesho,SHIVAMAX,Electronics & Travel Accessories,sales_index,Sales Index,5.1,5.1,0.0,0.0,0.0,No Change
P0932,Website,SHIVAMAX,Electronics & Travel Accessories,sales_index,Sales Index,3.8,3.5,-0.3,-7.89,0.0,Deterioration
P0944,Amazon,SHIVAMAX,Health & Wellness,sales_index,Sales Index,34.6,25.8,-8.8,-25.43,0.2,Deterioration
P0944,Flipkart,SHIVAMAX,Health & Wellness,sales_index,Sales Index,15.1,9.7,-5.4,-35.76,0.1,Deterioration
P0944,JioMart,SHIVAMAX,Health & Wellness,sales_index,Sales Index,6.1,5.5,-0.6,-9.84,0.0,Deterioration
P0944,Meesho,SHIVAMAX,Health & Wellness,sales_index,Sales Index,9.4,8.4,-1.0,-10.64,0.0,Deterioration
P0944,Website,SHIVAMAX,Health & Wellness,sales_index,Sales Index,8.3,4.2,-4.1,-49.4,0.1,Deterioration
P1003,Amazon,Snake Brand,Body Care,sales_index,Sales Index,19.5,26.2,6.7,34.36,0.2,Improvement
P1003,Flipkart,Snake Brand,Body Care,sales_index,Sales Index,9.1,5.0,-4.1,-45.05,0.1,Deterioration
P1003,JioMart,Snake Brand,Body Care,sales_index,Sales Index,4.2,6.4,2.2,52.38,0.1,Improvement
P1003,Meesho,Snake Brand,Body Care,sales_index,Sales Index,14.0,8.0,-6.0,-42.86,0.1,Deterioration
P1003,Website,Snake Brand,Body Care,sales_index,Sales Index,6.0,7.3,1.3,21.67,0.0,Improvement
P1026,Amazon,Sunsilk,Hair Care,sales_index,Sales Index,19.5,19.5,0.0,0.0,0.0,No Change
P1026,Flipkart,Sunsilk,Hair Care,sales_index,Sales Index,7.2,9.4,2.2,30.56,0.1,Improvement
P1026,JioMart,Sunsilk,Hair Care,sales_index,Sales Index,7.7,4.5,-3.2,-41.56,0.1,Deterioration
P1026,Meesho,Sunsilk,Hair Care,sales_index,Sales Index,7.5,6.0,-1.5,-20.0,0.0,Deterioration
P1026,Website,Sunsilk,Hair Care,sales_index,Sales Index,2.4,2.6,0.2,8.33,0.0,Improvement
P1029,Amazon,Sunsilk,Hair Care,sales_index,Sales Index,20.0,19.1,-0.9,-4.5,0.0,Deterioration
P1029,Flipkart,Sunsilk,Hair Care,sales_index,Sales Index,4.4,12.4,8.0,181.82,0.2,Improvement
P1029,JioMart,Sunsilk,Hair Care,sales_index,Sales Index,4.5,7.6,3.1,68.89,0.1,Improvement
P1029,Meesho,Sunsilk,Hair Care,sales_index,Sales Index,11.8,8.8,-3.0,-25.42,0.1,Deterioration
P1029,Website,Sunsilk,Hair Care,sales_index,Sales Index,2.6,6.0,3.4,130.77,0.1,Improvement
P1032,Amazon,Sunsilk,Hair Care,sales_index,Sales Index,22.9,29.6,6.7,29.26,0.2,Improvement
P1032,Flipkart,Sunsilk,Hair Care,sales_index,Sales Index,11.3,11.2,-0.1,-0.88,0.0,Deterioration
P1032,JioMart,Sunsilk,Hair Care,sales_index,Sales Index,4.6,5.0,0.4,8.7,0.0,Improvement
P1032,Meesho,Sunsilk,Hair Care,sales_index,Sales Index,12.8,3.9,-8.9,-69.53,0.2,Deterioration
P1032,Website,Sunsilk,Hair Care,sales_index,Sales Index,4.1,6.4,2.3,56.1,0.1,Improvement
P1033,Amazon,Sunsilk,Hair Care,sales_index,Sales Index,21.1,28.5,7.4,35.07,0.2,Improvement
P1033,Flipkart,Sunsilk,Hair Care,sales_index,Sales Index,13.4,14.8,1.4,10.45,0.0,Improvement
P1033,JioMart,Sunsilk,Hair Care,sales_index,Sales Index,6.6,3.1,-3.5,-53.03,0.1,Deterioration
P1033,Meesho,Sunsilk,Hair Care,sales_index,Sales Index,8.6,14.8,6.2,72.09,0.1,Improvement
P1033,Website,Sunsilk,Hair Care,sales_index,Sales Index,8.2,4.9,-3.3,-40.24,0.1,Deterioration
P1035,Amazon,Sunsilk,Hair Care,sales_index,Sales Index,25.0,27.9,2.9,11.6,0.1,Improvement
P1035,Flipkart,Sunsilk,Hair Care,sales_index,Sales Index,10.0,7.9,-2.1,-21.0,0.0,Deterioration
P1035,JioMart,Sunsilk,Hair Care,sales_index,Sales Index,5.2,7.0,1.8,34.62,0.0,Improvement
P1035,Meesho,Sunsilk,Hair Care,sales_index,Sales Index,4.8,10.0,5.2,108.33,0.1,Improvement
P1035,Website,Sunsilk,Hair Care,sales_index,Sales Index,9.4,7.8,-1.6,-17.02,0.0,Deterioration
P1038,Amazon,Sunsilk,Hair Care,sales_index,Sales Index,22.4,16.4,-6.0,-26.79,0.1,Deterioration
P1038,Flipkart,Sunsilk,Hair Care,sales_index,Sales Index,9.8,17.2,7.4,75.51,0.2,Improvement
P1038,JioMart,Sunsilk,Hair Care,sales_index,Sales Index,5.9,4.5,-1.4,-23.73,0.0,Deterioration
P1038,Meesho,Sunsilk,Hair Care,sales_index,Sales Index,5.0,6.2,1.2,24.0,0.0,Improvement
P1038,Website,Sunsilk,Hair Care,sales_index,Sales Index,6.3,2.5,-3.8,-60.32,0.1,Deterioration
P1039,Amazon,Sunsilk,Hair Care,sales_index,Sales Index,40.7,26.2,-14.5,-35.63,0.3,Deterioration
P1039,Flipkart,Sunsilk,Hair Care,sales_index,Sales Index,8.6,8.5,-0.1,-1.16,0.0,Deterioration
P1039,JioMart,Sunsilk,Hair Care,sales_index,Sales Index,10.7,6.2,-4.5,-42.06,0.1,Deterioration
P1039,Meesho,Sunsilk,Hair Care,sales_index,Sales Index,7.4,8.9,1.5,20.27,0.0,Improvement
P1039,Website,Sunsilk,Hair Care,sales_index,Sales Index,2.4,3.2,0.8,33.33,0.0,Improvement
P1041,Amazon,Sunsilk,Hair Care,sales_index,Sales Index,18.7,26.1,7.4,39.57,0.2,Improvement
P1041,Flipkart,Sunsilk,Hair Care,sales_index,Sales Index,10.9,10.0,-0.9,-8.26,0.0,Deterioration
P1041,JioMart,Sunsilk,Hair Care,sales_index,Sales Index,7.1,5.8,-1.3,-18.31,0.0,Deterioration
P1041,Meesho,Sunsilk,Hair Care,sales_index,Sales Index,11.3,6.3,-5.0,-44.25,0.1,Deterioration
P1041,Website,Sunsilk,Hair Care,sales_index,Sales Index,4.4,5.2,0.8,18.18,0.0,Improvement
P1042,Amazon,Sunsilk,Hair Care,sales_index,Sales Index,57.3,60.8,3.5,6.11,0.1,Improvement
P1042,Flipkart,Sunsilk,Hair Care,sales_index,Sales Index,18.0,21.4,3.4,18.89,0.1,Improvement
P1042,JioMart,Sunsilk,Hair Care,sales_index,Sales Index,12.3,14.9,2.6,21.14,0.1,Improvement
P1042,Meesho,Sunsilk,Hair Care,sales_index,Sales Index,17.0,24.8,7.8,45.88,0.2,Improvement
P1042,Website,Sunsilk,Hair Care,sales_index,Sales Index,17.6,22.5,4.9,27.84,0.1,Improvement
P1043,Amazon,Sunsilk,Hair Care,sales_index,Sales Index,44.1,53.6,9.5,21.54,0.2,Improvement
P1043,Flipkart,Sunsilk,Hair Care,sales_index,Sales Index,40.4,33.0,-7.4,-18.32,0.2,Deterioration
P1043,JioMart,Sunsilk,Hair Care,sales_index,Sales Index,12.0,17.4,5.4,45.0,0.1,Improvement
P1043,Meesho,Sunsilk,Hair Care,sales_index,Sales Index,16.3,15.1,-1.2,-7.36,0.0,Deterioration
P1043,Website,Sunsilk,Hair Care,sales_index,Sales Index,10.8,14.0,3.2,29.63,0.1,Improvement
P1044,Amazon,Sunsilk,Hair Care,sales_index,Sales Index,63.8,59.9,-3.9,-6.11,0.1,Deterioration
P1044,Flipkart,Sunsilk,Hair Care,sales_index,Sales Index,24.0,26.9,2.9,12.08,0.1,Improvement
P1044,JioMart,Sunsilk,Hair Care,sales_index,Sales Index,9.1,15.6,6.5,71.43,0.2,Improvement
P1044,Meesho,Sunsilk,Hair Care,sales_index,Sales Index,15.4,7.6,-7.8,-50.65,0.2,Deterioration
P1044,Website,Sunsilk,Hair Care,sales_index,Sales Index,3.2,17.4,14.2,443.75,0.3,Improvement
P1048,Amazon,Sunsilk,Hair Care,sales_index,Sales Index,58.1,76.1,18.0,30.98,0.4,Improvement
P1048,Flipkart,Sunsilk,Hair Care,sales_index,Sales Index,26.5,29.4,2.9,10.94,0.1,Improvement
P1048,JioMart,Sunsilk,Hair Care,sales_index,Sales Index,21.7,6.6,-15.1,-69.59,0.4,Deterioration
P1048,Meesho,Sunsilk,Hair Care,sales_index,Sales Index,12.3,3.2,-9.1,-73.98,0.2,Deterioration
P1048,Website,Sunsilk,Hair Care,sales_index,Sales Index,12.9,6.7,-6.2,-48.06,0.1,Deterioration
P1052,Amazon,Sunsilk,Hair Care,sales_index,Sales Index,14.4,26.8,12.4,86.11,0.3,Improvement
P1052,Flipkart,Sunsilk,Hair Care,sales_index,Sales Index,11.2,10.5,-0.7,-6.25,0.0,Deterioration
P1052,JioMart,Sunsilk,Hair Care,sales_index,Sales Index,4.5,6.6,2.1,46.67,0.0,Improvement
P1052,Meesho,Sunsilk,Hair Care,sales_index,Sales Index,6.8,6.2,-0.6,-8.82,0.0,Deterioration
P1052,Website,Sunsilk,Hair Care,sales_index,Sales Index,3.2,4.5,1.3,40.62,0.0,Improvement
P1067,Amazon,Tiger Balm,Health & Wellness,sales_index,Sales Index,45.0,59.3,14.3,31.78,0.3,Improvement
P1067,Flipkart,Tiger Balm,Health & Wellness,sales_index,Sales Index,29.4,13.1,-16.3,-55.44,0.4,Deterioration
P1067,JioMart,Tiger Balm,Health & Wellness,sales_index,Sales Index,4.5,11.5,7.0,155.56,0.2,Improvement
P1067,Meesho,Tiger Balm,Health & Wellness,sales_index,Sales Index,23.8,18.0,-5.8,-24.37,0.1,Deterioration
P1067,Website,Tiger Balm,Health & Wellness,sales_index,Sales Index,7.3,7.0,-0.3,-4.11,0.0,Deterioration
P1069,Amazon,Tiger Balm,Health & Wellness,sales_index,Sales Index,57.3,44.3,-13.0,-22.69,0.3,Deterioration
P1069,Flipkart,Tiger Balm,Health & Wellness,sales_index,Sales Index,19.3,10.4,-8.9,-46.11,0.2,Deterioration
P1069,JioMart,Tiger Balm,Health & Wellness,sales_index,Sales Index,15.9,11.6,-4.3,-27.04,0.1,Deterioration
P1069,Meesho,Tiger Balm,Health & Wellness,sales_index,Sales Index,19.7,15.7,-4.0,-20.3,0.1,Deterioration
P1069,Website,Tiger Balm,Health & Wellness,sales_index,Sales Index,10.2,11.6,1.4,13.73,0.0,Improvement
P1070,Amazon,Tiger Balm,Health & Wellness,sales_index,Sales Index,28.5,15.5,-13.0,-45.61,0.3,Deterioration
P1070,Flipkart,Tiger Balm,Health & Wellness,sales_index,Sales Index,9.2,6.4,-2.8,-30.43,0.1,Deterioration
P1070,JioMart,Tiger Balm,Health & Wellness,sales_index,Sales Index,4.6,2.8,-1.8,-39.13,0.0,Deterioration
P1070,Meesho,Tiger Balm,Health & Wellness,sales_index,Sales Index,5.0,6.1,1.1,22.0,0.0,Improvement
P1070,Website,Tiger Balm,Health & Wellness,sales_index,Sales Index,3.4,5.7,2.3,67.65,0.1,Improvement
P1071,Amazon,Tiger Balm,Health & Wellness,sales_index,Sales Index,15.8,13.8,-2.0,-12.66,0.0,Deterioration
P1071,Flipkart,Tiger Balm,Health & Wellness,sales_index,Sales Index,9.9,5.3,-4.6,-46.46,0.1,Deterioration
P1071,JioMart,Tiger Balm,Health & Wellness,sales_index,Sales Index,3.6,3.4,-0.2,-5.56,0.0,Deterioration
P1071,Meesho,Tiger Balm,Health & Wellness,sales_index,Sales Index,4.9,4.5,-0.4,-8.16,0.0,Deterioration
P1071,Website,Tiger Balm,Health & Wellness,sales_index,Sales Index,2.7,2.9,0.2,7.41,0.0,Improvement
P1072,Amazon,Tiger Balm,Health & Wellness,sales_index,Sales Index,24.3,13.5,-10.8,-44.44,0.3,Deterioration
P1072,Flipkart,Tiger Balm,Health & Wellness,sales_index,Sales Index,10.0,7.4,-2.6,-26.0,0.1,Deterioration
P1072,JioMart,Tiger Balm,Health & Wellness,sales_index,Sales Index,4.5,5.2,0.7,15.56,0.0,Improvement
P1072,Meesho,Tiger Balm,Health & Wellness,sales_index,Sales Index,8.3,5.7,-2.6,-31.33,0.1,Deterioration
P1072,Website,Tiger Balm,Health & Wellness,sales_index,Sales Index,8.0,5.0,-3.0,-37.5,0.1,Deterioration
P1075,Amazon,Tresemme,Hair Care,sales_index,Sales Index,51.7,54.7,3.0,5.8,0.1,Improvement
P1075,Flipkart,Tresemme,Hair Care,sales_index,Sales Index,30.0,17.8,-12.2,-40.67,0.3,Deterioration
P1075,JioMart,Tresemme,Hair Care,sales_index,Sales Index,9.7,9.6,-0.1,-1.03,0.0,Deterioration
P1075,Meesho,Tresemme,Hair Care,sales_index,Sales Index,20.3,11.2,-9.1,-44.83,0.2,Deterioration
P1075,Website,Tresemme,Hair Care,sales_index,Sales Index,16.3,17.8,1.5,9.2,0.0,Improvement
P1080,Amazon,Tresemme,Hair Care,sales_index,Sales Index,56.5,51.8,-4.7,-8.32,0.1,Deterioration
P1080,Flipkart,Tresemme,Hair Care,sales_index,Sales Index,19.5,18.2,-1.3,-6.67,0.0,Deterioration
P1080,JioMart,Tresemme,Hair Care,sales_index,Sales Index,14.6,1.7,-12.9,-88.36,0.3,Deterioration
P1080,Meesho,Tresemme,Hair Care,sales_index,Sales Index,12.4,10.7,-1.7,-13.71,0.0,Deterioration
P1080,Website,Tresemme,Hair Care,sales_index,Sales Index,21.4,15.1,-6.3,-29.44,0.1,Deterioration
P1085,Amazon,Tresemme,Hair Care,sales_index,Sales Index,40.6,55.2,14.6,35.96,0.3,Improvement
P1085,Flipkart,Tresemme,Hair Care,sales_index,Sales Index,13.9,13.8,-0.1,-0.72,0.0,Deterioration
P1085,JioMart,Tresemme,Hair Care,sales_index,Sales Index,10.8,11.0,0.2,1.85,0.0,Improvement
P1085,Meesho,Tresemme,Hair Care,sales_index,Sales Index,21.0,11.9,-9.1,-43.33,0.2,Deterioration
P1085,Website,Tresemme,Hair Care,sales_index,Sales Index,4.8,10.5,5.7,118.75,0.1,Improvement
P1099,Amazon,Tros,Body Care,sales_index,Sales Index,34.5,27.1,-7.4,-21.45,0.2,Deterioration
P1099,Flipkart,Tros,Body Care,sales_index,Sales Index,13.2,5.9,-7.3,-55.3,0.2,Deterioration
P1099,JioMart,Tros,Body Care,sales_index,Sales Index,9.5,4.0,-5.5,-57.89,0.1,Deterioration
P1099,Meesho,Tros,Body Care,sales_index,Sales Index,7.9,6.3,-1.6,-20.25,0.0,Deterioration
P1099,Website,Tros,Body Care,sales_index,Sales Index,2.4,8.2,5.8,241.67,0.1,Improvement
P1100,Amazon,Tros,Body Care,sales_index,Sales Index,35.9,32.1,-3.8,-10.58,0.1,Deterioration
P1100,Flipkart,Tros,Body Care,sales_index,Sales Index,10.6,13.9,3.3,31.13,0.1,Improvement
P1100,JioMart,Tros,Body Care,sales_index,Sales Index,1.5,4.9,3.4,226.67,0.1,Improvement
P1100,Meesho,Tros,Body Care,sales_index,Sales Index,10.0,6.1,-3.9,-39.0,0.1,Deterioration
P1100,Website,Tros,Body Care,sales_index,Sales Index,7.9,5.7,-2.2,-27.85,0.1,Deterioration
P1105,Amazon,Vaseline,Body Care,sales_index,Sales Index,40.8,65.2,24.4,59.8,0.6,Improvement
P1105,Flipkart,Vaseline,Body Care,sales_index,Sales Index,28.3,39.5,11.2,39.58,0.3,Improvement
P1105,JioMart,Vaseline,Body Care,sales_index,Sales Index,11.2,14.2,3.0,26.79,0.1,Improvement
P1105,Meesho,Vaseline,Body Care,sales_index,Sales Index,10.7,13.9,3.2,29.91,0.1,Improvement
P1105,Website,Vaseline,Body Care,sales_index,Sales Index,17.9,15.9,-2.0,-11.17,0.0,Deterioration
P1107,Amazon,Vaseline,Body Care,sales_index,Sales Index,47.6,44.4,-3.2,-6.72,0.1,Deterioration
P1107,Flipkart,Vaseline,Body Care,sales_index,Sales Index,12.5,17.2,4.7,37.6,0.1,Improvement
P1107,JioMart,Vaseline,Body Care,sales_index,Sales Index,18.8,12.2,-6.6,-35.11,0.2,Deterioration
P1107,Meesho,Vaseline,Body Care,sales_index,Sales Index,14.2,11.7,-2.5,-17.61,0.1,Deterioration
P1107,Website,Vaseline,Body Care,sales_index,Sales Index,4.5,10.2,5.7,126.67,0.1,Improvement
P1109,Amazon,Vaseline,Body Care,sales_index,Sales Index,70.0,74.6,4.6,6.57,0.1,Improvement
P1109,Flipkart,Vaseline,Body Care,sales_index,Sales Index,19.5,21.2,1.7,8.72,0.0,Improvement
P1109,JioMart,Vaseline,Body Care,sales_index,Sales Index,16.0,10.8,-5.2,-32.5,0.1,Deterioration
P1109,Meesho,Vaseline,Body Care,sales_index,Sales Index,14.0,18.7,4.7,33.57,0.1,Improvement
P1109,Website,Vaseline,Body Care,sales_index,Sales Index,11.8,11.2,-0.6,-5.08,0.0,Deterioration
P1112,Amazon,Vaseline,Body Care,sales_index,Sales Index,43.5,21.0,-22.5,-51.72,0.5,Deterioration
P1112,Flipkart,Vaseline,Body Care,sales_index,Sales Index,15.0,10.8,-4.2,-28.0,0.1,Deterioration
P1112,JioMart,Vaseline,Body Care,sales_index,Sales Index,5.7,9.1,3.4,59.65,0.1,Improvement
P1112,Meesho,Vaseline,Body Care,sales_index,Sales Index,9.5,10.1,0.6,6.32,0.0,Improvement
P1112,Website,Vaseline,Body Care,sales_index,Sales Index,1.7,10.8,9.1,535.29,0.2,Improvement
P1114,Amazon,Vaseline,Body Care,sales_index,Sales Index,29.8,40.8,11.0,36.91,0.3,Improvement
P1114,Flipkart,Vaseline,Body Care,sales_index,Sales Index,18.2,17.3,-0.9,-4.95,0.0,Deterioration
P1114,JioMart,Vaseline,Body Care,sales_index,Sales Index,8.1,9.0,0.9,11.11,0.0,Improvement
P1114,Meesho,Vaseline,Body Care,sales_index,Sales Index,9.5,18.6,9.1,95.79,0.2,Improvement
P1114,Website,Vaseline,Body Care,sales_index,Sales Index,11.0,21.7,10.7,97.27,0.3,Improvement
P1120,Amazon,Vaseline,Skin Care,sales_index,Sales Index,55.2,45.5,-9.7,-17.57,0.2,Deterioration
P1120,Flipkart,Vaseline,Skin Care,sales_index,Sales Index,23.8,30.3,6.5,27.31,0.2,Improvement
P1120,JioMart,Vaseline,Skin Care,sales_index,Sales Index,15.7,8.7,-7.0,-44.59,0.2,Deterioration
P1120,Meesho,Vaseline,Skin Care,sales_index,Sales Index,13.7,16.0,2.3,16.79,0.1,Improvement
P1120,Website,Vaseline,Skin Care,sales_index,Sales Index,19.1,13.1,-6.0,-31.41,0.1,Deterioration
P1121,Amazon,Vaseline,Body Care,sales_index,Sales Index,49.8,70.3,20.5,41.16,0.5,Improvement
P1121,Flipkart,Vaseline,Body Care,sales_index,Sales Index,28.5,31.6,3.1,10.88,0.1,Improvement
P1121,JioMart,Vaseline,Body Care,sales_index,Sales Index,12.9,4.9,-8.0,-62.02,0.2,Deterioration
P1121,Meesho,Vaseline,Body Care,sales_index,Sales Index,12.2,25.6,13.4,109.84,0.3,Improvement
P1121,Website,Vaseline,Body Care,sales_index,Sales Index,9.9,11.3,1.4,14.14,0.0,Improvement
P1131,Amazon,Vaseline,Skin Care,sales_index,Sales Index,51.4,42.4,-9.0,-17.51,0.2,Deterioration
P1131,Flipkart,Vaseline,Skin Care,sales_index,Sales Index,23.0,16.3,-6.7,-29.13,0.2,Deterioration
P1131,JioMart,Vaseline,Skin Care,sales_index,Sales Index,14.5,16.4,1.9,13.1,0.0,Improvement
P1131,Meesho,Vaseline,Skin Care,sales_index,Sales Index,12.5,22.2,9.7,77.6,0.2,Improvement
P1131,Website,Vaseline,Skin Care,sales_index,Sales Index,8.1,16.7,8.6,106.17,0.2,Improvement
P1146,Amazon,Vaseline,Body Care,sales_index,Sales Index,45.0,38.3,-6.7,-14.89,0.2,Deterioration
P1146,Flipkart,Vaseline,Body Care,sales_index,Sales Index,22.8,31.6,8.8,38.6,0.2,Improvement
P1146,JioMart,Vaseline,Body Care,sales_index,Sales Index,20.8,14.7,-6.1,-29.33,0.1,Deterioration
P1146,Meesho,Vaseline,Body Care,sales_index,Sales Index,27.1,26.9,-0.2,-0.74,0.0,Deterioration
P1146,Website,Vaseline,Body Care,sales_index,Sales Index,25.7,22.7,-3.0,-11.67,0.1,Deterioration
P1150,Amazon,Vaseline,Body Care,sales_index,Sales Index,47.5,44.3,-3.2,-6.74,0.1,Deterioration
P1150,Flipkart,Vaseline,Body Care,sales_index,Sales Index,23.7,19.2,-4.5,-18.99,0.1,Deterioration
P1150,JioMart,Vaseline,Body Care,sales_index,Sales Index,5.6,13.6,8.0,142.86,0.2,Improvement
P1150,Meesho,Vaseline,Body Care,sales_index,Sales Index,6.4,16.3,9.9,154.69,0.2,Improvement
P1150,Website,Vaseline,Body Care,sales_index,Sales Index,2.4,9.9,7.5,312.5,0.2,Improvement
P1156,Amazon,Vaseline,Body Care,sales_index,Sales Index,75.5,45.0,-30.5,-40.4,0.7,Deterioration
P1156,Flipkart,Vaseline,Body Care,sales_index,Sales Index,13.0,37.6,24.6,189.23,0.6,Improvement
P1156,JioMart,Vaseline,Body Care,sales_index,Sales Index,15.7,8.0,-7.7,-49.04,0.2,Deterioration
P1156,Meesho,Vaseline,Body Care,sales_index,Sales Index,12.4,14.3,1.9,15.32,0.0,Improvement
P1156,Website,Vaseline,Body Care,sales_index,Sales Index,6.4,24.1,17.7,276.56,0.4,Improvement
P1157,Amazon,Vaseline,Skin Care,sales_index,Sales Index,52.6,48.4,-4.2,-7.98,0.1,Deterioration
P1157,Flipkart,Vaseline,Skin Care,sales_index,Sales Index,18.9,21.8,2.9,15.34,0.1,Improvement
P1157,JioMart,Vaseline,Skin Care,sales_index,Sales Index,12.0,13.9,1.9,15.83,0.0,Improvement
P1157,Meesho,Vaseline,Skin Care,sales_index,Sales Index,23.7,19.4,-4.3,-18.14,0.1,Deterioration
P1157,Website,Vaseline,Skin Care,sales_index,Sales Index,18.5,13.9,-4.6,-24.86,0.1,Deterioration
P1162,Amazon,Vita Keratin,Hair Care,sales_index,Sales Index,74.5,82.7,8.2,11.01,0.2,Improvement
P1162,Flipkart,Vita Keratin,Hair Care,sales_index,Sales Index,33.9,22.5,-11.4,-33.63,0.3,Deterioration
P1162,JioMart,Vita Keratin,Hair Care,sales_index,Sales Index,8.9,6.2,-2.7,-30.34,0.1,Deterioration
P1162,Meesho,Vita Keratin,Hair Care,sales_index,Sales Index,21.7,10.7,-11.0,-50.69,0.3,Deterioration
P1162,Website,Vita Keratin,Hair Care,sales_index,Sales Index,9.7,9.1,-0.6,-6.19,0.0,Deterioration
P1164,Amazon,Wangprom,Health & Wellness,sales_index,Sales Index,17.4,19.4,2.0,11.49,0.0,Improvement
P1164,Flipkart,Wangprom,Health & Wellness,sales_index,Sales Index,3.3,9.7,6.4,193.94,0.2,Improvement
P1164,JioMart,Wangprom,Health & Wellness,sales_index,Sales Index,6.6,2.0,-4.6,-69.7,0.1,Deterioration
P1164,Meesho,Wangprom,Health & Wellness,sales_index,Sales Index,7.3,8.8,1.5,20.55,0.0,Improvement
P1164,Website,Wangprom,Health & Wellness,sales_index,Sales Index,7.2,3.3,-3.9,-54.17,0.1,Deterioration
P1176,Amazon,Wangprom,Health & Wellness,sales_index,Sales Index,44.5,26.3,-18.2,-40.9,0.4,Deterioration
P1176,Flipkart,Wangprom,Health & Wellness,sales_index,Sales Index,12.7,11.9,-0.8,-6.3,0.0,Deterioration
P1176,JioMart,Wangprom,Health & Wellness,sales_index,Sales Index,6.3,14.4,8.1,128.57,0.2,Improvement
P1176,Meesho,Wangprom,Health & Wellness,sales_index,Sales Index,14.1,7.1,-7.0,-49.65,0.2,Deterioration
P1176,Website,Wangprom,Health & Wellness,sales_index,Sales Index,6.3,5.2,-1.1,-17.46,0.0,Deterioration
P1185,Amazon,Watsons,Oral Care,sales_index,Sales Index,20.2,28.9,8.7,43.07,0.2,Improvement
P1185,Flipkart,Watsons,Oral Care,sales_index,Sales Index,15.5,6.9,-8.6,-55.48,0.2,Deterioration
P1185,JioMart,Watsons,Oral Care,sales_index,Sales Index,4.9,6.1,1.2,24.49,0.0,Improvement
P1185,Meesho,Watsons,Oral Care,sales_index,Sales Index,9.4,18.0,8.6,91.49,0.2,Improvement
P1185,Website,Watsons,Oral Care,sales_index,Sales Index,4.3,5.0,0.7,16.28,0.0,Improvement
P1190,Amazon,Watsons,Oral Care,sales_index,Sales Index,21.8,36.2,14.4,66.06,0.3,Improvement
P1190,Flipkart,Watsons,Oral Care,sales_index,Sales Index,13.7,22.2,8.5,62.04,0.2,Improvement
P1190,JioMart,Watsons,Oral Care,sales_index,Sales Index,3.4,5.9,2.5,73.53,0.1,Improvement
P1190,Meesho,Watsons,Oral Care,sales_index,Sales Index,5.8,10.5,4.7,81.03,0.1,Improvement
P1190,Website,Watsons,Oral Care,sales_index,Sales Index,8.7,5.3,-3.4,-39.08,0.1,Deterioration
P1196,Amazon,Watsons,Oral Care,sales_index,Sales Index,42.1,46.8,4.7,11.16,0.1,Improvement
P1196,Flipkart,Watsons,Oral Care,sales_index,Sales Index,18.1,12.3,-5.8,-32.04,0.1,Deterioration
P1196,JioMart,Watsons,Oral Care,sales_index,Sales Index,7.5,11.2,3.7,49.33,0.1,Improvement
P1196,Meesho,Watsons,Oral Care,sales_index,Sales Index,12.9,8.0,-4.9,-37.98,0.1,Deterioration
P1196,Website,Watsons,Oral Care,sales_index,Sales Index,2.5,6.0,3.5,140.0,0.1,Improvement
P1200,Amazon,Watsons,Oral Care,sales_index,Sales Index,20.0,23.4,3.4,17.0,0.1,Improvement
P1200,Flipkart,Watsons,Oral Care,sales_index,Sales Index,5.7,9.7,4.0,70.18,0.1,Improvement
P1200,JioMart,Watsons,Oral Care,sales_index,Sales Index,1.7,4.0,2.3,135.29,0.1,Improvement
P1200,Meesho,Watsons,Oral Care,sales_index,Sales Index,4.9,4.8,-0.1,-2.04,0.0,Deterioration
P1200,Website,Watsons,Oral Care,sales_index,Sales Index,6.4,3.8,-2.6,-40.63,0.1,Deterioration
P1214,Amazon,Watsons,Oral Care,sales_index,Sales Index,24.2,22.7,-1.5,-6.2,0.0,Deterioration
P1214,Flipkart,Watsons,Oral Care,sales_index,Sales Index,8.1,8.1,0.0,0.0,0.0,No Change
P1214,JioMart,Watsons,Oral Care,sales_index,Sales Index,3.2,2.9,-0.3,-9.38,0.0,Deterioration
P1214,Meesho,Watsons,Oral Care,sales_index,Sales Index,8.9,6.1,-2.8,-31.46,0.1,Deterioration
P1214,Website,Watsons,Oral Care,sales_index,Sales Index,5.8,8.7,2.9,50.0,0.1,Improvement
P1218,Amazon,Watsons,Oral Care,sales_index,Sales Index,18.1,19.8,1.7,9.39,0.0,Improvement
P1218,Flipkart,Watsons,Oral Care,sales_index,Sales Index,12.9,8.6,-4.3,-33.33,0.1,Deterioration
P1218,JioMart,Watsons,Oral Care,sales_index,Sales Index,7.4,2.2,-5.2,-70.27,0.1,Deterioration
P1218,Meesho,Watsons,Oral Care,sales_index,Sales Index,8.7,10.4,1.7,19.54,0.0,Improvement
P1218,Website,Watsons,Oral Care,sales_index,Sales Index,6.4,2.8,-3.6,-56.25,0.1,Deterioration
P1237,Amazon,Watsons,Oral Care,sales_index,Sales Index,52.8,57.0,4.2,7.95,0.1,Improvement
P1237,Flipkart,Watsons,Oral Care,sales_index,Sales Index,31.4,21.3,-10.1,-32.17,0.2,Deterioration
P1237,JioMart,Watsons,Oral Care,sales_index,Sales Index,10.3,5.9,-4.4,-42.72,0.1,Deterioration
P1237,Meesho,Watsons,Oral Care,sales_index,Sales Index,11.0,19.7,8.7,79.09,0.2,Improvement
P1237,Website,Watsons,Oral Care,sales_index,Sales Index,10.3,11.8,1.5,14.56,0.0,Improvement
P1248,Amazon,Watsons,Skin Care,sales_index,Sales Index,30.0,31.8,1.8,6.0,0.0,Improvement
P1248,Flipkart,Watsons,Skin Care,sales_index,Sales Index,12.4,16.6,4.2,33.87,0.1,Improvement
P1248,JioMart,Watsons,Skin Care,sales_index,Sales Index,8.1,6.3,-1.8,-22.22,0.0,Deterioration
P1248,Meesho,Watsons,Skin Care,sales_index,Sales Index,7.1,7.8,0.7,9.86,0.0,Improvement
P1248,Website,Watsons,Skin Care,sales_index,Sales Index,12.1,6.3,-5.8,-47.93,0.1,Deterioration
P1249,Amazon,Watsons,Oral Care,sales_index,Sales Index,16.9,22.2,5.3,31.36,0.1,Improvement
P1249,Flipkart,Watsons,Oral Care,sales_index,Sales Index,6.9,11.3,4.4,63.77,0.1,Improvement
P1249,JioMart,Watsons,Oral Care,sales_index,Sales Index,5.9,2.3,-3.6,-61.02,0.1,Deterioration
P1249,Meesho,Watsons,Oral Care,sales_index,Sales Index,5.0,6.0,1.0,20.0,0.0,Improvement
P1249,Website,Watsons,Oral Care,sales_index,Sales Index,3.9,5.6,1.7,43.59,0.0,Improvement
P1251,Amazon,Watsons,Oral Care,sales_index,Sales Index,24.1,18.6,-5.5,-22.82,0.1,Deterioration
P1251,Flipkart,Watsons,Oral Care,sales_index,Sales Index,9.2,10.8,1.6,17.39,0.0,Improvement
P1251,JioMart,Watsons,Oral Care,sales_index,Sales Index,6.3,3.3,-3.0,-47.62,0.1,Deterioration
P1251,Meesho,Watsons,Oral Care,sales_index,Sales Index,8.1,7.5,-0.6,-7.41,0.0,Deterioration
P1251,Website,Watsons,Oral Care,sales_index,Sales Index,1.8,5.3,3.5,194.44,0.1,Improvement
P1254,Amazon,Watsons,Oral Care,sales_index,Sales Index,20.9,30.2,9.3,44.5,0.2,Improvement
P1254,Flipkart,Watsons,Oral Care,sales_index,Sales Index,22.6,10.7,-11.9,-52.65,0.3,Deterioration
P1254,JioMart,Watsons,Oral Care,sales_index,Sales Index,7.4,4.9,-2.5,-33.78,0.1,Deterioration
P1254,Meesho,Watsons,Oral Care,sales_index,Sales Index,8.4,8.0,-0.4,-4.76,0.0,Deterioration
P1254,Website,Watsons,Oral Care,sales_index,Sales Index,5.8,5.8,0.0,0.0,0.0,No Change
P0022,Amazon,Ambi Pur,Home & Kitchen,units_index,Units Index,60.0,50.0,-10.0,-16.67,0.2,Deterioration
P0022,Flipkart,Ambi Pur,Home & Kitchen,units_index,Units Index,15.0,21.7,6.7,44.67,0.1,Improvement
P0022,JioMart,Ambi Pur,Home & Kitchen,units_index,Units Index,21.7,11.7,-10.0,-46.08,0.2,Deterioration
P0022,Meesho,Ambi Pur,Home & Kitchen,units_index,Units Index,20.0,26.7,6.7,33.5,0.1,Improvement
P0022,Website,Ambi Pur,Home & Kitchen,units_index,Units Index,11.7,1.7,-10.0,-85.47,0.2,Deterioration
P0024,Amazon,AR,Skin Care,units_index,Units Index,48.3,63.3,15.0,31.06,0.2,Improvement
P0024,Flipkart,AR,Skin Care,units_index,Units Index,23.3,30.0,6.7,28.76,0.1,Improvement
P0024,JioMart,AR,Skin Care,units_index,Units Index,6.7,15.0,8.3,123.88,0.1,Improvement
P0024,Meesho,AR,Skin Care,units_index,Units Index,20.0,16.7,-3.3,-16.5,0.1,Deterioration
P0024,Website,AR,Skin Care,units_index,Units Index,11.7,13.3,1.6,13.68,0.0,Improvement
P0029,Amazon,Axe,Body Care,units_index,Units Index,46.7,63.3,16.6,35.55,0.3,Improvement
P0029,Flipkart,Axe,Body Care,units_index,Units Index,15.0,16.7,1.7,11.33,0.0,Improvement
P0029,JioMart,Axe,Body Care,units_index,Units Index,13.3,13.3,0.0,0.0,0.0,No Change
P0029,Meesho,Axe,Body Care,units_index,Units Index,21.7,13.3,-8.4,-38.71,0.1,Deterioration
P0029,Website,Axe,Body Care,units_index,Units Index,15.0,5.0,-10.0,-66.67,0.2,Deterioration
P0034,Amazon,Axe,Body Care,units_index,Units Index,61.7,70.0,8.3,13.45,0.1,Improvement
P0034,Flipkart,Axe,Body Care,units_index,Units Index,26.7,28.3,1.6,5.99,0.0,Improvement
P0034,JioMart,Axe,Body Care,units_index,Units Index,10.0,16.7,6.7,67.0,0.1,Improvement
P0034,Meesho,Axe,Body Care,units_index,Units Index,10.0,30.0,20.0,200.0,0.3,Improvement
P0034,Website,Axe,Body Care,units_index,Units Index,11.7,10.0,-1.7,-14.53,0.0,Deterioration
P0039,Amazon,Axe,Body Care,units_index,Units Index,58.3,40.0,-18.3,-31.39,0.3,Deterioration
P0039,Flipkart,Axe,Body Care,units_index,Units Index,25.0,41.7,16.7,66.8,0.3,Improvement
P0039,JioMart,Axe,Body Care,units_index,Units Index,11.7,10.0,-1.7,-14.53,0.0,Deterioration
P0039,Meesho,Axe,Body Care,units_index,Units Index,21.7,20.0,-1.7,-7.83,0.0,Deterioration
P0039,Website,Axe,Body Care,units_index,Units Index,28.3,18.3,-10.0,-35.34,0.2,Deterioration
P0041,Amazon,Axe,Body Care,units_index,Units Index,50.0,31.7,-18.3,-36.6,0.3,Deterioration
P0041,Flipkart,Axe,Body Care,units_index,Units Index,18.3,20.0,1.7,9.29,0.0,Improvement
P0041,JioMart,Axe,Body Care,units_index,Units Index,23.3,15.0,-8.3,-35.62,0.1,Deterioration
P0041,Meesho,Axe,Body Care,units_index,Units Index,20.0,10.0,-10.0,-50.0,0.2,Deterioration
P0041,Website,Axe,Body Care,units_index,Units Index,13.3,13.3,0.0,0.0,0.0,No Change
P0042,Amazon,Axe,Body Care,units_index,Units Index,50.0,63.3,13.3,26.6,0.2,Improvement
P0042,Flipkart,Axe,Body Care,units_index,Units Index,35.0,35.0,0.0,0.0,0.0,No Change
P0042,JioMart,Axe,Body Care,units_index,Units Index,13.3,11.7,-1.6,-12.03,0.0,Deterioration
P0042,Meesho,Axe,Body Care,units_index,Units Index,11.7,18.3,6.6,56.41,0.1,Improvement
P0042,Website,Axe,Body Care,units_index,Units Index,10.0,8.3,-1.7,-17.0,0.0,Deterioration
P0082,Amazon,Biore,Skin Care,units_index,Units Index,58.3,63.3,5.0,8.58,0.1,Improvement
P0082,Flipkart,Biore,Skin Care,units_index,Units Index,18.3,31.7,13.4,73.22,0.2,Improvement
P0082,JioMart,Biore,Skin Care,units_index,Units Index,11.7,21.7,10.0,85.47,0.2,Improvement
P0082,Meesho,Biore,Skin Care,units_index,Units Index,18.3,16.7,-1.6,-8.74,0.0,Deterioration
P0082,Website,Biore,Skin Care,units_index,Units Index,10.0,13.3,3.3,33.0,0.1,Improvement
P0156,Amazon,Colgate,Oral Care,units_index,Units Index,56.7,65.0,8.3,14.64,0.1,Improvement
P0156,Flipkart,Colgate,Oral Care,units_index,Units Index,16.7,25.0,8.3,49.7,0.1,Improvement
P0156,JioMart,Colgate,Oral Care,units_index,Units Index,5.0,11.7,6.7,134.0,0.1,Improvement
P0156,Meesho,Colgate,Oral Care,units_index,Units Index,15.0,11.7,-3.3,-22.0,0.1,Deterioration
P0156,Website,Colgate,Oral Care,units_index,Units Index,5.0,13.3,8.3,166.0,0.1,Improvement
P0168,Amazon,Colgate,Oral Care,units_index,Units Index,71.7,63.3,-8.4,-11.72,0.1,Deterioration
P0168,Flipkart,Colgate,Oral Care,units_index,Units Index,21.7,38.3,16.6,76.5,0.3,Improvement
P0168,JioMart,Colgate,Oral Care,units_index,Units Index,26.7,10.0,-16.7,-62.55,0.3,Deterioration
P0168,Meesho,Colgate,Oral Care,units_index,Units Index,11.7,11.7,0.0,0.0,0.0,No Change
P0168,Website,Colgate,Oral Care,units_index,Units Index,10.0,13.3,3.3,33.0,0.1,Improvement
P0170,Amazon,Colgate,Oral Care,units_index,Units Index,65.0,63.3,-1.7,-2.62,0.0,Deterioration
P0170,Flipkart,Colgate,Oral Care,units_index,Units Index,16.7,13.3,-3.4,-20.36,0.1,Deterioration
P0170,JioMart,Colgate,Oral Care,units_index,Units Index,20.0,13.3,-6.7,-33.5,0.1,Deterioration
P0170,Meesho,Colgate,Oral Care,units_index,Units Index,11.7,26.7,15.0,128.21,0.2,Improvement
P0170,Website,Colgate,Oral Care,units_index,Units Index,16.7,16.7,0.0,0.0,0.0,No Change
P0172,Amazon,Colgate,Oral Care,units_index,Units Index,60.0,63.3,3.3,5.5,0.1,Improvement
P0172,Flipkart,Colgate,Oral Care,units_index,Units Index,25.0,21.7,-3.3,-13.2,0.1,Deterioration
P0172,JioMart,Colgate,Oral Care,units_index,Units Index,11.7,15.0,3.3,28.21,0.1,Improvement
P0172,Meesho,Colgate,Oral Care,units_index,Units Index,13.3,20.0,6.7,50.38,0.1,Improvement
P0172,Website,Colgate,Oral Care,units_index,Units Index,6.7,6.7,0.0,0.0,0.0,No Change
P0175,Amazon,Colgate,Oral Care,units_index,Units Index,60.0,60.0,0.0,0.0,0.0,No Change
P0175,Flipkart,Colgate,Oral Care,units_index,Units Index,23.3,31.7,8.4,36.05,0.1,Improvement
P0175,JioMart,Colgate,Oral Care,units_index,Units Index,20.0,10.0,-10.0,-50.0,0.2,Deterioration
P0175,Meesho,Colgate,Oral Care,units_index,Units Index,20.0,20.0,0.0,0.0,0.0,No Change
P0175,Website,Colgate,Oral Care,units_index,Units Index,10.0,10.0,0.0,0.0,0.0,No Change
P0178,Amazon,Colgate,Oral Care,units_index,Units Index,45.0,56.7,11.7,26.0,0.2,Improvement
P0178,Flipkart,Colgate,Oral Care,units_index,Units Index,36.7,21.7,-15.0,-40.87,0.2,Deterioration
P0178,JioMart,Colgate,Oral Care,units_index,Units Index,10.0,10.0,0.0,0.0,0.0,No Change
P0178,Meesho,Colgate,Oral Care,units_index,Units Index,36.7,16.7,-20.0,-54.5,0.3,Deterioration
P0178,Website,Colgate,Oral Care,units_index,Units Index,15.0,10.0,-5.0,-33.33,0.1,Deterioration
P0212,Amazon,Colgate,Oral Care,units_index,Units Index,48.3,58.3,10.0,20.7,0.2,Improvement
P0212,Flipkart,Colgate,Oral Care,units_index,Units Index,30.0,26.7,-3.3,-11.0,0.1,Deterioration
P0212,JioMart,Colgate,Oral Care,units_index,Units Index,18.3,10.0,-8.3,-45.36,0.1,Deterioration
P0212,Meesho,Colgate,Oral Care,units_index,Units Index,16.7,25.0,8.3,49.7,0.1,Improvement
P0212,Website,Colgate,Oral Care,units_index,Units Index,15.0,8.3,-6.7,-44.67,0.1,Deterioration
P0218,Amazon,Colgate,Oral Care,units_index,Units Index,41.7,55.0,13.3,31.89,0.2,Improvement
P0218,Flipkart,Colgate,Oral Care,units_index,Units Index,23.3,18.3,-5.0,-21.46,0.1,Deterioration
P0218,JioMart,Colgate,Oral Care,units_index,Units Index,5.0,18.3,13.3,266.0,0.2,Improvement
P0218,Meesho,Colgate,Oral Care,units_index,Units Index,25.0,30.0,5.0,20.0,0.1,Improvement
P0218,Website,Colgate,Oral Care,units_index,Units Index,10.0,13.3,3.3,33.0,0.1,Improvement
P0225,Amazon,Colgate,Oral Care,units_index,Units Index,60.0,80.0,20.0,33.33,0.3,Improvement
P0225,Flipkart,Colgate,Oral Care,units_index,Units Index,21.7,36.7,15.0,69.12,0.2,Improvement
P0225,JioMart,Colgate,Oral Care,units_index,Units Index,13.3,15.0,1.7,12.78,0.0,Improvement
P0225,Meesho,Colgate,Oral Care,units_index,Units Index,13.3,20.0,6.7,50.38,0.1,Improvement
P0225,Website,Colgate,Oral Care,units_index,Units Index,23.3,25.0,1.7,7.3,0.0,Improvement
P0230,Amazon,Counterpain,Health & Wellness,units_index,Units Index,66.7,65.0,-1.7,-2.55,0.0,Deterioration
P0230,Flipkart,Counterpain,Health & Wellness,units_index,Units Index,26.7,33.3,6.6,24.72,0.1,Improvement
P0230,JioMart,Counterpain,Health & Wellness,units_index,Units Index,10.0,13.3,3.3,33.0,0.1,Improvement
P0230,Meesho,Counterpain,Health & Wellness,units_index,Units Index,20.0,1.7,-18.3,-91.5,0.3,Deterioration
P0230,Website,Counterpain,Health & Wellness,units_index,Units Index,15.0,15.0,0.0,0.0,0.0,No Change
P0233,Amazon,Counterpain,Health & Wellness,units_index,Units Index,51.7,55.0,3.3,6.38,0.1,Improvement
P0233,Flipkart,Counterpain,Health & Wellness,units_index,Units Index,38.3,18.3,-20.0,-52.22,0.3,Deterioration
P0233,JioMart,Counterpain,Health & Wellness,units_index,Units Index,5.0,13.3,8.3,166.0,0.1,Improvement
P0233,Meesho,Counterpain,Health & Wellness,units_index,Units Index,21.7,15.0,-6.7,-30.88,0.1,Deterioration
P0233,Website,Counterpain,Health & Wellness,units_index,Units Index,15.0,16.7,1.7,11.33,0.0,Improvement
P0235,Amazon,Counterpain,Health & Wellness,units_index,Units Index,40.0,53.3,13.3,33.25,0.2,Improvement
P0235,Flipkart,Counterpain,Health & Wellness,units_index,Units Index,35.0,25.0,-10.0,-28.57,0.2,Deterioration
P0235,JioMart,Counterpain,Health & Wellness,units_index,Units Index,15.0,16.7,1.7,11.33,0.0,Improvement
P0235,Meesho,Counterpain,Health & Wellness,units_index,Units Index,35.0,18.3,-16.7,-47.71,0.3,Deterioration
P0235,Website,Counterpain,Health & Wellness,units_index,Units Index,13.3,13.3,0.0,0.0,0.0,No Change
P0246,Amazon,Dove,Body Care,units_index,Units Index,50.0,55.0,5.0,10.0,0.1,Improvement
P0246,Flipkart,Dove,Body Care,units_index,Units Index,25.0,20.0,-5.0,-20.0,0.1,Deterioration
P0246,JioMart,Dove,Body Care,units_index,Units Index,16.7,8.3,-8.4,-50.3,0.1,Deterioration
P0246,Meesho,Dove,Body Care,units_index,Units Index,15.0,21.7,6.7,44.67,0.1,Improvement
P0246,Website,Dove,Body Care,units_index,Units Index,13.3,13.3,0.0,0.0,0.0,No Change
P0252,Amazon,Dove,Hair Care,units_index,Units Index,41.7,60.0,18.3,43.88,0.3,Improvement
P0252,Flipkart,Dove,Hair Care,units_index,Units Index,25.0,25.0,0.0,0.0,0.0,No Change
P0252,JioMart,Dove,Hair Care,units_index,Units Index,20.0,16.7,-3.3,-16.5,0.1,Deterioration
P0252,Meesho,Dove,Hair Care,units_index,Units Index,16.7,15.0,-1.7,-10.18,0.0,Deterioration
P0252,Website,Dove,Hair Care,units_index,Units Index,15.0,10.0,-5.0,-33.33,0.1,Deterioration
P0253,Amazon,Dove,Hair Care,units_index,Units Index,53.3,56.7,3.4,6.38,0.1,Improvement
P0253,Flipkart,Dove,Hair Care,units_index,Units Index,30.0,20.0,-10.0,-33.33,0.2,Deterioration
P0253,JioMart,Dove,Hair Care,units_index,Units Index,10.0,13.3,3.3,33.0,0.1,Improvement
P0253,Meesho,Dove,Hair Care,units_index,Units Index,16.7,26.7,10.0,59.88,0.2,Improvement
P0253,Website,Dove,Hair Care,units_index,Units Index,1.7,13.3,11.6,682.35,0.2,Improvement
P0257,Amazon,Dove,Hair Care,units_index,Units Index,78.3,75.0,-3.3,-4.21,0.1,Deterioration
P0257,Flipkart,Dove,Hair Care,units_index,Units Index,20.0,38.3,18.3,91.5,0.3,Improvement
P0257,JioMart,Dove,Hair Care,units_index,Units Index,8.3,6.7,-1.6,-19.28,0.0,Deterioration
P0257,Meesho,Dove,Hair Care,units_index,Units Index,16.7,30.0,13.3,79.64,0.2,Improvement
P0257,Website,Dove,Hair Care,units_index,Units Index,10.0,16.7,6.7,67.0,0.1,Improvement
P0259,Amazon,Dove,Hair Care,units_index,Units Index,65.0,55.0,-10.0,-15.38,0.2,Deterioration
P0259,Flipkart,Dove,Hair Care,units_index,Units Index,21.7,21.7,0.0,0.0,0.0,No Change
P0259,JioMart,Dove,Hair Care,units_index,Units Index,15.0,16.7,1.7,11.33,0.0,Improvement
P0259,Meesho,Dove,Hair Care,units_index,Units Index,20.0,28.3,8.3,41.5,0.1,Improvement
P0259,Website,Dove,Hair Care,units_index,Units Index,21.7,16.7,-5.0,-23.04,0.1,Deterioration
P0260,Amazon,Dove,Hair Care,units_index,Units Index,53.3,48.3,-5.0,-9.38,0.1,Deterioration
P0260,Flipkart,Dove,Hair Care,units_index,Units Index,30.0,31.7,1.7,5.67,0.0,Improvement
P0260,JioMart,Dove,Hair Care,units_index,Units Index,8.3,13.3,5.0,60.24,0.1,Improvement
P0260,Meesho,Dove,Hair Care,units_index,Units Index,8.3,23.3,15.0,180.72,0.2,Improvement
P0260,Website,Dove,Hair Care,units_index,Units Index,5.0,15.0,10.0,200.0,0.2,Improvement
P0261,Amazon,Dove,Hair Care,units_index,Units Index,65.0,51.7,-13.3,-20.46,0.2,Deterioration
P0261,Flipkart,Dove,Hair Care,units_index,Units Index,25.0,18.3,-6.7,-26.8,0.1,Deterioration
P0261,JioMart,Dove,Hair Care,units_index,Units Index,18.3,11.7,-6.6,-36.07,0.1,Deterioration
P0261,Meesho,Dove,Hair Care,units_index,Units Index,15.0,20.0,5.0,33.33,0.1,Improvement
P0261,Website,Dove,Hair Care,units_index,Units Index,10.0,11.7,1.7,17.0,0.0,Improvement
P0262,Amazon,Dove,Hair Care,units_index,Units Index,65.0,58.3,-6.7,-10.31,0.1,Deterioration
P0262,Flipkart,Dove,Hair Care,units_index,Units Index,41.7,25.0,-16.7,-40.05,0.3,Deterioration
P0262,JioMart,Dove,Hair Care,units_index,Units Index,15.0,10.0,-5.0,-33.33,0.1,Deterioration
P0262,Meesho,Dove,Hair Care,units_index,Units Index,21.7,8.3,-13.4,-61.75,0.2,Deterioration
P0262,Website,Dove,Hair Care,units_index,Units Index,10.0,15.0,5.0,50.0,0.1,Improvement
P0263,Amazon,Dove,Hair Care,units_index,Units Index,56.7,51.7,-5.0,-8.82,0.1,Deterioration
P0263,Flipkart,Dove,Hair Care,units_index,Units Index,25.0,41.7,16.7,66.8,0.3,Improvement
P0263,JioMart,Dove,Hair Care,units_index,Units Index,8.3,15.0,6.7,80.72,0.1,Improvement
P0263,Meesho,Dove,Hair Care,units_index,Units Index,11.7,10.0,-1.7,-14.53,0.0,Deterioration
P0263,Website,Dove,Hair Care,units_index,Units Index,15.0,18.3,3.3,22.0,0.1,Improvement
P0264,Amazon,Dove,Body Care,units_index,Units Index,58.3,78.3,20.0,34.31,0.3,Improvement
P0264,Flipkart,Dove,Body Care,units_index,Units Index,26.7,26.7,0.0,0.0,0.0,No Change
P0264,JioMart,Dove,Body Care,units_index,Units Index,11.7,18.3,6.6,56.41,0.1,Improvement
P0264,Meesho,Dove,Body Care,units_index,Units Index,25.0,26.7,1.7,6.8,0.0,Improvement
P0264,Website,Dove,Body Care,units_index,Units Index,11.7,15.0,3.3,28.21,0.1,Improvement
P0270,Amazon,Dove,Hair Care,units_index,Units Index,66.7,40.0,-26.7,-40.03,0.4,Deterioration
P0270,Flipkart,Dove,Hair Care,units_index,Units Index,30.0,16.7,-13.3,-44.33,0.2,Deterioration
P0270,JioMart,Dove,Hair Care,units_index,Units Index,21.7,5.0,-16.7,-76.96,0.3,Deterioration
P0270,Meesho,Dove,Hair Care,units_index,Units Index,6.7,16.7,10.0,149.25,0.2,Improvement
P0270,Website,Dove,Hair Care,units_index,Units Index,11.7,18.3,6.6,56.41,0.1,Improvement
P0271,Amazon,Dove,Hair Care,units_index,Units Index,48.3,50.0,1.7,3.52,0.0,Improvement
P0271,Flipkart,Dove,Hair Care,units_index,Units Index,25.0,30.0,5.0,20.0,0.1,Improvement
P0271,JioMart,Dove,Hair Care,units_index,Units Index,16.7,18.3,1.6,9.58,0.0,Improvement
P0271,Meesho,Dove,Hair Care,units_index,Units Index,21.7,8.3,-13.4,-61.75,0.2,Deterioration
P0271,Website,Dove,Hair Care,units_index,Units Index,8.3,8.3,0.0,0.0,0.0,No Change
P0278,Amazon,Dove,Hair Care,units_index,Units Index,65.0,41.7,-23.3,-35.85,0.4,Deterioration
P0278,Flipkart,Dove,Hair Care,units_index,Units Index,30.0,18.3,-11.7,-39.0,0.2,Deterioration
P0278,JioMart,Dove,Hair Care,units_index,Units Index,18.3,11.7,-6.6,-36.07,0.1,Deterioration
P0278,Meesho,Dove,Hair Care,units_index,Units Index,20.0,21.7,1.7,8.5,0.0,Improvement
P0278,Website,Dove,Hair Care,units_index,Units Index,11.7,6.7,-5.0,-42.74,0.1,Deterioration
P0279,Amazon,Dove,Body Care,units_index,Units Index,60.0,61.7,1.7,2.83,0.0,Improvement
P0279,Flipkart,Dove,Body Care,units_index,Units Index,25.0,28.3,3.3,13.2,0.1,Improvement
P0279,JioMart,Dove,Body Care,units_index,Units Index,11.7,25.0,13.3,113.68,0.2,Improvement
P0279,Meesho,Dove,Body Care,units_index,Units Index,20.0,23.3,3.3,16.5,0.1,Improvement
P0279,Website,Dove,Body Care,units_index,Units Index,21.7,10.0,-11.7,-53.92,0.2,Deterioration
P0308,Amazon,Dove,Hair Care,units_index,Units Index,46.7,61.7,15.0,32.12,0.2,Improvement
P0308,Flipkart,Dove,Hair Care,units_index,Units Index,18.3,26.7,8.4,45.9,0.1,Improvement
P0308,JioMart,Dove,Hair Care,units_index,Units Index,16.7,16.7,0.0,0.0,0.0,No Change
P0308,Meesho,Dove,Hair Care,units_index,Units Index,18.3,15.0,-3.3,-18.03,0.1,Deterioration
P0308,Website,Dove,Hair Care,units_index,Units Index,20.0,10.0,-10.0,-50.0,0.2,Deterioration
P0342,Amazon,Fino,Hair Care,units_index,Units Index,46.7,55.0,8.3,17.77,0.1,Improvement
P0342,Flipkart,Fino,Hair Care,units_index,Units Index,25.0,35.0,10.0,40.0,0.2,Improvement
P0342,JioMart,Fino,Hair Care,units_index,Units Index,6.7,15.0,8.3,123.88,0.1,Improvement
P0342,Meesho,Fino,Hair Care,units_index,Units Index,16.7,10.0,-6.7,-40.12,0.1,Deterioration
P0342,Website,Fino,Hair Care,units_index,Units Index,15.0,6.7,-8.3,-55.33,0.1,Deterioration
P0343,Amazon,Fino,Hair Care,units_index,Units Index,51.7,48.3,-3.4,-6.58,0.1,Deterioration
P0343,Flipkart,Fino,Hair Care,units_index,Units Index,26.7,20.0,-6.7,-25.09,0.1,Deterioration
P0343,JioMart,Fino,Hair Care,units_index,Units Index,10.0,15.0,5.0,50.0,0.1,Improvement
P0343,Meesho,Fino,Hair Care,units_index,Units Index,18.3,16.7,-1.6,-8.74,0.0,Deterioration
P0343,Website,Fino,Hair Care,units_index,Units Index,5.0,23.3,18.3,366.0,0.3,Improvement
P0427,Amazon,Kaowmanee,Skin Care,units_index,Units Index,46.7,78.3,31.6,67.67,0.5,Improvement
P0427,Flipkart,Kaowmanee,Skin Care,units_index,Units Index,30.0,15.0,-15.0,-50.0,0.2,Deterioration
P0427,JioMart,Kaowmanee,Skin Care,units_index,Units Index,15.0,8.3,-6.7,-44.67,0.1,Deterioration
P0427,Meesho,Kaowmanee,Skin Care,units_index,Units Index,20.0,10.0,-10.0,-50.0,0.2,Deterioration
P0427,Website,Kaowmanee,Skin Care,units_index,Units Index,13.3,10.0,-3.3,-24.81,0.1,Deterioration
P0437,Amazon,L'Oreal Paris,Skin Care,units_index,Units Index,56.7,55.0,-1.7,-3.0,0.0,Deterioration
P0437,Flipkart,L'Oreal Paris,Skin Care,units_index,Units Index,15.0,41.7,26.7,178.0,0.4,Improvement
P0437,JioMart,L'Oreal Paris,Skin Care,units_index,Units Index,5.0,10.0,5.0,100.0,0.1,Improvement
P0437,Meesho,L'Oreal Paris,Skin Care,units_index,Units Index,6.7,31.7,25.0,373.13,0.4,Improvement
P0437,Website,L'Oreal Paris,Skin Care,units_index,Units Index,16.7,13.3,-3.4,-20.36,0.1,Deterioration
P0475,Amazon,Listerine,Oral Care,units_index,Units Index,70.0,66.7,-3.3,-4.71,0.1,Deterioration
P0475,Flipkart,Listerine,Oral Care,units_index,Units Index,26.7,20.0,-6.7,-25.09,0.1,Deterioration
P0475,JioMart,Listerine,Oral Care,units_index,Units Index,16.7,11.7,-5.0,-29.94,0.1,Deterioration
P0475,Meesho,Listerine,Oral Care,units_index,Units Index,35.0,21.7,-13.3,-38.0,0.2,Deterioration
P0475,Website,Listerine,Oral Care,units_index,Units Index,10.0,16.7,6.7,67.0,0.1,Improvement
P0476,Amazon,Listerine,Oral Care,units_index,Units Index,53.3,56.7,3.4,6.38,0.1,Improvement
P0476,Flipkart,Listerine,Oral Care,units_index,Units Index,31.7,20.0,-11.7,-36.91,0.2,Deterioration
P0476,JioMart,Listerine,Oral Care,units_index,Units Index,11.7,11.7,0.0,0.0,0.0,No Change
P0476,Meesho,Listerine,Oral Care,units_index,Units Index,8.3,28.3,20.0,240.96,0.3,Improvement
P0476,Website,Listerine,Oral Care,units_index,Units Index,11.7,8.3,-3.4,-29.06,0.1,Deterioration
P0488,Amazon,Listerine,Oral Care,units_index,Units Index,61.7,68.3,6.6,10.7,0.1,Improvement
P0488,Flipkart,Listerine,Oral Care,units_index,Units Index,16.7,31.7,15.0,89.82,0.2,Improvement
P0488,JioMart,Listerine,Oral Care,units_index,Units Index,5.0,5.0,0.0,0.0,0.0,No Change
P0488,Meesho,Listerine,Oral Care,units_index,Units Index,8.3,21.7,13.4,161.45,0.2,Improvement
P0488,Website,Listerine,Oral Care,units_index,Units Index,21.7,13.3,-8.4,-38.71,0.1,Deterioration
P0528,Amazon,NEXCARE,Skin Care,units_index,Units Index,73.3,65.0,-8.3,-11.32,0.1,Deterioration
P0528,Flipkart,NEXCARE,Skin Care,units_index,Units Index,35.0,31.7,-3.3,-9.43,0.1,Deterioration
P0528,JioMart,NEXCARE,Skin Care,units_index,Units Index,15.0,8.3,-6.7,-44.67,0.1,Deterioration
P0528,Meesho,NEXCARE,Skin Care,units_index,Units Index,31.7,21.7,-10.0,-31.55,0.2,Deterioration
P0528,Website,NEXCARE,Skin Care,units_index,Units Index,11.7,11.7,0.0,0.0,0.0,No Change
P0529,Amazon,NEXCARE,Skin Care,units_index,Units Index,75.0,51.7,-23.3,-31.07,0.4,Deterioration
P0529,Flipkart,NEXCARE,Skin Care,units_index,Units Index,33.3,21.7,-11.6,-34.83,0.2,Deterioration
P0529,JioMart,NEXCARE,Skin Care,units_index,Units Index,3.3,20.0,16.7,506.06,0.3,Improvement
P0529,Meesho,NEXCARE,Skin Care,units_index,Units Index,20.0,6.7,-13.3,-66.5,0.2,Deterioration
P0529,Website,NEXCARE,Skin Care,units_index,Units Index,11.7,11.7,0.0,0.0,0.0,No Change
P0531,Amazon,NEXCARE,Skin Care,units_index,Units Index,73.3,56.7,-16.6,-22.65,0.3,Deterioration
P0531,Flipkart,NEXCARE,Skin Care,units_index,Units Index,26.7,26.7,0.0,0.0,0.0,No Change
P0531,JioMart,NEXCARE,Skin Care,units_index,Units Index,11.7,8.3,-3.4,-29.06,0.1,Deterioration
P0531,Meesho,NEXCARE,Skin Care,units_index,Units Index,31.7,18.3,-13.4,-42.27,0.2,Deterioration
P0531,Website,NEXCARE,Skin Care,units_index,Units Index,5.0,8.3,3.3,66.0,0.1,Improvement
P0534,Amazon,Nexcare,Skin Care,units_index,Units Index,63.3,70.0,6.7,10.58,0.1,Improvement
P0534,Flipkart,Nexcare,Skin Care,units_index,Units Index,23.3,28.3,5.0,21.46,0.1,Improvement
P0534,JioMart,Nexcare,Skin Care,units_index,Units Index,10.0,5.0,-5.0,-50.0,0.1,Deterioration
P0534,Meesho,Nexcare,Skin Care,units_index,Units Index,23.3,20.0,-3.3,-14.16,0.1,Deterioration
P0534,Website,Nexcare,Skin Care,units_index,Units Index,13.3,10.0,-3.3,-24.81,0.1,Deterioration
P0536,Amazon,NOVOLIFE,Health & Wellness,units_index,Units Index,43.3,55.0,11.7,27.02,0.2,Improvement
P0536,Flipkart,NOVOLIFE,Health & Wellness,units_index,Units Index,30.0,25.0,-5.0,-16.67,0.1,Deterioration
P0536,JioMart,NOVOLIFE,Health & Wellness,units_index,Units Index,20.0,16.7,-3.3,-16.5,0.1,Deterioration
P0536,Meesho,NOVOLIFE,Health & Wellness,units_index,Units Index,31.7,25.0,-6.7,-21.14,0.1,Deterioration
P0536,Website,NOVOLIFE,Health & Wellness,units_index,Units Index,20.0,15.0,-5.0,-25.0,0.1,Deterioration
P0543,Amazon,Ora2,Oral Care,units_index,Units Index,71.7,60.0,-11.7,-16.32,0.2,Deterioration
P0543,Flipkart,Ora2,Oral Care,units_index,Units Index,26.7,25.0,-1.7,-6.37,0.0,Deterioration
P0543,JioMart,Ora2,Oral Care,units_index,Units Index,23.3,25.0,1.7,7.3,0.0,Improvement
P0543,Meesho,Ora2,Oral Care,units_index,Units Index,13.3,15.0,1.7,12.78,0.0,Improvement
P0543,Website,Ora2,Oral Care,units_index,Units Index,16.7,13.3,-3.4,-20.36,0.1,Deterioration
P0546,Amazon,Ora2,Oral Care,units_index,Units Index,71.7,68.3,-3.4,-4.74,0.1,Deterioration
P0546,Flipkart,Ora2,Oral Care,units_index,Units Index,23.3,20.0,-3.3,-14.16,0.1,Deterioration
P0546,JioMart,Ora2,Oral Care,units_index,Units Index,11.7,13.3,1.6,13.68,0.0,Improvement
P0546,Meesho,Ora2,Oral Care,units_index,Units Index,18.3,15.0,-3.3,-18.03,0.1,Deterioration
P0546,Website,Ora2,Oral Care,units_index,Units Index,11.7,18.3,6.6,56.41,0.1,Improvement
P0547,Amazon,Oral-B,Oral Care,units_index,Units Index,55.0,50.0,-5.0,-9.09,0.1,Deterioration
P0547,Flipkart,Oral-B,Oral Care,units_index,Units Index,31.7,25.0,-6.7,-21.14,0.1,Deterioration
P0547,JioMart,Oral-B,Oral Care,units_index,Units Index,21.7,20.0,-1.7,-7.83,0.0,Deterioration
P0547,Meesho,Oral-B,Oral Care,units_index,Units Index,10.0,23.3,13.3,133.0,0.2,Improvement
P0547,Website,Oral-B,Oral Care,units_index,Units Index,13.3,13.3,0.0,0.0,0.0,No Change
P0548,Amazon,Oral-B,Oral Care,units_index,Units Index,51.7,46.7,-5.0,-9.67,0.1,Deterioration
P0548,Flipkart,Oral-B,Oral Care,units_index,Units Index,36.7,31.7,-5.0,-13.62,0.1,Deterioration
P0548,JioMart,Oral-B,Oral Care,units_index,Units Index,10.0,13.3,3.3,33.0,0.1,Improvement
P0548,Meesho,Oral-B,Oral Care,units_index,Units Index,16.7,23.3,6.6,39.52,0.1,Improvement
P0548,Website,Oral-B,Oral Care,units_index,Units Index,5.0,11.7,6.7,134.0,0.1,Improvement
P0553,Amazon,Oral-B,Oral Care,units_index,Units Index,61.7,45.0,-16.7,-27.07,0.3,Deterioration
P0553,Flipkart,Oral-B,Oral Care,units_index,Units Index,35.0,21.7,-13.3,-38.0,0.2,Deterioration
P0553,JioMart,Oral-B,Oral Care,units_index,Units Index,11.7,16.7,5.0,42.74,0.1,Improvement
P0553,Meesho,Oral-B,Oral Care,units_index,Units Index,26.7,31.7,5.0,18.73,0.1,Improvement
P0553,Website,Oral-B,Oral Care,units_index,Units Index,8.3,6.7,-1.6,-19.28,0.0,Deterioration
P0554,Amazon,Oral-B,Oral Care,units_index,Units Index,41.7,58.3,16.6,39.81,0.3,Improvement
P0554,Flipkart,Oral-B,Oral Care,units_index,Units Index,26.7,28.3,1.6,5.99,0.0,Improvement
P0554,JioMart,Oral-B,Oral Care,units_index,Units Index,10.0,23.3,13.3,133.0,0.2,Improvement
P0554,Meesho,Oral-B,Oral Care,units_index,Units Index,30.0,21.7,-8.3,-27.67,0.1,Deterioration
P0554,Website,Oral-B,Oral Care,units_index,Units Index,21.7,3.3,-18.4,-84.79,0.3,Deterioration
P0555,Amazon,Oral-B,Oral Care,units_index,Units Index,45.0,46.7,1.7,3.78,0.0,Improvement
P0555,Flipkart,Oral-B,Oral Care,units_index,Units Index,33.3,18.3,-15.0,-45.05,0.2,Deterioration
P0555,JioMart,Oral-B,Oral Care,units_index,Units Index,23.3,21.7,-1.6,-6.87,0.0,Deterioration
P0555,Meesho,Oral-B,Oral Care,units_index,Units Index,10.0,13.3,3.3,33.0,0.1,Improvement
P0555,Website,Oral-B,Oral Care,units_index,Units Index,3.3,15.0,11.7,354.55,0.2,Improvement
P0557,Amazon,Oral-B,Oral Care,units_index,Units Index,76.7,38.3,-38.4,-50.07,0.6,Deterioration
P0557,Flipkart,Oral-B,Oral Care,units_index,Units Index,26.7,31.7,5.0,18.73,0.1,Improvement
P0557,JioMart,Oral-B,Oral Care,units_index,Units Index,6.7,11.7,5.0,74.63,0.1,Improvement
P0557,Meesho,Oral-B,Oral Care,units_index,Units Index,21.7,13.3,-8.4,-38.71,0.1,Deterioration
P0557,Website,Oral-B,Oral Care,units_index,Units Index,10.0,10.0,0.0,0.0,0.0,No Change
P0562,Amazon,Oral-B,Oral Care,units_index,Units Index,55.0,60.0,5.0,9.09,0.1,Improvement
P0562,Flipkart,Oral-B,Oral Care,units_index,Units Index,31.7,10.0,-21.7,-68.45,0.4,Deterioration
P0562,JioMart,Oral-B,Oral Care,units_index,Units Index,10.0,10.0,0.0,0.0,0.0,No Change
P0562,Meesho,Oral-B,Oral Care,units_index,Units Index,21.7,28.3,6.6,30.41,0.1,Improvement
P0562,Website,Oral-B,Oral Care,units_index,Units Index,15.0,21.7,6.7,44.67,0.1,Improvement
P0563,Amazon,Oral-B,Oral Care,units_index,Units Index,70.0,48.3,-21.7,-31.0,0.4,Deterioration
P0563,Flipkart,Oral-B,Oral Care,units_index,Units Index,33.3,26.7,-6.6,-19.82,0.1,Deterioration
P0563,JioMart,Oral-B,Oral Care,units_index,Units Index,15.0,18.3,3.3,22.0,0.1,Improvement
P0563,Meesho,Oral-B,Oral Care,units_index,Units Index,28.3,6.7,-21.6,-76.33,0.4,Deterioration
P0563,Website,Oral-B,Oral Care,units_index,Units Index,6.7,18.3,11.6,173.13,0.2,Improvement
P0565,Amazon,Pair,Skin Care,units_index,Units Index,38.3,83.3,45.0,117.49,0.7,Improvement
P0565,Flipkart,Pair,Skin Care,units_index,Units Index,16.7,23.3,6.6,39.52,0.1,Improvement
P0565,JioMart,Pair,Skin Care,units_index,Units Index,23.3,6.7,-16.6,-71.24,0.3,Deterioration
P0565,Meesho,Pair,Skin Care,units_index,Units Index,25.0,13.3,-11.7,-46.8,0.2,Deterioration
P0565,Website,Pair,Skin Care,units_index,Units Index,10.0,8.3,-1.7,-17.0,0.0,Deterioration
P0566,Amazon,Pantene,Hair Care,units_index,Units Index,40.0,66.7,26.7,66.75,0.4,Improvement
P0566,Flipkart,Pantene,Hair Care,units_index,Units Index,23.3,26.7,3.4,14.59,0.1,Improvement
P0566,JioMart,Pantene,Hair Care,units_index,Units Index,8.3,20.0,11.7,140.96,0.2,Improvement
P0566,Meesho,Pantene,Hair Care,units_index,Units Index,28.3,30.0,1.7,6.01,0.0,Improvement
P0566,Website,Pantene,Hair Care,units_index,Units Index,10.0,23.3,13.3,133.0,0.2,Improvement
P0573,Amazon,Pantene,Hair Care,units_index,Units Index,68.3,63.3,-5.0,-7.32,0.1,Deterioration
P0573,Flipkart,Pantene,Hair Care,units_index,Units Index,25.0,25.0,0.0,0.0,0.0,No Change
P0573,JioMart,Pantene,Hair Care,units_index,Units Index,10.0,10.0,0.0,0.0,0.0,No Change
P0573,Meesho,Pantene,Hair Care,units_index,Units Index,15.0,25.0,10.0,66.67,0.2,Improvement
P0573,Website,Pantene,Hair Care,units_index,Units Index,11.7,10.0,-1.7,-14.53,0.0,Deterioration
P0581,Amazon,Pantene,Hair Care,units_index,Units Index,56.7,80.0,23.3,41.09,0.4,Improvement
P0581,Flipkart,Pantene,Hair Care,units_index,Units Index,26.7,31.7,5.0,18.73,0.1,Improvement
P0581,JioMart,Pantene,Hair Care,units_index,Units Index,21.7,6.7,-15.0,-69.12,0.2,Deterioration
P0581,Meesho,Pantene,Hair Care,units_index,Units Index,23.3,23.3,0.0,0.0,0.0,No Change
P0581,Website,Pantene,Hair Care,units_index,Units Index,5.0,10.0,5.0,100.0,0.1,Improvement
P0586,Amazon,Pantene,Hair Care,units_index,Units Index,65.0,55.0,-10.0,-15.38,0.2,Deterioration
P0586,Flipkart,Pantene,Hair Care,units_index,Units Index,15.0,23.3,8.3,55.33,0.1,Improvement
P0586,JioMart,Pantene,Hair Care,units_index,Units Index,21.7,15.0,-6.7,-30.88,0.1,Deterioration
P0586,Meesho,Pantene,Hair Care,units_index,Units Index,20.0,20.0,0.0,0.0,0.0,No Change
P0586,Website,Pantene,Hair Care,units_index,Units Index,11.7,11.7,0.0,0.0,0.0,No Change
P0590,Amazon,Pantene,Hair Care,units_index,Units Index,63.3,63.3,0.0,0.0,0.0,No Change
P0590,Flipkart,Pantene,Hair Care,units_index,Units Index,26.7,33.3,6.6,24.72,0.1,Improvement
P0590,JioMart,Pantene,Hair Care,units_index,Units Index,11.7,5.0,-6.7,-57.26,0.1,Deterioration
P0590,Meesho,Pantene,Hair Care,units_index,Units Index,18.3,25.0,6.7,36.61,0.1,Improvement
P0590,Website,Pantene,Hair Care,units_index,Units Index,15.0,6.7,-8.3,-55.33,0.1,Deterioration
P0594,Amazon,Pantene,Hair Care,units_index,Units Index,46.7,56.7,10.0,21.41,0.2,Improvement
P0594,Flipkart,Pantene,Hair Care,units_index,Units Index,28.3,33.3,5.0,17.67,0.1,Improvement
P0594,JioMart,Pantene,Hair Care,units_index,Units Index,8.3,15.0,6.7,80.72,0.1,Improvement
P0594,Meesho,Pantene,Hair Care,units_index,Units Index,20.0,23.3,3.3,16.5,0.1,Improvement
P0594,Website,Pantene,Hair Care,units_index,Units Index,31.7,11.7,-20.0,-63.09,0.3,Deterioration
P0595,Amazon,Pantene,Hair Care,units_index,Units Index,66.7,51.7,-15.0,-22.49,0.2,Deterioration
P0595,Flipkart,Pantene,Hair Care,units_index,Units Index,36.7,18.3,-18.4,-50.14,0.3,Deterioration
P0595,JioMart,Pantene,Hair Care,units_index,Units Index,13.3,10.0,-3.3,-24.81,0.1,Deterioration
P0595,Meesho,Pantene,Hair Care,units_index,Units Index,16.7,13.3,-3.4,-20.36,0.1,Deterioration
P0595,Website,Pantene,Hair Care,units_index,Units Index,11.7,11.7,0.0,0.0,0.0,No Change
P0598,Amazon,Pantene,Hair Care,units_index,Units Index,40.0,75.0,35.0,87.5,0.6,Improvement
P0598,Flipkart,Pantene,Hair Care,units_index,Units Index,5.0,23.3,18.3,366.0,0.3,Improvement
P0598,JioMart,Pantene,Hair Care,units_index,Units Index,5.0,25.0,20.0,400.0,0.3,Improvement
P0598,Meesho,Pantene,Hair Care,units_index,Units Index,15.0,21.7,6.7,44.67,0.1,Improvement
P0598,Website,Pantene,Hair Care,units_index,Units Index,15.0,18.3,3.3,22.0,0.1,Improvement
P0602,Amazon,Pantene,Hair Care,units_index,Units Index,73.3,68.3,-5.0,-6.82,0.1,Deterioration
P0602,Flipkart,Pantene,Hair Care,units_index,Units Index,21.7,36.7,15.0,69.12,0.2,Improvement
P0602,JioMart,Pantene,Hair Care,units_index,Units Index,11.7,5.0,-6.7,-57.26,0.1,Deterioration
P0602,Meesho,Pantene,Hair Care,units_index,Units Index,31.7,25.0,-6.7,-21.14,0.1,Deterioration
P0602,Website,Pantene,Hair Care,units_index,Units Index,13.3,16.7,3.4,25.56,0.1,Improvement
P0604,Amazon,Pantene,Hair Care,units_index,Units Index,76.7,56.7,-20.0,-26.08,0.3,Deterioration
P0604,Flipkart,Pantene,Hair Care,units_index,Units Index,30.0,28.3,-1.7,-5.67,0.0,Deterioration
P0604,JioMart,Pantene,Hair Care,units_index,Units Index,13.3,25.0,11.7,87.97,0.2,Improvement
P0604,Meesho,Pantene,Hair Care,units_index,Units Index,25.0,16.7,-8.3,-33.2,0.1,Deterioration
P0604,Website,Pantene,Hair Care,units_index,Units Index,18.3,6.7,-11.6,-63.39,0.2,Deterioration
P0605,Amazon,Pantene,Hair Care,units_index,Units Index,53.3,51.7,-1.6,-3.0,0.0,Deterioration
P0605,Flipkart,Pantene,Hair Care,units_index,Units Index,10.0,28.3,18.3,183.0,0.3,Improvement
P0605,JioMart,Pantene,Hair Care,units_index,Units Index,11.7,5.0,-6.7,-57.26,0.1,Deterioration
P0605,Meesho,Pantene,Hair Care,units_index,Units Index,6.7,10.0,3.3,49.25,0.1,Improvement
P0605,Website,Pantene,Hair Care,units_index,Units Index,6.7,5.0,-1.7,-25.37,0.0,Deterioration
P0609,Amazon,Pantene,Hair Care,units_index,Units Index,61.7,73.3,11.6,18.8,0.2,Improvement
P0609,Flipkart,Pantene,Hair Care,units_index,Units Index,10.0,18.3,8.3,83.0,0.1,Improvement
P0609,JioMart,Pantene,Hair Care,units_index,Units Index,6.7,8.3,1.6,23.88,0.0,Improvement
P0609,Meesho,Pantene,Hair Care,units_index,Units Index,8.3,18.3,10.0,120.48,0.2,Improvement
P0609,Website,Pantene,Hair Care,units_index,Units Index,18.3,6.7,-11.6,-63.39,0.2,Deterioration
P0610,Amazon,Pantene,Hair Care,units_index,Units Index,71.7,48.3,-23.4,-32.64,0.4,Deterioration
P0610,Flipkart,Pantene,Hair Care,units_index,Units Index,30.0,25.0,-5.0,-16.67,0.1,Deterioration
P0610,JioMart,Pantene,Hair Care,units_index,Units Index,25.0,5.0,-20.0,-80.0,0.3,Deterioration
P0610,Meesho,Pantene,Hair Care,units_index,Units Index,25.0,18.3,-6.7,-26.8,0.1,Deterioration
P0610,Website,Pantene,Hair Care,units_index,Units Index,11.7,13.3,1.6,13.68,0.0,Improvement
P0617,Amazon,Pantene,Hair Care,units_index,Units Index,50.0,58.3,8.3,16.6,0.1,Improvement
P0617,Flipkart,Pantene,Hair Care,units_index,Units Index,33.3,25.0,-8.3,-24.92,0.1,Deterioration
P0617,JioMart,Pantene,Hair Care,units_index,Units Index,6.7,18.3,11.6,173.13,0.2,Improvement
P0617,Meesho,Pantene,Hair Care,units_index,Units Index,30.0,8.3,-21.7,-72.33,0.4,Deterioration
P0617,Website,Pantene,Hair Care,units_index,Units Index,15.0,13.3,-1.7,-11.33,0.0,Deterioration
P0679,Amazon,Poy Sian,Health & Wellness,units_index,Units Index,51.7,50.0,-1.7,-3.29,0.0,Deterioration
P0679,Flipkart,Poy Sian,Health & Wellness,units_index,Units Index,38.3,40.0,1.7,4.44,0.0,Improvement
P0679,JioMart,Poy Sian,Health & Wellness,units_index,Units Index,8.3,10.0,1.7,20.48,0.0,Improvement
P0679,Meesho,Poy Sian,Health & Wellness,units_index,Units Index,16.7,25.0,8.3,49.7,0.1,Improvement
P0679,Website,Poy Sian,Health & Wellness,units_index,Units Index,8.3,21.7,13.4,161.45,0.2,Improvement
P0690,Amazon,Protex,Body Care,units_index,Units Index,55.0,51.7,-3.3,-6.0,0.1,Deterioration
P0690,Flipkart,Protex,Body Care,units_index,Units Index,20.0,30.0,10.0,50.0,0.2,Improvement
P0690,JioMart,Protex,Body Care,units_index,Units Index,10.0,16.7,6.7,67.0,0.1,Improvement
P0690,Meesho,Protex,Body Care,units_index,Units Index,36.7,31.7,-5.0,-13.62,0.1,Deterioration
P0690,Website,Protex,Body Care,units_index,Units Index,8.3,8.3,0.0,0.0,0.0,No Change
P0705,Amazon,Protex,Body Care,units_index,Units Index,60.0,41.7,-18.3,-30.5,0.3,Deterioration
P0705,Flipkart,Protex,Body Care,units_index,Units Index,30.0,35.0,5.0,16.67,0.1,Improvement
P0705,JioMart,Protex,Body Care,units_index,Units Index,10.0,16.7,6.7,67.0,0.1,Improvement
P0705,Meesho,Protex,Body Care,units_index,Units Index,11.7,16.7,5.0,42.74,0.1,Improvement
P0705,Website,Protex,Body Care,units_index,Units Index,10.0,13.3,3.3,33.0,0.1,Improvement
P0706,Amazon,Protex,Body Care,units_index,Units Index,50.0,51.7,1.7,3.4,0.0,Improvement
P0706,Flipkart,Protex,Body Care,units_index,Units Index,30.0,38.3,8.3,27.67,0.1,Improvement
P0706,JioMart,Protex,Body Care,units_index,Units Index,10.0,20.0,10.0,100.0,0.2,Improvement
P0706,Meesho,Protex,Body Care,units_index,Units Index,20.0,23.3,3.3,16.5,0.1,Improvement
P0706,Website,Protex,Body Care,units_index,Units Index,13.3,6.7,-6.6,-49.62,0.1,Deterioration
P0720,Amazon,Protex,Body Care,units_index,Units Index,76.7,51.7,-25.0,-32.59,0.4,Deterioration
P0720,Flipkart,Protex,Body Care,units_index,Units Index,33.3,30.0,-3.3,-9.91,0.1,Deterioration
P0720,JioMart,Protex,Body Care,units_index,Units Index,18.3,6.7,-11.6,-63.39,0.2,Deterioration
P0720,Meesho,Protex,Body Care,units_index,Units Index,16.7,23.3,6.6,39.52,0.1,Improvement
P0720,Website,Protex,Body Care,units_index,Units Index,16.7,15.0,-1.7,-10.18,0.0,Deterioration
P0744,Amazon,Rexona,Body Care,units_index,Units Index,66.7,56.7,-10.0,-14.99,0.2,Deterioration
P0744,Flipkart,Rexona,Body Care,units_index,Units Index,20.0,36.7,16.7,83.5,0.3,Improvement
P0744,JioMart,Rexona,Body Care,units_index,Units Index,11.7,16.7,5.0,42.74,0.1,Improvement
P0744,Meesho,Rexona,Body Care,units_index,Units Index,11.7,15.0,3.3,28.21,0.1,Improvement
P0744,Website,Rexona,Body Care,units_index,Units Index,15.0,10.0,-5.0,-33.33,0.1,Deterioration
P0747,Amazon,Rexona,Body Care,units_index,Units Index,51.7,56.7,5.0,9.67,0.1,Improvement
P0747,Flipkart,Rexona,Body Care,units_index,Units Index,16.7,26.7,10.0,59.88,0.2,Improvement
P0747,JioMart,Rexona,Body Care,units_index,Units Index,20.0,15.0,-5.0,-25.0,0.1,Deterioration
P0747,Meesho,Rexona,Body Care,units_index,Units Index,18.3,18.3,0.0,0.0,0.0,No Change
P0747,Website,Rexona,Body Care,units_index,Units Index,15.0,5.0,-10.0,-66.67,0.2,Deterioration
P0753,Amazon,Rexona,Body Care,units_index,Units Index,78.3,78.3,0.0,0.0,0.0,No Change
P0753,Flipkart,Rexona,Body Care,units_index,Units Index,20.0,35.0,15.0,75.0,0.2,Improvement
P0753,JioMart,Rexona,Body Care,units_index,Units Index,23.3,20.0,-3.3,-14.16,0.1,Deterioration
P0753,Meesho,Rexona,Body Care,units_index,Units Index,10.0,23.3,13.3,133.0,0.2,Improvement
P0753,Website,Rexona,Body Care,units_index,Units Index,23.3,15.0,-8.3,-35.62,0.1,Deterioration
P0758,Amazon,Sasi,Lip,units_index,Units Index,63.3,55.0,-8.3,-13.11,0.1,Deterioration
P0758,Flipkart,Sasi,Lip,units_index,Units Index,23.3,5.0,-18.3,-78.54,0.3,Deterioration
P0758,JioMart,Sasi,Lip,units_index,Units Index,10.0,18.3,8.3,83.0,0.1,Improvement
P0758,Meesho,Sasi,Lip,units_index,Units Index,33.3,13.3,-20.0,-60.06,0.3,Deterioration
P0758,Website,Sasi,Lip,units_index,Units Index,13.3,20.0,6.7,50.38,0.1,Improvement
P0763,Amazon,Sasi,Lip,units_index,Units Index,53.3,66.7,13.4,25.14,0.2,Improvement
P0763,Flipkart,Sasi,Lip,units_index,Units Index,21.7,35.0,13.3,61.29,0.2,Improvement
P0763,JioMart,Sasi,Lip,units_index,Units Index,6.7,8.3,1.6,23.88,0.0,Improvement
P0763,Meesho,Sasi,Lip,units_index,Units Index,23.3,21.7,-1.6,-6.87,0.0,Deterioration
P0763,Website,Sasi,Lip,units_index,Units Index,20.0,15.0,-5.0,-25.0,0.1,Deterioration
P0770,Amazon,Sasi,Skin Care,units_index,Units Index,36.7,43.3,6.6,17.98,0.1,Improvement
P0770,Flipkart,Sasi,Skin Care,units_index,Units Index,16.7,18.3,1.6,9.58,0.0,Improvement
P0770,JioMart,Sasi,Skin Care,units_index,Units Index,15.0,18.3,3.3,22.0,0.1,Improvement
P0770,Meesho,Sasi,Skin Care,units_index,Units Index,21.7,20.0,-1.7,-7.83,0.0,Deterioration
P0770,Website,Sasi,Skin Care,units_index,Units Index,6.7,15.0,8.3,123.88,0.1,Improvement
P0777,Amazon,Senka,Skin Care,units_index,Units Index,43.3,70.0,26.7,61.66,0.4,Improvement
P0777,Flipkart,Senka,Skin Care,units_index,Units Index,33.3,18.3,-15.0,-45.05,0.2,Deterioration
P0777,JioMart,Senka,Skin Care,units_index,Units Index,18.3,11.7,-6.6,-36.07,0.1,Deterioration
P0777,Meesho,Senka,Skin Care,units_index,Units Index,16.7,10.0,-6.7,-40.12,0.1,Deterioration
P0777,Website,Senka,Skin Care,units_index,Units Index,15.0,10.0,-5.0,-33.33,0.1,Deterioration
P0780,Amazon,Senka,Skin Care,units_index,Units Index,63.3,56.7,-6.6,-10.43,0.1,Deterioration
P0780,Flipkart,Senka,Skin Care,units_index,Units Index,10.0,28.3,18.3,183.0,0.3,Improvement
P0780,JioMart,Senka,Skin Care,units_index,Units Index,13.3,11.7,-1.6,-12.03,0.0,Deterioration
P0780,Meesho,Senka,Skin Care,units_index,Units Index,25.0,11.7,-13.3,-53.2,0.2,Deterioration
P0780,Website,Senka,Skin Care,units_index,Units Index,5.0,6.7,1.7,34.0,0.0,Improvement
P0781,Amazon,Senka,Skin Care,units_index,Units Index,78.3,71.7,-6.6,-8.43,0.1,Deterioration
P0781,Flipkart,Senka,Skin Care,units_index,Units Index,33.3,30.0,-3.3,-9.91,0.1,Deterioration
P0781,JioMart,Senka,Skin Care,units_index,Units Index,11.7,11.7,0.0,0.0,0.0,No Change
P0781,Meesho,Senka,Skin Care,units_index,Units Index,16.7,8.3,-8.4,-50.3,0.1,Deterioration
P0781,Website,Senka,Skin Care,units_index,Units Index,25.0,18.3,-6.7,-26.8,0.1,Deterioration
P0783,Amazon,Senka,Skin Care,units_index,Units Index,35.0,50.0,15.0,42.86,0.2,Improvement
P0783,Flipkart,Senka,Skin Care,units_index,Units Index,33.3,18.3,-15.0,-45.05,0.2,Deterioration
P0783,JioMart,Senka,Skin Care,units_index,Units Index,8.3,20.0,11.7,140.96,0.2,Improvement
P0783,Meesho,Senka,Skin Care,units_index,Units Index,25.0,21.7,-3.3,-13.2,0.1,Deterioration
P0783,Website,Senka,Skin Care,units_index,Units Index,15.0,8.3,-6.7,-44.67,0.1,Deterioration
P0795,Amazon,Senka,Skin Care,units_index,Units Index,85.0,45.0,-40.0,-47.06,0.6,Deterioration
P0795,Flipkart,Senka,Skin Care,units_index,Units Index,28.3,26.7,-1.6,-5.65,0.0,Deterioration
P0795,JioMart,Senka,Skin Care,units_index,Units Index,21.7,11.7,-10.0,-46.08,0.2,Deterioration
P0795,Meesho,Senka,Skin Care,units_index,Units Index,21.7,36.7,15.0,69.12,0.2,Improvement
P0795,Website,Senka,Skin Care,units_index,Units Index,13.3,10.0,-3.3,-24.81,0.1,Deterioration
P0797,Amazon,Sensodyne,Oral Care,units_index,Units Index,45.0,68.3,23.3,51.78,0.4,Improvement
P0797,Flipkart,Sensodyne,Oral Care,units_index,Units Index,21.7,36.7,15.0,69.12,0.2,Improvement
P0797,JioMart,Sensodyne,Oral Care,units_index,Units Index,18.3,6.7,-11.6,-63.39,0.2,Deterioration
P0797,Meesho,Sensodyne,Oral Care,units_index,Units Index,6.7,21.7,15.0,223.88,0.2,Improvement
P0797,Website,Sensodyne,Oral Care,units_index,Units Index,10.0,16.7,6.7,67.0,0.1,Improvement
P0813,Amazon,Sensodyne,Oral Care,units_index,Units Index,60.0,35.0,-25.0,-41.67,0.4,Deterioration
P0813,Flipkart,Sensodyne,Oral Care,units_index,Units Index,28.3,30.0,1.7,6.01,0.0,Improvement
P0813,JioMart,Sensodyne,Oral Care,units_index,Units Index,8.3,20.0,11.7,140.96,0.2,Improvement
P0813,Meesho,Sensodyne,Oral Care,units_index,Units Index,13.3,13.3,0.0,0.0,0.0,No Change
P0813,Website,Sensodyne,Oral Care,units_index,Units Index,3.3,13.3,10.0,303.03,0.2,Improvement
P0840,Amazon,SHIVAMAX,Home & Kitchen,units_index,Units Index,80.0,63.3,-16.7,-20.88,0.3,Deterioration
P0840,Flipkart,SHIVAMAX,Home & Kitchen,units_index,Units Index,25.0,23.3,-1.7,-6.8,0.0,Deterioration
P0840,JioMart,SHIVAMAX,Home & Kitchen,units_index,Units Index,13.3,15.0,1.7,12.78,0.0,Improvement
P0840,Meesho,SHIVAMAX,Home & Kitchen,units_index,Units Index,21.7,18.3,-3.4,-15.67,0.1,Deterioration
P0840,Website,SHIVAMAX,Home & Kitchen,units_index,Units Index,15.0,11.7,-3.3,-22.0,0.1,Deterioration
P0868,Amazon,SHIVAMAX,Home & Kitchen,units_index,Units Index,60.0,73.3,13.3,22.17,0.2,Improvement
P0868,Flipkart,SHIVAMAX,Home & Kitchen,units_index,Units Index,20.0,26.7,6.7,33.5,0.1,Improvement
P0868,JioMart,SHIVAMAX,Home & Kitchen,units_index,Units Index,16.7,18.3,1.6,9.58,0.0,Improvement
P0868,Meesho,SHIVAMAX,Home & Kitchen,units_index,Units Index,11.7,6.7,-5.0,-42.74,0.1,Deterioration
P0868,Website,SHIVAMAX,Home & Kitchen,units_index,Units Index,21.7,11.7,-10.0,-46.08,0.2,Deterioration
P0889,Amazon,SHIVAMAX,Health & Wellness,units_index,Units Index,78.3,50.0,-28.3,-36.14,0.5,Deterioration
P0889,Flipkart,SHIVAMAX,Health & Wellness,units_index,Units Index,41.7,33.3,-8.4,-20.14,0.1,Deterioration
P0889,JioMart,SHIVAMAX,Health & Wellness,units_index,Units Index,10.0,8.3,-1.7,-17.0,0.0,Deterioration
P0889,Meesho,SHIVAMAX,Health & Wellness,units_index,Units Index,21.7,18.3,-3.4,-15.67,0.1,Deterioration
P0889,Website,SHIVAMAX,Health & Wellness,units_index,Units Index,8.3,8.3,0.0,0.0,0.0,No Change
P0890,Amazon,SHIVAMAX,Health & Wellness,units_index,Units Index,63.3,51.7,-11.6,-18.33,0.2,Deterioration
P0890,Flipkart,SHIVAMAX,Health & Wellness,units_index,Units Index,18.3,28.3,10.0,54.64,0.2,Improvement
P0890,JioMart,SHIVAMAX,Health & Wellness,units_index,Units Index,15.0,21.7,6.7,44.67,0.1,Improvement
P0890,Meesho,SHIVAMAX,Health & Wellness,units_index,Units Index,16.7,11.7,-5.0,-29.94,0.1,Deterioration
P0890,Website,SHIVAMAX,Health & Wellness,units_index,Units Index,16.7,15.0,-1.7,-10.18,0.0,Deterioration
P0906,Amazon,SHIVAMAX,Hair Care,units_index,Units Index,66.7,68.3,1.6,2.4,0.0,Improvement
P0906,Flipkart,SHIVAMAX,Hair Care,units_index,Units Index,26.7,16.7,-10.0,-37.45,0.2,Deterioration
P0906,JioMart,SHIVAMAX,Hair Care,units_index,Units Index,16.7,10.0,-6.7,-40.12,0.1,Deterioration
P0906,Meesho,SHIVAMAX,Hair Care,units_index,Units Index,16.7,21.7,5.0,29.94,0.1,Improvement
P0906,Website,SHIVAMAX,Hair Care,units_index,Units Index,18.3,6.7,-11.6,-63.39,0.2,Deterioration
P0915,Amazon,SHIVAMAX,Health & Wellness,units_index,Units Index,50.0,68.3,18.3,36.6,0.3,Improvement
P0915,Flipkart,SHIVAMAX,Health & Wellness,units_index,Units Index,23.3,31.7,8.4,36.05,0.1,Improvement
P0915,JioMart,SHIVAMAX,Health & Wellness,units_index,Units Index,13.3,18.3,5.0,37.59,0.1,Improvement
P0915,Meesho,SHIVAMAX,Health & Wellness,units_index,Units Index,25.0,25.0,0.0,0.0,0.0,No Change
P0915,Website,SHIVAMAX,Health & Wellness,units_index,Units Index,11.7,13.3,1.6,13.68,0.0,Improvement
P0917,Amazon,SHIVAMAX,Home & Kitchen,units_index,Units Index,33.3,61.7,28.4,85.29,0.5,Improvement
P0917,Flipkart,SHIVAMAX,Home & Kitchen,units_index,Units Index,20.0,23.3,3.3,16.5,0.1,Improvement
P0917,JioMart,SHIVAMAX,Home & Kitchen,units_index,Units Index,18.3,6.7,-11.6,-63.39,0.2,Deterioration
P0917,Meesho,SHIVAMAX,Home & Kitchen,units_index,Units Index,23.3,15.0,-8.3,-35.62,0.1,Deterioration
P0917,Website,SHIVAMAX,Home & Kitchen,units_index,Units Index,20.0,11.7,-8.3,-41.5,0.1,Deterioration
P0922,Amazon,SHIVAMAX,Hair Care,units_index,Units Index,55.0,51.7,-3.3,-6.0,0.1,Deterioration
P0922,Flipkart,SHIVAMAX,Hair Care,units_index,Units Index,16.7,16.7,0.0,0.0,0.0,No Change
P0922,JioMart,SHIVAMAX,Hair Care,units_index,Units Index,11.7,6.7,-5.0,-42.74,0.1,Deterioration
P0922,Meesho,SHIVAMAX,Hair Care,units_index,Units Index,16.7,16.7,0.0,0.0,0.0,No Change
P0922,Website,SHIVAMAX,Hair Care,units_index,Units Index,8.3,13.3,5.0,60.24,0.1,Improvement
P0927,Amazon,SHIVAMAX,Home & Kitchen,units_index,Units Index,60.0,66.7,6.7,11.17,0.1,Improvement
P0927,Flipkart,SHIVAMAX,Home & Kitchen,units_index,Units Index,25.0,23.3,-1.7,-6.8,0.0,Deterioration
P0927,JioMart,SHIVAMAX,Home & Kitchen,units_index,Units Index,5.0,13.3,8.3,166.0,0.1,Improvement
P0927,Meesho,SHIVAMAX,Home & Kitchen,units_index,Units Index,25.0,16.7,-8.3,-33.2,0.1,Deterioration
P0927,Website,SHIVAMAX,Home & Kitchen,units_index,Units Index,18.3,18.3,0.0,0.0,0.0,No Change
P0931,Amazon,SHIVAMAX,Electronics & Travel Accessories,units_index,Units Index,73.3,60.0,-13.3,-18.14,0.2,Deterioration
P0931,Flipkart,SHIVAMAX,Electronics & Travel Accessories,units_index,Units Index,40.0,25.0,-15.0,-37.5,0.2,Deterioration
P0931,JioMart,SHIVAMAX,Electronics & Travel Accessories,units_index,Units Index,15.0,26.7,11.7,78.0,0.2,Improvement
P0931,Meesho,SHIVAMAX,Electronics & Travel Accessories,units_index,Units Index,18.3,16.7,-1.6,-8.74,0.0,Deterioration
P0931,Website,SHIVAMAX,Electronics & Travel Accessories,units_index,Units Index,18.3,18.3,0.0,0.0,0.0,No Change
P0932,Amazon,SHIVAMAX,Electronics & Travel Accessories,units_index,Units Index,56.7,95.0,38.3,67.55,0.6,Improvement
P0932,Flipkart,SHIVAMAX,Electronics & Travel Accessories,units_index,Units Index,21.7,18.3,-3.4,-15.67,0.1,Deterioration
P0932,JioMart,SHIVAMAX,Electronics & Travel Accessories,units_index,Units Index,10.0,15.0,5.0,50.0,0.1,Improvement
P0932,Meesho,SHIVAMAX,Electronics & Travel Accessories,units_index,Units Index,18.3,18.3,0.0,0.0,0.0,No Change
P0932,Website,SHIVAMAX,Electronics & Travel Accessories,units_index,Units Index,13.3,11.7,-1.6,-12.03,0.0,Deterioration
P0944,Amazon,SHIVAMAX,Health & Wellness,units_index,Units Index,68.3,51.7,-16.6,-24.3,0.3,Deterioration
P0944,Flipkart,SHIVAMAX,Health & Wellness,units_index,Units Index,30.0,20.0,-10.0,-33.33,0.2,Deterioration
P0944,JioMart,SHIVAMAX,Health & Wellness,units_index,Units Index,13.3,11.7,-1.6,-12.03,0.0,Deterioration
P0944,Meesho,SHIVAMAX,Health & Wellness,units_index,Units Index,20.0,18.3,-1.7,-8.5,0.0,Deterioration
P0944,Website,SHIVAMAX,Health & Wellness,units_index,Units Index,16.7,8.3,-8.4,-50.3,0.1,Deterioration
P1003,Amazon,Snake Brand,Body Care,units_index,Units Index,43.3,58.3,15.0,34.64,0.2,Improvement
P1003,Flipkart,Snake Brand,Body Care,units_index,Units Index,20.0,11.7,-8.3,-41.5,0.1,Deterioration
P1003,JioMart,Snake Brand,Body Care,units_index,Units Index,10.0,15.0,5.0,50.0,0.1,Improvement
P1003,Meesho,Snake Brand,Body Care,units_index,Units Index,33.3,18.3,-15.0,-45.05,0.2,Deterioration
P1003,Website,Snake Brand,Body Care,units_index,Units Index,13.3,16.7,3.4,25.56,0.1,Improvement
P1026,Amazon,Sunsilk,Hair Care,units_index,Units Index,50.0,50.0,0.0,0.0,0.0,No Change
P1026,Flipkart,Sunsilk,Hair Care,units_index,Units Index,18.3,25.0,6.7,36.61,0.1,Improvement
P1026,JioMart,Sunsilk,Hair Care,units_index,Units Index,20.0,11.7,-8.3,-41.5,0.1,Deterioration
P1026,Meesho,Sunsilk,Hair Care,units_index,Units Index,20.0,16.7,-3.3,-16.5,0.1,Deterioration
P1026,Website,Sunsilk,Hair Care,units_index,Units Index,6.7,6.7,0.0,0.0,0.0,No Change
P1029,Amazon,Sunsilk,Hair Care,units_index,Units Index,50.0,48.3,-1.7,-3.4,0.0,Deterioration
P1029,Flipkart,Sunsilk,Hair Care,units_index,Units Index,11.7,31.7,20.0,170.94,0.3,Improvement
P1029,JioMart,Sunsilk,Hair Care,units_index,Units Index,11.7,20.0,8.3,70.94,0.1,Improvement
P1029,Meesho,Sunsilk,Hair Care,units_index,Units Index,31.7,23.3,-8.4,-26.5,0.1,Deterioration
P1029,Website,Sunsilk,Hair Care,units_index,Units Index,6.7,15.0,8.3,123.88,0.1,Improvement
P1032,Amazon,Sunsilk,Hair Care,units_index,Units Index,56.7,73.3,16.6,29.28,0.3,Improvement
P1032,Flipkart,Sunsilk,Hair Care,units_index,Units Index,28.3,28.3,0.0,0.0,0.0,No Change
P1032,JioMart,Sunsilk,Hair Care,units_index,Units Index,11.7,13.3,1.6,13.68,0.0,Improvement
P1032,Meesho,Sunsilk,Hair Care,units_index,Units Index,35.0,10.0,-25.0,-71.43,0.4,Deterioration
P1032,Website,Sunsilk,Hair Care,units_index,Units Index,10.0,16.7,6.7,67.0,0.1,Improvement
P1033,Amazon,Sunsilk,Hair Care,units_index,Units Index,41.7,56.7,15.0,35.97,0.2,Improvement
P1033,Flipkart,Sunsilk,Hair Care,units_index,Units Index,26.7,30.0,3.3,12.36,0.1,Improvement
P1033,JioMart,Sunsilk,Hair Care,units_index,Units Index,13.3,6.7,-6.6,-49.62,0.1,Deterioration
P1033,Meesho,Sunsilk,Hair Care,units_index,Units Index,18.3,31.7,13.4,73.22,0.2,Improvement
P1033,Website,Sunsilk,Hair Care,units_index,Units Index,16.7,10.0,-6.7,-40.12,0.1,Deterioration
P1035,Amazon,Sunsilk,Hair Care,units_index,Units Index,63.3,70.0,6.7,10.58,0.1,Improvement
P1035,Flipkart,Sunsilk,Hair Care,units_index,Units Index,25.0,20.0,-5.0,-20.0,0.1,Deterioration
P1035,JioMart,Sunsilk,Hair Care,units_index,Units Index,13.3,18.3,5.0,37.59,0.1,Improvement
P1035,Meesho,Sunsilk,Hair Care,units_index,Units Index,13.3,26.7,13.4,100.75,0.2,Improvement
P1035,Website,Sunsilk,Hair Care,units_index,Units Index,23.3,20.0,-3.3,-14.16,0.1,Deterioration
P1038,Amazon,Sunsilk,Hair Care,units_index,Units Index,55.0,40.0,-15.0,-27.27,0.2,Deterioration
P1038,Flipkart,Sunsilk,Hair Care,units_index,Units Index,25.0,43.3,18.3,73.2,0.3,Improvement
P1038,JioMart,Sunsilk,Hair Care,units_index,Units Index,15.0,11.7,-3.3,-22.0,0.1,Deterioration
P1038,Meesho,Sunsilk,Hair Care,units_index,Units Index,13.3,16.7,3.4,25.56,0.1,Improvement
P1038,Website,Sunsilk,Hair Care,units_index,Units Index,16.7,6.7,-10.0,-59.88,0.2,Deterioration
P1039,Amazon,Sunsilk,Hair Care,units_index,Units Index,85.0,55.0,-30.0,-35.29,0.5,Deterioration
P1039,Flipkart,Sunsilk,Hair Care,units_index,Units Index,18.3,18.3,0.0,0.0,0.0,No Change
P1039,JioMart,Sunsilk,Hair Care,units_index,Units Index,23.3,13.3,-10.0,-42.92,0.2,Deterioration
P1039,Meesho,Sunsilk,Hair Care,units_index,Units Index,16.7,20.0,3.3,19.76,0.1,Improvement
P1039,Website,Sunsilk,Hair Care,units_index,Units Index,5.0,6.7,1.7,34.0,0.0,Improvement
P1041,Amazon,Sunsilk,Hair Care,units_index,Units Index,46.7,65.0,18.3,39.19,0.3,Improvement
P1041,Flipkart,Sunsilk,Hair Care,units_index,Units Index,28.3,25.0,-3.3,-11.66,0.1,Deterioration
P1041,JioMart,Sunsilk,Hair Care,units_index,Units Index,18.3,15.0,-3.3,-18.03,0.1,Deterioration
P1041,Meesho,Sunsilk,Hair Care,units_index,Units Index,30.0,16.7,-13.3,-44.33,0.2,Deterioration
P1041,Website,Sunsilk,Hair Care,units_index,Units Index,11.7,13.3,1.6,13.68,0.0,Improvement
P1042,Amazon,Sunsilk,Hair Care,units_index,Units Index,56.7,60.0,3.3,5.82,0.1,Improvement
P1042,Flipkart,Sunsilk,Hair Care,units_index,Units Index,18.3,21.7,3.4,18.58,0.1,Improvement
P1042,JioMart,Sunsilk,Hair Care,units_index,Units Index,13.3,15.0,1.7,12.78,0.0,Improvement
P1042,Meesho,Sunsilk,Hair Care,units_index,Units Index,18.3,26.7,8.4,45.9,0.1,Improvement
P1042,Website,Sunsilk,Hair Care,units_index,Units Index,18.3,23.3,5.0,27.32,0.1,Improvement
P1043,Amazon,Sunsilk,Hair Care,units_index,Units Index,46.7,55.0,8.3,17.77,0.1,Improvement
P1043,Flipkart,Sunsilk,Hair Care,units_index,Units Index,43.3,35.0,-8.3,-19.17,0.1,Deterioration
P1043,JioMart,Sunsilk,Hair Care,units_index,Units Index,13.3,18.3,5.0,37.59,0.1,Improvement
P1043,Meesho,Sunsilk,Hair Care,units_index,Units Index,18.3,16.7,-1.6,-8.74,0.0,Deterioration
P1043,Website,Sunsilk,Hair Care,units_index,Units Index,11.7,15.0,3.3,28.21,0.1,Improvement
P1044,Amazon,Sunsilk,Hair Care,units_index,Units Index,65.0,61.7,-3.3,-5.08,0.1,Deterioration
P1044,Flipkart,Sunsilk,Hair Care,units_index,Units Index,25.0,28.3,3.3,13.2,0.1,Improvement
P1044,JioMart,Sunsilk,Hair Care,units_index,Units Index,10.0,16.7,6.7,67.0,0.1,Improvement
P1044,Meesho,Sunsilk,Hair Care,units_index,Units Index,16.7,8.3,-8.4,-50.3,0.1,Deterioration
P1044,Website,Sunsilk,Hair Care,units_index,Units Index,3.3,18.3,15.0,454.55,0.2,Improvement
P1048,Amazon,Sunsilk,Hair Care,units_index,Units Index,58.3,76.7,18.4,31.56,0.3,Improvement
P1048,Flipkart,Sunsilk,Hair Care,units_index,Units Index,26.7,30.0,3.3,12.36,0.1,Improvement
P1048,JioMart,Sunsilk,Hair Care,units_index,Units Index,23.3,6.7,-16.6,-71.24,0.3,Deterioration
P1048,Meesho,Sunsilk,Hair Care,units_index,Units Index,13.3,3.3,-10.0,-75.19,0.2,Deterioration
P1048,Website,Sunsilk,Hair Care,units_index,Units Index,13.3,6.7,-6.6,-49.62,0.1,Deterioration
P1052,Amazon,Sunsilk,Hair Care,units_index,Units Index,35.0,66.7,31.7,90.57,0.5,Improvement
P1052,Flipkart,Sunsilk,Hair Care,units_index,Units Index,28.3,26.7,-1.6,-5.65,0.0,Deterioration
P1052,JioMart,Sunsilk,Hair Care,units_index,Units Index,11.7,16.7,5.0,42.74,0.1,Improvement
P1052,Meesho,Sunsilk,Hair Care,units_index,Units Index,18.3,16.7,-1.6,-8.74,0.0,Deterioration
P1052,Website,Sunsilk,Hair Care,units_index,Units Index,8.3,11.7,3.4,40.96,0.1,Improvement
P1067,Amazon,Tiger Balm,Health & Wellness,units_index,Units Index,50.0,65.0,15.0,30.0,0.2,Improvement
P1067,Flipkart,Tiger Balm,Health & Wellness,units_index,Units Index,33.3,15.0,-18.3,-54.95,0.3,Deterioration
P1067,JioMart,Tiger Balm,Health & Wellness,units_index,Units Index,5.0,13.3,8.3,166.0,0.1,Improvement
P1067,Meesho,Tiger Balm,Health & Wellness,units_index,Units Index,28.3,21.7,-6.6,-23.32,0.1,Deterioration
P1067,Website,Tiger Balm,Health & Wellness,units_index,Units Index,8.3,8.3,0.0,0.0,0.0,No Change
P1069,Amazon,Tiger Balm,Health & Wellness,units_index,Units Index,63.3,48.3,-15.0,-23.7,0.2,Deterioration
P1069,Flipkart,Tiger Balm,Health & Wellness,units_index,Units Index,21.7,11.7,-10.0,-46.08,0.2,Deterioration
P1069,JioMart,Tiger Balm,Health & Wellness,units_index,Units Index,18.3,13.3,-5.0,-27.32,0.1,Deterioration
P1069,Meesho,Tiger Balm,Health & Wellness,units_index,Units Index,23.3,18.3,-5.0,-21.46,0.1,Deterioration
P1069,Website,Tiger Balm,Health & Wellness,units_index,Units Index,11.7,13.3,1.6,13.68,0.0,Improvement
P1070,Amazon,Tiger Balm,Health & Wellness,units_index,Units Index,81.7,45.0,-36.7,-44.92,0.6,Deterioration
P1070,Flipkart,Tiger Balm,Health & Wellness,units_index,Units Index,26.7,18.3,-8.4,-31.46,0.1,Deterioration
P1070,JioMart,Tiger Balm,Health & Wellness,units_index,Units Index,13.3,8.3,-5.0,-37.59,0.1,Deterioration
P1070,Meesho,Tiger Balm,Health & Wellness,units_index,Units Index,15.0,18.3,3.3,22.0,0.1,Improvement
P1070,Website,Tiger Balm,Health & Wellness,units_index,Units Index,10.0,16.7,6.7,67.0,0.1,Improvement
P1071,Amazon,Tiger Balm,Health & Wellness,units_index,Units Index,45.0,40.0,-5.0,-11.11,0.1,Deterioration
P1071,Flipkart,Tiger Balm,Health & Wellness,units_index,Units Index,28.3,15.0,-13.3,-47.0,0.2,Deterioration
P1071,JioMart,Tiger Balm,Health & Wellness,units_index,Units Index,10.0,10.0,0.0,0.0,0.0,No Change
P1071,Meesho,Tiger Balm,Health & Wellness,units_index,Units Index,15.0,13.3,-1.7,-11.33,0.0,Deterioration
P1071,Website,Tiger Balm,Health & Wellness,units_index,Units Index,8.3,8.3,0.0,0.0,0.0,No Change
P1072,Amazon,Tiger Balm,Health & Wellness,units_index,Units Index,70.0,38.3,-31.7,-45.29,0.5,Deterioration
P1072,Flipkart,Tiger Balm,Health & Wellness,units_index,Units Index,30.0,21.7,-8.3,-27.67,0.1,Deterioration
P1072,JioMart,Tiger Balm,Health & Wellness,units_index,Units Index,13.3,15.0,1.7,12.78,0.0,Improvement
P1072,Meesho,Tiger Balm,Health & Wellness,units_index,Units Index,25.0,18.3,-6.7,-26.8,0.1,Deterioration
P1072,Website,Tiger Balm,Health & Wellness,units_index,Units Index,23.3,15.0,-8.3,-35.62,0.1,Deterioration
P1075,Amazon,Tresemme,Hair Care,units_index,Units Index,51.7,53.3,1.6,3.09,0.0,Improvement
P1075,Flipkart,Tresemme,Hair Care,units_index,Units Index,30.0,18.3,-11.7,-39.0,0.2,Deterioration
P1075,JioMart,Tresemme,Hair Care,units_index,Units Index,10.0,10.0,0.0,0.0,0.0,No Change
P1075,Meesho,Tresemme,Hair Care,units_index,Units Index,21.7,11.7,-10.0,-46.08,0.2,Deterioration
P1075,Website,Tresemme,Hair Care,units_index,Units Index,16.7,18.3,1.6,9.58,0.0,Improvement
P1080,Amazon,Tresemme,Hair Care,units_index,Units Index,56.7,51.7,-5.0,-8.82,0.1,Deterioration
P1080,Flipkart,Tresemme,Hair Care,units_index,Units Index,20.0,18.3,-1.7,-8.5,0.0,Deterioration
P1080,JioMart,Tresemme,Hair Care,units_index,Units Index,15.0,1.7,-13.3,-88.67,0.2,Deterioration
P1080,Meesho,Tresemme,Hair Care,units_index,Units Index,13.3,11.7,-1.6,-12.03,0.0,Deterioration
P1080,Website,Tresemme,Hair Care,units_index,Units Index,21.7,15.0,-6.7,-30.88,0.1,Deterioration
P1085,Amazon,Tresemme,Hair Care,units_index,Units Index,43.3,58.3,15.0,34.64,0.2,Improvement
P1085,Flipkart,Tresemme,Hair Care,units_index,Units Index,15.0,15.0,0.0,0.0,0.0,No Change
P1085,JioMart,Tresemme,Hair Care,units_index,Units Index,11.7,11.7,0.0,0.0,0.0,No Change
P1085,Meesho,Tresemme,Hair Care,units_index,Units Index,23.3,13.3,-10.0,-42.92,0.2,Deterioration
P1085,Website,Tresemme,Hair Care,units_index,Units Index,5.0,11.7,6.7,134.0,0.1,Improvement
P1099,Amazon,Tros,Body Care,units_index,Units Index,68.3,53.3,-15.0,-21.96,0.2,Deterioration
P1099,Flipkart,Tros,Body Care,units_index,Units Index,26.7,11.7,-15.0,-56.18,0.2,Deterioration
P1099,JioMart,Tros,Body Care,units_index,Units Index,20.0,8.3,-11.7,-58.5,0.2,Deterioration
P1099,Meesho,Tros,Body Care,units_index,Units Index,16.7,13.3,-3.4,-20.36,0.1,Deterioration
P1099,Website,Tros,Body Care,units_index,Units Index,5.0,16.7,11.7,234.0,0.2,Improvement
P1100,Amazon,Tros,Body Care,units_index,Units Index,71.7,63.3,-8.4,-11.72,0.1,Deterioration
P1100,Flipkart,Tros,Body Care,units_index,Units Index,21.7,28.3,6.6,30.41,0.1,Improvement
P1100,JioMart,Tros,Body Care,units_index,Units Index,3.3,10.0,6.7,203.03,0.1,Improvement
P1100,Meesho,Tros,Body Care,units_index,Units Index,21.7,13.3,-8.4,-38.71,0.1,Deterioration
P1100,Website,Tros,Body Care,units_index,Units Index,16.7,11.7,-5.0,-29.94,0.1,Deterioration
P1105,Amazon,Vaseline,Body Care,units_index,Units Index,41.7,65.0,23.3,55.88,0.4,Improvement
P1105,Flipkart,Vaseline,Body Care,units_index,Units Index,28.3,40.0,11.7,41.34,0.2,Improvement
P1105,JioMart,Vaseline,Body Care,units_index,Units Index,11.7,15.0,3.3,28.21,0.1,Improvement
P1105,Meesho,Vaseline,Body Care,units_index,Units Index,11.7,15.0,3.3,28.21,0.1,Improvement
P1105,Website,Vaseline,Body Care,units_index,Units Index,18.3,16.7,-1.6,-8.74,0.0,Deterioration
P1107,Amazon,Vaseline,Body Care,units_index,Units Index,68.3,63.3,-5.0,-7.32,0.1,Deterioration
P1107,Flipkart,Vaseline,Body Care,units_index,Units Index,18.3,25.0,6.7,36.61,0.1,Improvement
P1107,JioMart,Vaseline,Body Care,units_index,Units Index,28.3,18.3,-10.0,-35.34,0.2,Deterioration
P1107,Meesho,Vaseline,Body Care,units_index,Units Index,21.7,18.3,-3.4,-15.67,0.1,Deterioration
P1107,Website,Vaseline,Body Care,units_index,Units Index,6.7,15.0,8.3,123.88,0.1,Improvement
P1109,Amazon,Vaseline,Body Care,units_index,Units Index,70.0,75.0,5.0,7.14,0.1,Improvement
P1109,Flipkart,Vaseline,Body Care,units_index,Units Index,20.0,21.7,1.7,8.5,0.0,Improvement
P1109,JioMart,Vaseline,Body Care,units_index,Units Index,16.7,11.7,-5.0,-29.94,0.1,Deterioration
P1109,Meesho,Vaseline,Body Care,units_index,Units Index,15.0,20.0,5.0,33.33,0.1,Improvement
P1109,Website,Vaseline,Body Care,units_index,Units Index,11.7,11.7,0.0,0.0,0.0,No Change
P1112,Amazon,Vaseline,Body Care,units_index,Units Index,86.7,41.7,-45.0,-51.9,0.7,Deterioration
P1112,Flipkart,Vaseline,Body Care,units_index,Units Index,30.0,21.7,-8.3,-27.67,0.1,Deterioration
P1112,JioMart,Vaseline,Body Care,units_index,Units Index,11.7,18.3,6.6,56.41,0.1,Improvement
P1112,Meesho,Vaseline,Body Care,units_index,Units Index,20.0,21.7,1.7,8.5,0.0,Improvement
P1112,Website,Vaseline,Body Care,units_index,Units Index,3.3,21.7,18.4,557.58,0.3,Improvement
P1114,Amazon,Vaseline,Body Care,units_index,Units Index,41.7,58.3,16.6,39.81,0.3,Improvement
P1114,Flipkart,Vaseline,Body Care,units_index,Units Index,26.7,25.0,-1.7,-6.37,0.0,Deterioration
P1114,JioMart,Vaseline,Body Care,units_index,Units Index,11.7,13.3,1.6,13.68,0.0,Improvement
P1114,Meesho,Vaseline,Body Care,units_index,Units Index,15.0,28.3,13.3,88.67,0.2,Improvement
P1114,Website,Vaseline,Body Care,units_index,Units Index,16.7,31.7,15.0,89.82,0.2,Improvement
P1120,Amazon,Vaseline,Skin Care,units_index,Units Index,68.3,56.7,-11.6,-16.98,0.2,Deterioration
P1120,Flipkart,Vaseline,Skin Care,units_index,Units Index,30.0,38.3,8.3,27.67,0.1,Improvement
P1120,JioMart,Vaseline,Skin Care,units_index,Units Index,20.0,11.7,-8.3,-41.5,0.1,Deterioration
P1120,Meesho,Vaseline,Skin Care,units_index,Units Index,18.3,21.7,3.4,18.58,0.1,Improvement
P1120,Website,Vaseline,Skin Care,units_index,Units Index,25.0,16.7,-8.3,-33.2,0.1,Deterioration
P1121,Amazon,Vaseline,Body Care,units_index,Units Index,50.0,70.0,20.0,40.0,0.3,Improvement
P1121,Flipkart,Vaseline,Body Care,units_index,Units Index,28.3,31.7,3.4,12.01,0.1,Improvement
P1121,JioMart,Vaseline,Body Care,units_index,Units Index,13.3,5.0,-8.3,-62.41,0.1,Deterioration
P1121,Meesho,Vaseline,Body Care,units_index,Units Index,13.3,28.3,15.0,112.78,0.2,Improvement
P1121,Website,Vaseline,Body Care,units_index,Units Index,10.0,11.7,1.7,17.0,0.0,Improvement
P1131,Amazon,Vaseline,Skin Care,units_index,Units Index,51.7,41.7,-10.0,-19.34,0.2,Deterioration
P1131,Flipkart,Vaseline,Skin Care,units_index,Units Index,23.3,16.7,-6.6,-28.33,0.1,Deterioration
P1131,JioMart,Vaseline,Skin Care,units_index,Units Index,15.0,16.7,1.7,11.33,0.0,Improvement
P1131,Meesho,Vaseline,Skin Care,units_index,Units Index,13.3,23.3,10.0,75.19,0.2,Improvement
P1131,Website,Vaseline,Skin Care,units_index,Units Index,8.3,16.7,8.4,101.2,0.1,Improvement
P1146,Amazon,Vaseline,Body Care,units_index,Units Index,45.0,38.3,-6.7,-14.89,0.1,Deterioration
P1146,Flipkart,Vaseline,Body Care,units_index,Units Index,23.3,31.7,8.4,36.05,0.1,Improvement
P1146,JioMart,Vaseline,Body Care,units_index,Units Index,21.7,15.0,-6.7,-30.88,0.1,Deterioration
P1146,Meesho,Vaseline,Body Care,units_index,Units Index,28.3,28.3,0.0,0.0,0.0,No Change
P1146,Website,Vaseline,Body Care,units_index,Units Index,26.7,23.3,-3.4,-12.73,0.1,Deterioration
P1150,Amazon,Vaseline,Body Care,units_index,Units Index,68.3,61.7,-6.6,-9.66,0.1,Deterioration
P1150,Flipkart,Vaseline,Body Care,units_index,Units Index,35.0,28.3,-6.7,-19.14,0.1,Deterioration
P1150,JioMart,Vaseline,Body Care,units_index,Units Index,8.3,20.0,11.7,140.96,0.2,Improvement
P1150,Meesho,Vaseline,Body Care,units_index,Units Index,10.0,25.0,15.0,150.0,0.2,Improvement
P1150,Website,Vaseline,Body Care,units_index,Units Index,3.3,15.0,11.7,354.55,0.2,Improvement
P1156,Amazon,Vaseline,Body Care,units_index,Units Index,75.0,45.0,-30.0,-40.0,0.5,Deterioration
P1156,Flipkart,Vaseline,Body Care,units_index,Units Index,13.3,38.3,25.0,187.97,0.4,Improvement
P1156,JioMart,Vaseline,Body Care,units_index,Units Index,16.7,8.3,-8.4,-50.3,0.1,Deterioration
P1156,Meesho,Vaseline,Body Care,units_index,Units Index,13.3,15.0,1.7,12.78,0.0,Improvement
P1156,Website,Vaseline,Body Care,units_index,Units Index,6.7,25.0,18.3,273.13,0.3,Improvement
P1157,Amazon,Vaseline,Skin Care,units_index,Units Index,55.0,50.0,-5.0,-9.09,0.1,Deterioration
P1157,Flipkart,Vaseline,Skin Care,units_index,Units Index,20.0,23.3,3.3,16.5,0.1,Improvement
P1157,JioMart,Vaseline,Skin Care,units_index,Units Index,13.3,15.0,1.7,12.78,0.0,Improvement
P1157,Meesho,Vaseline,Skin Care,units_index,Units Index,26.7,21.7,-5.0,-18.73,0.1,Deterioration
P1157,Website,Vaseline,Skin Care,units_index,Units Index,20.0,15.0,-5.0,-25.0,0.1,Deterioration
P1162,Amazon,Vita Keratin,Hair Care,units_index,Units Index,78.3,86.7,8.4,10.73,0.1,Improvement
P1162,Flipkart,Vita Keratin,Hair Care,units_index,Units Index,36.7,25.0,-11.7,-31.88,0.2,Deterioration
P1162,JioMart,Vita Keratin,Hair Care,units_index,Units Index,10.0,6.7,-3.3,-33.0,0.1,Deterioration
P1162,Meesho,Vita Keratin,Hair Care,units_index,Units Index,25.0,11.7,-13.3,-53.2,0.2,Deterioration
P1162,Website,Vita Keratin,Hair Care,units_index,Units Index,10.0,10.0,0.0,0.0,0.0,No Change
P1164,Amazon,Wangprom,Health & Wellness,units_index,Units Index,43.3,48.3,5.0,11.55,0.1,Improvement
P1164,Flipkart,Wangprom,Health & Wellness,units_index,Units Index,8.3,25.0,16.7,201.2,0.3,Improvement
P1164,JioMart,Wangprom,Health & Wellness,units_index,Units Index,16.7,5.0,-11.7,-70.06,0.2,Deterioration
P1164,Meesho,Wangprom,Health & Wellness,units_index,Units Index,20.0,23.3,3.3,16.5,0.1,Improvement
P1164,Website,Wangprom,Health & Wellness,units_index,Units Index,18.3,8.3,-10.0,-54.64,0.2,Deterioration
P1176,Amazon,Wangprom,Health & Wellness,units_index,Units Index,68.3,40.0,-28.3,-41.43,0.5,Deterioration
P1176,Flipkart,Wangprom,Health & Wellness,units_index,Units Index,20.0,18.3,-1.7,-8.5,0.0,Deterioration
P1176,JioMart,Wangprom,Health & Wellness,units_index,Units Index,10.0,23.3,13.3,133.0,0.2,Improvement
P1176,Meesho,Wangprom,Health & Wellness,units_index,Units Index,23.3,11.7,-11.6,-49.79,0.2,Deterioration
P1176,Website,Wangprom,Health & Wellness,units_index,Units Index,10.0,8.3,-1.7,-17.0,0.0,Deterioration
P1185,Amazon,Watsons,Oral Care,units_index,Units Index,38.3,55.0,16.7,43.6,0.3,Improvement
P1185,Flipkart,Watsons,Oral Care,units_index,Units Index,30.0,13.3,-16.7,-55.67,0.3,Deterioration
P1185,JioMart,Watsons,Oral Care,units_index,Units Index,10.0,11.7,1.7,17.0,0.0,Improvement
P1185,Meesho,Watsons,Oral Care,units_index,Units Index,18.3,36.7,18.4,100.55,0.3,Improvement
P1185,Website,Watsons,Oral Care,units_index,Units Index,8.3,10.0,1.7,20.48,0.0,Improvement
P1190,Amazon,Watsons,Oral Care,units_index,Units Index,41.7,68.3,26.6,63.79,0.4,Improvement
P1190,Flipkart,Watsons,Oral Care,units_index,Units Index,26.7,43.3,16.6,62.17,0.3,Improvement
P1190,JioMart,Watsons,Oral Care,units_index,Units Index,6.7,11.7,5.0,74.63,0.1,Improvement
P1190,Meesho,Watsons,Oral Care,units_index,Units Index,11.7,21.7,10.0,85.47,0.2,Improvement
P1190,Website,Watsons,Oral Care,units_index,Units Index,16.7,10.0,-6.7,-40.12,0.1,Deterioration
P1196,Amazon,Watsons,Oral Care,units_index,Units Index,80.0,88.3,8.3,10.37,0.1,Improvement
P1196,Flipkart,Watsons,Oral Care,units_index,Units Index,35.0,23.3,-11.7,-33.43,0.2,Deterioration
P1196,JioMart,Watsons,Oral Care,units_index,Units Index,15.0,21.7,6.7,44.67,0.1,Improvement
P1196,Meesho,Watsons,Oral Care,units_index,Units Index,26.7,16.7,-10.0,-37.45,0.2,Deterioration
P1196,Website,Watsons,Oral Care,units_index,Units Index,5.0,11.7,6.7,134.0,0.1,Improvement
P1200,Amazon,Watsons,Oral Care,units_index,Units Index,56.7,66.7,10.0,17.64,0.2,Improvement
P1200,Flipkart,Watsons,Oral Care,units_index,Units Index,16.7,28.3,11.6,69.46,0.2,Improvement
P1200,JioMart,Watsons,Oral Care,units_index,Units Index,5.0,11.7,6.7,134.0,0.1,Improvement
P1200,Meesho,Watsons,Oral Care,units_index,Units Index,15.0,15.0,0.0,0.0,0.0,No Change
P1200,Website,Watsons,Oral Care,units_index,Units Index,18.3,11.7,-6.6,-36.07,0.1,Deterioration
P1214,Amazon,Watsons,Oral Care,units_index,Units Index,68.3,65.0,-3.3,-4.83,0.1,Deterioration
P1214,Flipkart,Watsons,Oral Care,units_index,Units Index,23.3,23.3,0.0,0.0,0.0,No Change
P1214,JioMart,Watsons,Oral Care,units_index,Units Index,10.0,8.3,-1.7,-17.0,0.0,Deterioration
P1214,Meesho,Watsons,Oral Care,units_index,Units Index,26.7,18.3,-8.4,-31.46,0.1,Deterioration
P1214,Website,Watsons,Oral Care,units_index,Units Index,16.7,25.0,8.3,49.7,0.1,Improvement
P1218,Amazon,Watsons,Oral Care,units_index,Units Index,51.7,56.7,5.0,9.67,0.1,Improvement
P1218,Flipkart,Watsons,Oral Care,units_index,Units Index,36.7,25.0,-11.7,-31.88,0.2,Deterioration
P1218,JioMart,Watsons,Oral Care,units_index,Units Index,21.7,6.7,-15.0,-69.12,0.2,Deterioration
P1218,Meesho,Watsons,Oral Care,units_index,Units Index,26.7,31.7,5.0,18.73,0.1,Improvement
P1218,Website,Watsons,Oral Care,units_index,Units Index,18.3,8.3,-10.0,-54.64,0.2,Deterioration
P1237,Amazon,Watsons,Oral Care,units_index,Units Index,58.3,63.3,5.0,8.58,0.1,Improvement
P1237,Flipkart,Watsons,Oral Care,units_index,Units Index,35.0,23.3,-11.7,-33.43,0.2,Deterioration
P1237,JioMart,Watsons,Oral Care,units_index,Units Index,11.7,6.7,-5.0,-42.74,0.1,Deterioration
P1237,Meesho,Watsons,Oral Care,units_index,Units Index,13.3,23.3,10.0,75.19,0.2,Improvement
P1237,Website,Watsons,Oral Care,units_index,Units Index,11.7,13.3,1.6,13.68,0.0,Improvement
P1248,Amazon,Watsons,Skin Care,units_index,Units Index,60.0,63.3,3.3,5.5,0.1,Improvement
P1248,Flipkart,Watsons,Skin Care,units_index,Units Index,25.0,33.3,8.3,33.2,0.1,Improvement
P1248,JioMart,Watsons,Skin Care,units_index,Units Index,16.7,13.3,-3.4,-20.36,0.1,Deterioration
P1248,Meesho,Watsons,Skin Care,units_index,Units Index,15.0,16.7,1.7,11.33,0.0,Improvement
P1248,Website,Watsons,Skin Care,units_index,Units Index,25.0,13.3,-11.7,-46.8,0.2,Deterioration
P1249,Amazon,Watsons,Oral Care,units_index,Units Index,48.3,63.3,15.0,31.06,0.2,Improvement
P1249,Flipkart,Watsons,Oral Care,units_index,Units Index,20.0,33.3,13.3,66.5,0.2,Improvement
P1249,JioMart,Watsons,Oral Care,units_index,Units Index,16.7,6.7,-10.0,-59.88,0.2,Deterioration
P1249,Meesho,Watsons,Oral Care,units_index,Units Index,15.0,18.3,3.3,22.0,0.1,Improvement
P1249,Website,Watsons,Oral Care,units_index,Units Index,11.7,16.7,5.0,42.74,0.1,Improvement
P1251,Amazon,Watsons,Oral Care,units_index,Units Index,68.3,53.3,-15.0,-21.96,0.2,Deterioration
P1251,Flipkart,Watsons,Oral Care,units_index,Units Index,26.7,31.7,5.0,18.73,0.1,Improvement
P1251,JioMart,Watsons,Oral Care,units_index,Units Index,18.3,10.0,-8.3,-45.36,0.1,Deterioration
P1251,Meesho,Watsons,Oral Care,units_index,Units Index,25.0,23.3,-1.7,-6.8,0.0,Deterioration
P1251,Website,Watsons,Oral Care,units_index,Units Index,5.0,15.0,10.0,200.0,0.2,Improvement
P1254,Amazon,Watsons,Oral Care,units_index,Units Index,41.7,60.0,18.3,43.88,0.3,Improvement
P1254,Flipkart,Watsons,Oral Care,units_index,Units Index,45.0,21.7,-23.3,-51.78,0.4,Deterioration
P1254,JioMart,Watsons,Oral Care,units_index,Units Index,15.0,10.0,-5.0,-33.33,0.1,Deterioration
P1254,Meesho,Watsons,Oral Care,units_index,Units Index,18.3,16.7,-1.6,-8.74,0.0,Deterioration
P1254,Website,Watsons,Oral Care,units_index,Units Index,11.7,11.7,0.0,0.0,0.0,No Change
P0022,Amazon,Ambi Pur,Home & Kitchen,fee_pct_of_gross,Fee % of Gross,22.8,22.4,-0.4,-1.75,0.0,Improvement
P0022,Flipkart,Ambi Pur,Home & Kitchen,fee_pct_of_gross,Fee % of Gross,18.4,15.3,-3.1,-16.85,0.3,Improvement
P0022,JioMart,Ambi Pur,Home & Kitchen,fee_pct_of_gross,Fee % of Gross,12.0,10.4,-1.6,-13.33,0.2,Improvement
P0022,Meesho,Ambi Pur,Home & Kitchen,fee_pct_of_gross,Fee % of Gross,13.1,14.3,1.2,9.16,0.1,Deterioration
P0022,Website,Ambi Pur,Home & Kitchen,fee_pct_of_gross,Fee % of Gross,5.0,4.4,-0.6,-12.0,0.1,Improvement
P0024,Amazon,AR,Skin Care,fee_pct_of_gross,Fee % of Gross,32.3,34.0,1.7,5.26,0.2,Deterioration
P0024,Flipkart,AR,Skin Care,fee_pct_of_gross,Fee % of Gross,16.0,16.6,0.6,3.75,0.1,Deterioration
P0024,JioMart,AR,Skin Care,fee_pct_of_gross,Fee % of Gross,11.9,11.9,0.0,0.0,0.0,No Change
P0024,Meesho,AR,Skin Care,fee_pct_of_gross,Fee % of Gross,13.5,14.9,1.4,10.37,0.2,Deterioration
P0024,Website,AR,Skin Care,fee_pct_of_gross,Fee % of Gross,5.3,5.8,0.5,9.43,0.1,Deterioration
P0029,Amazon,Axe,Body Care,fee_pct_of_gross,Fee % of Gross,23.6,24.2,0.6,2.54,0.1,Deterioration
P0029,Flipkart,Axe,Body Care,fee_pct_of_gross,Fee % of Gross,16.1,16.6,0.5,3.11,0.1,Deterioration
P0029,JioMart,Axe,Body Care,fee_pct_of_gross,Fee % of Gross,10.5,9.5,-1.0,-9.52,0.1,Improvement
P0029,Meesho,Axe,Body Care,fee_pct_of_gross,Fee % of Gross,14.9,13.5,-1.4,-9.4,0.2,Improvement
P0029,Website,Axe,Body Care,fee_pct_of_gross,Fee % of Gross,5.5,6.5,1.0,18.18,0.1,Deterioration
P0034,Amazon,Axe,Body Care,fee_pct_of_gross,Fee % of Gross,27.5,26.2,-1.3,-4.73,0.1,Improvement
P0034,Flipkart,Axe,Body Care,fee_pct_of_gross,Fee % of Gross,17.3,15.2,-2.1,-12.14,0.2,Improvement
P0034,JioMart,Axe,Body Care,fee_pct_of_gross,Fee % of Gross,11.5,13.1,1.6,13.91,0.2,Deterioration
P0034,Meesho,Axe,Body Care,fee_pct_of_gross,Fee % of Gross,14.1,13.9,-0.2,-1.42,0.0,Improvement
P0034,Website,Axe,Body Care,fee_pct_of_gross,Fee % of Gross,4.6,4.1,-0.5,-10.87,0.1,Improvement
P0039,Amazon,Axe,Body Care,fee_pct_of_gross,Fee % of Gross,28.8,28.3,-0.5,-1.74,0.1,Improvement
P0039,Flipkart,Axe,Body Care,fee_pct_of_gross,Fee % of Gross,14.7,15.1,0.4,2.72,0.0,Deterioration
P0039,JioMart,Axe,Body Care,fee_pct_of_gross,Fee % of Gross,13.1,11.3,-1.8,-13.74,0.2,Improvement
P0039,Meesho,Axe,Body Care,fee_pct_of_gross,Fee % of Gross,13.9,13.8,-0.1,-0.72,0.0,Improvement
P0039,Website,Axe,Body Care,fee_pct_of_gross,Fee % of Gross,5.3,5.3,0.0,0.0,0.0,No Change
P0041,Amazon,Axe,Body Care,fee_pct_of_gross,Fee % of Gross,24.3,24.5,0.2,0.82,0.0,Deterioration
P0041,Flipkart,Axe,Body Care,fee_pct_of_gross,Fee % of Gross,15.8,14.6,-1.2,-7.59,0.1,Improvement
P0041,JioMart,Axe,Body Care,fee_pct_of_gross,Fee % of Gross,11.3,11.4,0.1,0.88,0.0,Deterioration
P0041,Meesho,Axe,Body Care,fee_pct_of_gross,Fee % of Gross,13.2,12.4,-0.8,-6.06,0.1,Improvement
P0041,Website,Axe,Body Care,fee_pct_of_gross,Fee % of Gross,4.5,4.3,-0.2,-4.44,0.0,Improvement
P0042,Amazon,Axe,Body Care,fee_pct_of_gross,Fee % of Gross,23.3,25.0,1.7,7.3,0.2,Deterioration
P0042,Flipkart,Axe,Body Care,fee_pct_of_gross,Fee % of Gross,16.2,14.6,-1.6,-9.88,0.2,Improvement
P0042,JioMart,Axe,Body Care,fee_pct_of_gross,Fee % of Gross,11.1,11.4,0.3,2.7,0.0,Deterioration
P0042,Meesho,Axe,Body Care,fee_pct_of_gross,Fee % of Gross,11.8,13.0,1.2,10.17,0.1,Deterioration
P0042,Website,Axe,Body Care,fee_pct_of_gross,Fee % of Gross,5.8,7.7,1.9,32.76,0.2,Deterioration
P0082,Amazon,Biore,Skin Care,fee_pct_of_gross,Fee % of Gross,26.1,27.2,1.1,4.21,0.1,Deterioration
P0082,Flipkart,Biore,Skin Care,fee_pct_of_gross,Fee % of Gross,15.3,14.7,-0.6,-3.92,0.1,Improvement
P0082,JioMart,Biore,Skin Care,fee_pct_of_gross,Fee % of Gross,12.2,11.0,-1.2,-9.84,0.1,Improvement
P0082,Meesho,Biore,Skin Care,fee_pct_of_gross,Fee % of Gross,13.2,13.4,0.2,1.52,0.0,Deterioration
P0082,Website,Biore,Skin Care,fee_pct_of_gross,Fee % of Gross,4.9,4.1,-0.8,-16.33,0.1,Improvement
P0156,Amazon,Colgate,Oral Care,fee_pct_of_gross,Fee % of Gross,26.0,26.0,0.0,0.0,0.0,No Change
P0156,Flipkart,Colgate,Oral Care,fee_pct_of_gross,Fee % of Gross,16.6,16.7,0.1,0.6,0.0,Deterioration
P0156,JioMart,Colgate,Oral Care,fee_pct_of_gross,Fee % of Gross,12.2,10.9,-1.3,-10.66,0.1,Improvement
P0156,Meesho,Colgate,Oral Care,fee_pct_of_gross,Fee % of Gross,12.5,12.6,0.1,0.8,0.0,Deterioration
P0156,Website,Colgate,Oral Care,fee_pct_of_gross,Fee % of Gross,5.9,4.4,-1.5,-25.42,0.2,Improvement
P0168,Amazon,Colgate,Oral Care,fee_pct_of_gross,Fee % of Gross,24.1,23.7,-0.4,-1.66,0.0,Improvement
P0168,Flipkart,Colgate,Oral Care,fee_pct_of_gross,Fee % of Gross,15.7,14.4,-1.3,-8.28,0.1,Improvement
P0168,JioMart,Colgate,Oral Care,fee_pct_of_gross,Fee % of Gross,10.8,10.9,0.1,0.93,0.0,Deterioration
P0168,Meesho,Colgate,Oral Care,fee_pct_of_gross,Fee % of Gross,13.4,13.3,-0.1,-0.75,0.0,Improvement
P0168,Website,Colgate,Oral Care,fee_pct_of_gross,Fee % of Gross,5.6,4.4,-1.2,-21.43,0.1,Improvement
P0170,Amazon,Colgate,Oral Care,fee_pct_of_gross,Fee % of Gross,33.0,33.6,0.6,1.82,0.1,Deterioration
P0170,Flipkart,Colgate,Oral Care,fee_pct_of_gross,Fee % of Gross,16.2,17.6,1.4,8.64,0.2,Deterioration
P0170,JioMart,Colgate,Oral Care,fee_pct_of_gross,Fee % of Gross,11.8,10.8,-1.0,-8.47,0.1,Improvement
P0170,Meesho,Colgate,Oral Care,fee_pct_of_gross,Fee % of Gross,18.9,12.5,-6.4,-33.86,0.7,Improvement
P0170,Website,Colgate,Oral Care,fee_pct_of_gross,Fee % of Gross,7.8,5.1,-2.7,-34.62,0.3,Improvement
P0172,Amazon,Colgate,Oral Care,fee_pct_of_gross,Fee % of Gross,23.8,24.3,0.5,2.1,0.1,Deterioration
P0172,Flipkart,Colgate,Oral Care,fee_pct_of_gross,Fee % of Gross,15.3,15.7,0.4,2.61,0.0,Deterioration
P0172,JioMart,Colgate,Oral Care,fee_pct_of_gross,Fee % of Gross,10.0,10.9,0.9,9.0,0.1,Deterioration
P0172,Meesho,Colgate,Oral Care,fee_pct_of_gross,Fee % of Gross,12.3,13.7,1.4,11.38,0.2,Deterioration
P0172,Website,Colgate,Oral Care,fee_pct_of_gross,Fee % of Gross,5.9,5.3,-0.6,-10.17,0.1,Improvement
P0175,Amazon,Colgate,Oral Care,fee_pct_of_gross,Fee % of Gross,26.3,25.7,-0.6,-2.28,0.1,Improvement
P0175,Flipkart,Colgate,Oral Care,fee_pct_of_gross,Fee % of Gross,16.3,15.6,-0.7,-4.29,0.1,Improvement
P0175,JioMart,Colgate,Oral Care,fee_pct_of_gross,Fee % of Gross,11.6,10.9,-0.7,-6.03,0.1,Improvement
P0175,Meesho,Colgate,Oral Care,fee_pct_of_gross,Fee % of Gross,14.5,12.8,-1.7,-11.72,0.2,Improvement
P0175,Website,Colgate,Oral Care,fee_pct_of_gross,Fee % of Gross,6.3,5.9,-0.4,-6.35,0.0,Improvement
P0178,Amazon,Colgate,Oral Care,fee_pct_of_gross,Fee % of Gross,27.0,26.7,-0.3,-1.11,0.0,Improvement
P0178,Flipkart,Colgate,Oral Care,fee_pct_of_gross,Fee % of Gross,14.7,16.0,1.3,8.84,0.1,Deterioration
P0178,JioMart,Colgate,Oral Care,fee_pct_of_gross,Fee % of Gross,9.6,11.9,2.3,23.96,0.3,Deterioration
P0178,Meesho,Colgate,Oral Care,fee_pct_of_gross,Fee % of Gross,13.3,13.4,0.1,0.75,0.0,Deterioration
P0178,Website,Colgate,Oral Care,fee_pct_of_gross,Fee % of Gross,4.3,5.8,1.5,34.88,0.2,Deterioration
P0212,Amazon,Colgate,Oral Care,fee_pct_of_gross,Fee % of Gross,31.6,30.8,-0.8,-2.53,0.1,Improvement
P0212,Flipkart,Colgate,Oral Care,fee_pct_of_gross,Fee % of Gross,15.8,14.8,-1.0,-6.33,0.1,Improvement
P0212,JioMart,Colgate,Oral Care,fee_pct_of_gross,Fee % of Gross,11.1,14.8,3.7,33.33,0.4,Deterioration
P0212,Meesho,Colgate,Oral Care,fee_pct_of_gross,Fee % of Gross,15.5,13.4,-2.1,-13.55,0.2,Improvement
P0212,Website,Colgate,Oral Care,fee_pct_of_gross,Fee % of Gross,7.2,6.0,-1.2,-16.67,0.1,Improvement
P0218,Amazon,Colgate,Oral Care,fee_pct_of_gross,Fee % of Gross,26.7,26.7,0.0,0.0,0.0,No Change
P0218,Flipkart,Colgate,Oral Care,fee_pct_of_gross,Fee % of Gross,17.6,13.2,-4.4,-25.0,0.5,Improvement
P0218,JioMart,Colgate,Oral Care,fee_pct_of_gross,Fee % of Gross,15.0,11.8,-3.2,-21.33,0.4,Improvement
P0218,Meesho,Colgate,Oral Care,fee_pct_of_gross,Fee % of Gross,13.6,13.3,-0.3,-2.21,0.0,Improvement
P0218,Website,Colgate,Oral Care,fee_pct_of_gross,Fee % of Gross,3.3,3.5,0.2,6.06,0.0,Deterioration
P0225,Amazon,Colgate,Oral Care,fee_pct_of_gross,Fee % of Gross,33.8,32.0,-1.8,-5.33,0.2,Improvement
P0225,Flipkart,Colgate,Oral Care,fee_pct_of_gross,Fee % of Gross,15.4,15.4,0.0,0.0,0.0,No Change
P0225,JioMart,Colgate,Oral Care,fee_pct_of_gross,Fee % of Gross,12.4,11.3,-1.1,-8.87,0.1,Improvement
P0225,Meesho,Colgate,Oral Care,fee_pct_of_gross,Fee % of Gross,12.6,13.4,0.8,6.35,0.1,Deterioration
P0225,Website,Colgate,Oral Care,fee_pct_of_gross,Fee % of Gross,6.0,7.6,1.6,26.67,0.2,Deterioration
P0230,Amazon,Counterpain,Health & Wellness,fee_pct_of_gross,Fee % of Gross,24.3,24.2,-0.1,-0.41,0.0,Improvement
P0230,Flipkart,Counterpain,Health & Wellness,fee_pct_of_gross,Fee % of Gross,15.4,14.8,-0.6,-3.9,0.1,Improvement
P0230,JioMart,Counterpain,Health & Wellness,fee_pct_of_gross,Fee % of Gross,11.1,13.4,2.3,20.72,0.3,Deterioration
P0230,Meesho,Counterpain,Health & Wellness,fee_pct_of_gross,Fee % of Gross,12.7,13.0,0.3,2.36,0.0,Deterioration
P0230,Website,Counterpain,Health & Wellness,fee_pct_of_gross,Fee % of Gross,4.9,5.3,0.4,8.16,0.0,Deterioration
P0233,Amazon,Counterpain,Health & Wellness,fee_pct_of_gross,Fee % of Gross,35.1,34.3,-0.8,-2.28,0.1,Improvement
P0233,Flipkart,Counterpain,Health & Wellness,fee_pct_of_gross,Fee % of Gross,17.4,16.7,-0.7,-4.02,0.1,Improvement
P0233,JioMart,Counterpain,Health & Wellness,fee_pct_of_gross,Fee % of Gross,10.0,13.8,3.8,38.0,0.4,Deterioration
P0233,Meesho,Counterpain,Health & Wellness,fee_pct_of_gross,Fee % of Gross,15.1,14.2,-0.9,-5.96,0.1,Improvement
P0233,Website,Counterpain,Health & Wellness,fee_pct_of_gross,Fee % of Gross,5.5,9.1,3.6,65.45,0.4,Deterioration
P0235,Amazon,Counterpain,Health & Wellness,fee_pct_of_gross,Fee % of Gross,23.9,24.1,0.2,0.84,0.0,Deterioration
P0235,Flipkart,Counterpain,Health & Wellness,fee_pct_of_gross,Fee % of Gross,15.8,15.5,-0.3,-1.9,0.0,Improvement
P0235,JioMart,Counterpain,Health & Wellness,fee_pct_of_gross,Fee % of Gross,10.9,10.9,0.0,0.0,0.0,No Change
P0235,Meesho,Counterpain,Health & Wellness,fee_pct_of_gross,Fee % of Gross,13.4,13.5,0.1,0.75,0.0,Deterioration
P0235,Website,Counterpain,Health & Wellness,fee_pct_of_gross,Fee % of Gross,5.3,3.6,-1.7,-32.08,0.2,Improvement
P0246,Amazon,Dove,Body Care,fee_pct_of_gross,Fee % of Gross,27.3,27.4,0.1,0.37,0.0,Deterioration
P0246,Flipkart,Dove,Body Care,fee_pct_of_gross,Fee % of Gross,15.9,15.9,0.0,0.0,0.0,No Change
P0246,JioMart,Dove,Body Care,fee_pct_of_gross,Fee % of Gross,11.4,11.3,-0.1,-0.88,0.0,Improvement
P0246,Meesho,Dove,Body Care,fee_pct_of_gross,Fee % of Gross,13.0,13.5,0.5,3.85,0.1,Deterioration
P0246,Website,Dove,Body Care,fee_pct_of_gross,Fee % of Gross,6.0,4.6,-1.4,-23.33,0.2,Improvement
P0252,Amazon,Dove,Hair Care,fee_pct_of_gross,Fee % of Gross,25.2,23.3,-1.9,-7.54,0.2,Improvement
P0252,Flipkart,Dove,Hair Care,fee_pct_of_gross,Fee % of Gross,15.6,14.7,-0.9,-5.77,0.1,Improvement
P0252,JioMart,Dove,Hair Care,fee_pct_of_gross,Fee % of Gross,10.7,11.7,1.0,9.35,0.1,Deterioration
P0252,Meesho,Dove,Hair Care,fee_pct_of_gross,Fee % of Gross,14.3,12.1,-2.2,-15.38,0.2,Improvement
P0252,Website,Dove,Hair Care,fee_pct_of_gross,Fee % of Gross,4.4,6.4,2.0,45.45,0.2,Deterioration
P0253,Amazon,Dove,Hair Care,fee_pct_of_gross,Fee % of Gross,31.8,33.9,2.1,6.6,0.2,Deterioration
P0253,Flipkart,Dove,Hair Care,fee_pct_of_gross,Fee % of Gross,15.0,16.8,1.8,12.0,0.2,Deterioration
P0253,JioMart,Dove,Hair Care,fee_pct_of_gross,Fee % of Gross,12.4,13.8,1.4,11.29,0.2,Deterioration
P0253,Meesho,Dove,Hair Care,fee_pct_of_gross,Fee % of Gross,12.7,13.2,0.5,3.94,0.1,Deterioration
P0253,Website,Dove,Hair Care,fee_pct_of_gross,Fee % of Gross,10.4,7.1,-3.3,-31.73,0.4,Improvement
P0257,Amazon,Dove,Hair Care,fee_pct_of_gross,Fee % of Gross,32.9,33.4,0.5,1.52,0.1,Deterioration
P0257,Flipkart,Dove,Hair Care,fee_pct_of_gross,Fee % of Gross,17.0,16.5,-0.5,-2.94,0.1,Improvement
P0257,JioMart,Dove,Hair Care,fee_pct_of_gross,Fee % of Gross,9.5,10.8,1.3,13.68,0.1,Deterioration
P0257,Meesho,Dove,Hair Care,fee_pct_of_gross,Fee % of Gross,13.5,13.2,-0.3,-2.22,0.0,Improvement
P0257,Website,Dove,Hair Care,fee_pct_of_gross,Fee % of Gross,7.0,6.7,-0.3,-4.29,0.0,Improvement
P0259,Amazon,Dove,Hair Care,fee_pct_of_gross,Fee % of Gross,31.9,35.1,3.2,10.03,0.4,Deterioration
P0259,Flipkart,Dove,Hair Care,fee_pct_of_gross,Fee % of Gross,15.8,16.5,0.7,4.43,0.1,Deterioration
P0259,JioMart,Dove,Hair Care,fee_pct_of_gross,Fee % of Gross,10.5,12.0,1.5,14.29,0.2,Deterioration
P0259,Meesho,Dove,Hair Care,fee_pct_of_gross,Fee % of Gross,13.5,15.5,2.0,14.81,0.2,Deterioration
P0259,Website,Dove,Hair Care,fee_pct_of_gross,Fee % of Gross,5.7,4.0,-1.7,-29.82,0.2,Improvement
P0260,Amazon,Dove,Hair Care,fee_pct_of_gross,Fee % of Gross,24.3,23.0,-1.3,-5.35,0.1,Improvement
P0260,Flipkart,Dove,Hair Care,fee_pct_of_gross,Fee % of Gross,16.4,14.5,-1.9,-11.59,0.2,Improvement
P0260,JioMart,Dove,Hair Care,fee_pct_of_gross,Fee % of Gross,11.3,13.2,1.9,16.81,0.2,Deterioration
P0260,Meesho,Dove,Hair Care,fee_pct_of_gross,Fee % of Gross,13.4,14.0,0.6,4.48,0.1,Deterioration
P0260,Website,Dove,Hair Care,fee_pct_of_gross,Fee % of Gross,6.2,6.5,0.3,4.84,0.0,Deterioration
P0261,Amazon,Dove,Hair Care,fee_pct_of_gross,Fee % of Gross,30.0,34.3,4.3,14.33,0.5,Deterioration
P0261,Flipkart,Dove,Hair Care,fee_pct_of_gross,Fee % of Gross,16.6,16.6,0.0,0.0,0.0,No Change
P0261,JioMart,Dove,Hair Care,fee_pct_of_gross,Fee % of Gross,11.4,12.0,0.6,5.26,0.1,Deterioration
P0261,Meesho,Dove,Hair Care,fee_pct_of_gross,Fee % of Gross,14.4,13.6,-0.8,-5.56,0.1,Improvement
P0261,Website,Dove,Hair Care,fee_pct_of_gross,Fee % of Gross,6.0,4.6,-1.4,-23.33,0.2,Improvement
P0262,Amazon,Dove,Hair Care,fee_pct_of_gross,Fee % of Gross,31.9,30.9,-1.0,-3.13,0.1,Improvement
P0262,Flipkart,Dove,Hair Care,fee_pct_of_gross,Fee % of Gross,15.8,14.9,-0.9,-5.7,0.1,Improvement
P0262,JioMart,Dove,Hair Care,fee_pct_of_gross,Fee % of Gross,11.8,11.6,-0.2,-1.69,0.0,Improvement
P0262,Meesho,Dove,Hair Care,fee_pct_of_gross,Fee % of Gross,15.0,19.3,4.3,28.67,0.5,Deterioration
P0262,Website,Dove,Hair Care,fee_pct_of_gross,Fee % of Gross,5.4,7.6,2.2,40.74,0.2,Deterioration
P0263,Amazon,Dove,Hair Care,fee_pct_of_gross,Fee % of Gross,24.4,23.6,-0.8,-3.28,0.1,Improvement
P0263,Flipkart,Dove,Hair Care,fee_pct_of_gross,Fee % of Gross,15.1,15.1,0.0,0.0,0.0,No Change
P0263,JioMart,Dove,Hair Care,fee_pct_of_gross,Fee % of Gross,10.8,10.4,-0.4,-3.7,0.0,Improvement
P0263,Meesho,Dove,Hair Care,fee_pct_of_gross,Fee % of Gross,13.5,14.0,0.5,3.7,0.1,Deterioration
P0263,Website,Dove,Hair Care,fee_pct_of_gross,Fee % of Gross,5.8,5.0,-0.8,-13.79,0.1,Improvement
P0264,Amazon,Dove,Body Care,fee_pct_of_gross,Fee % of Gross,25.4,26.6,1.2,4.72,0.1,Deterioration
P0264,Flipkart,Dove,Body Care,fee_pct_of_gross,Fee % of Gross,15.6,15.1,-0.5,-3.21,0.1,Improvement
P0264,JioMart,Dove,Body Care,fee_pct_of_gross,Fee % of Gross,11.5,10.6,-0.9,-7.83,0.1,Improvement
P0264,Meesho,Dove,Body Care,fee_pct_of_gross,Fee % of Gross,12.7,13.3,0.6,4.72,0.1,Deterioration
P0264,Website,Dove,Body Care,fee_pct_of_gross,Fee % of Gross,7.0,4.6,-2.4,-34.29,0.3,Improvement
P0270,Amazon,Dove,Hair Care,fee_pct_of_gross,Fee % of Gross,31.1,32.9,1.8,5.79,0.2,Deterioration
P0270,Flipkart,Dove,Hair Care,fee_pct_of_gross,Fee % of Gross,17.0,16.0,-1.0,-5.88,0.1,Improvement
P0270,JioMart,Dove,Hair Care,fee_pct_of_gross,Fee % of Gross,12.3,14.0,1.7,13.82,0.2,Deterioration
P0270,Meesho,Dove,Hair Care,fee_pct_of_gross,Fee % of Gross,15.4,13.8,-1.6,-10.39,0.2,Improvement
P0270,Website,Dove,Hair Care,fee_pct_of_gross,Fee % of Gross,7.9,5.4,-2.5,-31.65,0.3,Improvement
P0271,Amazon,Dove,Hair Care,fee_pct_of_gross,Fee % of Gross,31.8,31.6,-0.2,-0.63,0.0,Improvement
P0271,Flipkart,Dove,Hair Care,fee_pct_of_gross,Fee % of Gross,18.3,15.5,-2.8,-15.3,0.3,Improvement
P0271,JioMart,Dove,Hair Care,fee_pct_of_gross,Fee % of Gross,10.1,11.3,1.2,11.88,0.1,Deterioration
P0271,Meesho,Dove,Hair Care,fee_pct_of_gross,Fee % of Gross,13.4,13.0,-0.4,-2.99,0.0,Improvement
P0271,Website,Dove,Hair Care,fee_pct_of_gross,Fee % of Gross,2.7,7.3,4.6,170.37,0.5,Deterioration
P0278,Amazon,Dove,Hair Care,fee_pct_of_gross,Fee % of Gross,34.3,36.0,1.7,4.96,0.2,Deterioration
P0278,Flipkart,Dove,Hair Care,fee_pct_of_gross,Fee % of Gross,15.4,15.6,0.2,1.3,0.0,Deterioration
P0278,JioMart,Dove,Hair Care,fee_pct_of_gross,Fee % of Gross,11.6,12.4,0.8,6.9,0.1,Deterioration
P0278,Meesho,Dove,Hair Care,fee_pct_of_gross,Fee % of Gross,13.4,15.3,1.9,14.18,0.2,Deterioration
P0278,Website,Dove,Hair Care,fee_pct_of_gross,Fee % of Gross,6.1,6.6,0.5,8.2,0.1,Deterioration
P0279,Amazon,Dove,Body Care,fee_pct_of_gross,Fee % of Gross,23.3,23.5,0.2,0.86,0.0,Deterioration
P0279,Flipkart,Dove,Body Care,fee_pct_of_gross,Fee % of Gross,14.8,16.5,1.7,11.49,0.2,Deterioration
P0279,JioMart,Dove,Body Care,fee_pct_of_gross,Fee % of Gross,10.3,10.9,0.6,5.83,0.1,Deterioration
P0279,Meesho,Dove,Body Care,fee_pct_of_gross,Fee % of Gross,13.3,14.0,0.7,5.26,0.1,Deterioration
P0279,Website,Dove,Body Care,fee_pct_of_gross,Fee % of Gross,5.7,5.0,-0.7,-12.28,0.1,Improvement
P0308,Amazon,Dove,Hair Care,fee_pct_of_gross,Fee % of Gross,32.1,32.5,0.4,1.25,0.0,Deterioration
P0308,Flipkart,Dove,Hair Care,fee_pct_of_gross,Fee % of Gross,15.5,15.7,0.2,1.29,0.0,Deterioration
P0308,JioMart,Dove,Hair Care,fee_pct_of_gross,Fee % of Gross,11.3,11.1,-0.2,-1.77,0.0,Improvement
P0308,Meesho,Dove,Hair Care,fee_pct_of_gross,Fee % of Gross,13.1,14.4,1.3,9.92,0.1,Deterioration
P0308,Website,Dove,Hair Care,fee_pct_of_gross,Fee % of Gross,5.3,6.7,1.4,26.42,0.2,Deterioration
P0342,Amazon,Fino,Hair Care,fee_pct_of_gross,Fee % of Gross,24.7,22.7,-2.0,-8.1,0.2,Improvement
P0342,Flipkart,Fino,Hair Care,fee_pct_of_gross,Fee % of Gross,16.1,15.1,-1.0,-6.21,0.1,Improvement
P0342,JioMart,Fino,Hair Care,fee_pct_of_gross,Fee % of Gross,10.6,11.8,1.2,11.32,0.1,Deterioration
P0342,Meesho,Fino,Hair Care,fee_pct_of_gross,Fee % of Gross,13.6,14.7,1.1,8.09,0.1,Deterioration
P0342,Website,Fino,Hair Care,fee_pct_of_gross,Fee % of Gross,6.1,5.8,-0.3,-4.92,0.0,Improvement
P0343,Amazon,Fino,Hair Care,fee_pct_of_gross,Fee % of Gross,24.8,22.5,-2.3,-9.27,0.3,Improvement
P0343,Flipkart,Fino,Hair Care,fee_pct_of_gross,Fee % of Gross,16.0,15.1,-0.9,-5.63,0.1,Improvement
P0343,JioMart,Fino,Hair Care,fee_pct_of_gross,Fee % of Gross,12.5,11.3,-1.2,-9.6,0.1,Improvement
P0343,Meesho,Fino,Hair Care,fee_pct_of_gross,Fee % of Gross,13.6,14.1,0.5,3.68,0.1,Deterioration
P0343,Website,Fino,Hair Care,fee_pct_of_gross,Fee % of Gross,6.5,5.2,-1.3,-20.0,0.1,Improvement
P0427,Amazon,Kaowmanee,Skin Care,fee_pct_of_gross,Fee % of Gross,38.3,37.7,-0.6,-1.57,0.1,Improvement
P0427,Flipkart,Kaowmanee,Skin Care,fee_pct_of_gross,Fee % of Gross,17.8,16.3,-1.5,-8.43,0.2,Improvement
P0427,JioMart,Kaowmanee,Skin Care,fee_pct_of_gross,Fee % of Gross,11.5,12.0,0.5,4.35,0.1,Deterioration
P0427,Meesho,Kaowmanee,Skin Care,fee_pct_of_gross,Fee % of Gross,15.8,13.6,-2.2,-13.92,0.2,Improvement
P0427,Website,Kaowmanee,Skin Care,fee_pct_of_gross,Fee % of Gross,9.6,6.8,-2.8,-29.17,0.3,Improvement
P0437,Amazon,L'Oreal Paris,Skin Care,fee_pct_of_gross,Fee % of Gross,25.5,26.4,0.9,3.53,0.1,Deterioration
P0437,Flipkart,L'Oreal Paris,Skin Care,fee_pct_of_gross,Fee % of Gross,17.6,15.4,-2.2,-12.5,0.2,Improvement
P0437,JioMart,L'Oreal Paris,Skin Care,fee_pct_of_gross,Fee % of Gross,12.0,11.9,-0.1,-0.83,0.0,Improvement
P0437,Meesho,L'Oreal Paris,Skin Care,fee_pct_of_gross,Fee % of Gross,14.6,13.8,-0.8,-5.48,0.1,Improvement
P0437,Website,L'Oreal Paris,Skin Care,fee_pct_of_gross,Fee % of Gross,5.2,6.4,1.2,23.08,0.1,Deterioration
P0475,Amazon,Listerine,Oral Care,fee_pct_of_gross,Fee % of Gross,36.9,36.0,-0.9,-2.44,0.1,Improvement
P0475,Flipkart,Listerine,Oral Care,fee_pct_of_gross,Fee % of Gross,17.0,14.4,-2.6,-15.29,0.3,Improvement
P0475,JioMart,Listerine,Oral Care,fee_pct_of_gross,Fee % of Gross,9.5,11.8,2.3,24.21,0.3,Deterioration
P0475,Meesho,Listerine,Oral Care,fee_pct_of_gross,Fee % of Gross,15.0,14.4,-0.6,-4.0,0.1,Improvement
P0475,Website,Listerine,Oral Care,fee_pct_of_gross,Fee % of Gross,6.8,5.5,-1.3,-19.12,0.1,Improvement
P0476,Amazon,Listerine,Oral Care,fee_pct_of_gross,Fee % of Gross,31.8,32.5,0.7,2.2,0.1,Deterioration
P0476,Flipkart,Listerine,Oral Care,fee_pct_of_gross,Fee % of Gross,16.2,16.4,0.2,1.23,0.0,Deterioration
P0476,JioMart,Listerine,Oral Care,fee_pct_of_gross,Fee % of Gross,12.1,11.6,-0.5,-4.13,0.1,Improvement
P0476,Meesho,Listerine,Oral Care,fee_pct_of_gross,Fee % of Gross,14.8,13.0,-1.8,-12.16,0.2,Improvement
P0476,Website,Listerine,Oral Care,fee_pct_of_gross,Fee % of Gross,6.5,5.6,-0.9,-13.85,0.1,Improvement
P0488,Amazon,Listerine,Oral Care,fee_pct_of_gross,Fee % of Gross,23.8,23.8,0.0,0.0,0.0,No Change
P0488,Flipkart,Listerine,Oral Care,fee_pct_of_gross,Fee % of Gross,14.7,14.5,-0.2,-1.36,0.0,Improvement
P0488,JioMart,Listerine,Oral Care,fee_pct_of_gross,Fee % of Gross,13.2,12.1,-1.1,-8.33,0.1,Improvement
P0488,Meesho,Listerine,Oral Care,fee_pct_of_gross,Fee % of Gross,13.7,14.3,0.6,4.38,0.1,Deterioration
P0488,Website,Listerine,Oral Care,fee_pct_of_gross,Fee % of Gross,4.8,5.8,1.0,20.83,0.1,Deterioration
P0528,Amazon,NEXCARE,Skin Care,fee_pct_of_gross,Fee % of Gross,26.7,26.3,-0.4,-1.5,0.0,Improvement
P0528,Flipkart,NEXCARE,Skin Care,fee_pct_of_gross,Fee % of Gross,15.2,14.8,-0.4,-2.63,0.0,Improvement
P0528,JioMart,NEXCARE,Skin Care,fee_pct_of_gross,Fee % of Gross,12.4,10.6,-1.8,-14.52,0.2,Improvement
P0528,Meesho,NEXCARE,Skin Care,fee_pct_of_gross,Fee % of Gross,14.2,13.2,-1.0,-7.04,0.1,Improvement
P0528,Website,NEXCARE,Skin Care,fee_pct_of_gross,Fee % of Gross,6.0,5.3,-0.7,-11.67,0.1,Improvement
P0529,Amazon,NEXCARE,Skin Care,fee_pct_of_gross,Fee % of Gross,24.0,23.6,-0.4,-1.67,0.0,Improvement
P0529,Flipkart,NEXCARE,Skin Care,fee_pct_of_gross,Fee % of Gross,15.0,15.6,0.6,4.0,0.1,Deterioration
P0529,JioMart,NEXCARE,Skin Care,fee_pct_of_gross,Fee % of Gross,11.2,11.2,0.0,0.0,0.0,No Change
P0529,Meesho,NEXCARE,Skin Care,fee_pct_of_gross,Fee % of Gross,13.6,11.8,-1.8,-13.24,0.2,Improvement
P0529,Website,NEXCARE,Skin Care,fee_pct_of_gross,Fee % of Gross,6.2,6.1,-0.1,-1.61,0.0,Improvement
P0531,Amazon,NEXCARE,Skin Care,fee_pct_of_gross,Fee % of Gross,33.4,32.8,-0.6,-1.8,0.1,Improvement
P0531,Flipkart,NEXCARE,Skin Care,fee_pct_of_gross,Fee % of Gross,14.9,16.0,1.1,7.38,0.1,Deterioration
P0531,JioMart,NEXCARE,Skin Care,fee_pct_of_gross,Fee % of Gross,12.8,15.4,2.6,20.31,0.3,Deterioration
P0531,Meesho,NEXCARE,Skin Care,fee_pct_of_gross,Fee % of Gross,14.0,15.1,1.1,7.86,0.1,Deterioration
P0531,Website,NEXCARE,Skin Care,fee_pct_of_gross,Fee % of Gross,10.4,6.1,-4.3,-41.35,0.5,Improvement
P0534,Amazon,Nexcare,Skin Care,fee_pct_of_gross,Fee % of Gross,26.3,26.0,-0.3,-1.14,0.0,Improvement
P0534,Flipkart,Nexcare,Skin Care,fee_pct_of_gross,Fee % of Gross,15.2,16.2,1.0,6.58,0.1,Deterioration
P0534,JioMart,Nexcare,Skin Care,fee_pct_of_gross,Fee % of Gross,9.2,14.3,5.1,55.43,0.6,Deterioration
P0534,Meesho,Nexcare,Skin Care,fee_pct_of_gross,Fee % of Gross,13.0,14.1,1.1,8.46,0.1,Deterioration
P0534,Website,Nexcare,Skin Care,fee_pct_of_gross,Fee % of Gross,4.2,5.3,1.1,26.19,0.1,Deterioration
P0536,Amazon,NOVOLIFE,Health & Wellness,fee_pct_of_gross,Fee % of Gross,41.7,43.1,1.4,3.36,0.2,Deterioration
P0536,Flipkart,NOVOLIFE,Health & Wellness,fee_pct_of_gross,Fee % of Gross,17.4,18.7,1.3,7.47,0.1,Deterioration
P0536,JioMart,NOVOLIFE,Health & Wellness,fee_pct_of_gross,Fee % of Gross,12.3,11.6,-0.7,-5.69,0.1,Improvement
P0536,Meesho,NOVOLIFE,Health & Wellness,fee_pct_of_gross,Fee % of Gross,14.0,17.9,3.9,27.86,0.4,Deterioration
P0536,Website,NOVOLIFE,Health & Wellness,fee_pct_of_gross,Fee % of Gross,7.3,8.0,0.7,9.59,0.1,Deterioration
P0543,Amazon,Ora2,Oral Care,fee_pct_of_gross,Fee % of Gross,23.4,23.0,-0.4,-1.71,0.0,Improvement
P0543,Flipkart,Ora2,Oral Care,fee_pct_of_gross,Fee % of Gross,14.5,16.3,1.8,12.41,0.2,Deterioration
P0543,JioMart,Ora2,Oral Care,fee_pct_of_gross,Fee % of Gross,11.4,12.0,0.6,5.26,0.1,Deterioration
P0543,Meesho,Ora2,Oral Care,fee_pct_of_gross,Fee % of Gross,13.8,12.0,-1.8,-13.04,0.2,Improvement
P0543,Website,Ora2,Oral Care,fee_pct_of_gross,Fee % of Gross,6.6,4.5,-2.1,-31.82,0.2,Improvement
P0546,Amazon,Ora2,Oral Care,fee_pct_of_gross,Fee % of Gross,23.7,23.4,-0.3,-1.27,0.0,Improvement
P0546,Flipkart,Ora2,Oral Care,fee_pct_of_gross,Fee % of Gross,14.3,14.7,0.4,2.8,0.0,Deterioration
P0546,JioMart,Ora2,Oral Care,fee_pct_of_gross,Fee % of Gross,12.3,12.3,0.0,0.0,0.0,No Change
P0546,Meesho,Ora2,Oral Care,fee_pct_of_gross,Fee % of Gross,12.9,13.3,0.4,3.1,0.0,Deterioration
P0546,Website,Ora2,Oral Care,fee_pct_of_gross,Fee % of Gross,4.5,7.6,3.1,68.89,0.3,Deterioration
P0547,Amazon,Oral-B,Oral Care,fee_pct_of_gross,Fee % of Gross,24.1,23.8,-0.3,-1.24,0.0,Improvement
P0547,Flipkart,Oral-B,Oral Care,fee_pct_of_gross,Fee % of Gross,16.0,15.7,-0.3,-1.88,0.0,Improvement
P0547,JioMart,Oral-B,Oral Care,fee_pct_of_gross,Fee % of Gross,10.7,11.6,0.9,8.41,0.1,Deterioration
P0547,Meesho,Oral-B,Oral Care,fee_pct_of_gross,Fee % of Gross,13.8,13.0,-0.8,-5.8,0.1,Improvement
P0547,Website,Oral-B,Oral Care,fee_pct_of_gross,Fee % of Gross,6.1,4.8,-1.3,-21.31,0.1,Improvement
P0548,Amazon,Oral-B,Oral Care,fee_pct_of_gross,Fee % of Gross,23.9,23.3,-0.6,-2.51,0.1,Improvement
P0548,Flipkart,Oral-B,Oral Care,fee_pct_of_gross,Fee % of Gross,14.0,14.7,0.7,5.0,0.1,Deterioration
P0548,JioMart,Oral-B,Oral Care,fee_pct_of_gross,Fee % of Gross,11.7,10.0,-1.7,-14.53,0.2,Improvement
P0548,Meesho,Oral-B,Oral Care,fee_pct_of_gross,Fee % of Gross,12.4,13.1,0.7,5.65,0.1,Deterioration
P0548,Website,Oral-B,Oral Care,fee_pct_of_gross,Fee % of Gross,6.1,4.0,-2.1,-34.43,0.2,Improvement
P0553,Amazon,Oral-B,Oral Care,fee_pct_of_gross,Fee % of Gross,24.2,23.1,-1.1,-4.55,0.1,Improvement
P0553,Flipkart,Oral-B,Oral Care,fee_pct_of_gross,Fee % of Gross,14.6,15.3,0.7,4.79,0.1,Deterioration
P0553,JioMart,Oral-B,Oral Care,fee_pct_of_gross,Fee % of Gross,10.9,10.9,0.0,0.0,0.0,No Change
P0553,Meesho,Oral-B,Oral Care,fee_pct_of_gross,Fee % of Gross,13.4,13.2,-0.2,-1.49,0.0,Improvement
P0553,Website,Oral-B,Oral Care,fee_pct_of_gross,Fee % of Gross,4.7,5.7,1.0,21.28,0.1,Deterioration
P0554,Amazon,Oral-B,Oral Care,fee_pct_of_gross,Fee % of Gross,23.8,23.6,-0.2,-0.84,0.0,Improvement
P0554,Flipkart,Oral-B,Oral Care,fee_pct_of_gross,Fee % of Gross,15.1,14.4,-0.7,-4.64,0.1,Improvement
P0554,JioMart,Oral-B,Oral Care,fee_pct_of_gross,Fee % of Gross,12.8,10.4,-2.4,-18.75,0.3,Improvement
P0554,Meesho,Oral-B,Oral Care,fee_pct_of_gross,Fee % of Gross,13.7,14.1,0.4,2.92,0.0,Deterioration
P0554,Website,Oral-B,Oral Care,fee_pct_of_gross,Fee % of Gross,3.9,6.1,2.2,56.41,0.2,Deterioration
P0555,Amazon,Oral-B,Oral Care,fee_pct_of_gross,Fee % of Gross,31.7,34.5,2.8,8.83,0.3,Deterioration
P0555,Flipkart,Oral-B,Oral Care,fee_pct_of_gross,Fee % of Gross,16.2,15.6,-0.6,-3.7,0.1,Improvement
P0555,JioMart,Oral-B,Oral Care,fee_pct_of_gross,Fee % of Gross,12.1,11.6,-0.5,-4.13,0.1,Improvement
P0555,Meesho,Oral-B,Oral Care,fee_pct_of_gross,Fee % of Gross,14.2,13.7,-0.5,-3.52,0.1,Improvement
P0555,Website,Oral-B,Oral Care,fee_pct_of_gross,Fee % of Gross,4.4,5.9,1.5,34.09,0.2,Deterioration
P0557,Amazon,Oral-B,Oral Care,fee_pct_of_gross,Fee % of Gross,33.5,32.8,-0.7,-2.09,0.1,Improvement
P0557,Flipkart,Oral-B,Oral Care,fee_pct_of_gross,Fee % of Gross,16.0,17.2,1.2,7.5,0.1,Deterioration
P0557,JioMart,Oral-B,Oral Care,fee_pct_of_gross,Fee % of Gross,12.4,10.4,-2.0,-16.13,0.2,Improvement
P0557,Meesho,Oral-B,Oral Care,fee_pct_of_gross,Fee % of Gross,14.2,18.0,3.8,26.76,0.4,Deterioration
P0557,Website,Oral-B,Oral Care,fee_pct_of_gross,Fee % of Gross,6.7,6.6,-0.1,-1.49,0.0,Improvement
P0562,Amazon,Oral-B,Oral Care,fee_pct_of_gross,Fee % of Gross,23.9,24.4,0.5,2.09,0.1,Deterioration
P0562,Flipkart,Oral-B,Oral Care,fee_pct_of_gross,Fee % of Gross,14.2,16.0,1.8,12.68,0.2,Deterioration
P0562,JioMart,Oral-B,Oral Care,fee_pct_of_gross,Fee % of Gross,13.5,10.3,-3.2,-23.7,0.4,Improvement
P0562,Meesho,Oral-B,Oral Care,fee_pct_of_gross,Fee % of Gross,12.7,12.8,0.1,0.79,0.0,Deterioration
P0562,Website,Oral-B,Oral Care,fee_pct_of_gross,Fee % of Gross,5.0,6.2,1.2,24.0,0.1,Deterioration
P0563,Amazon,Oral-B,Oral Care,fee_pct_of_gross,Fee % of Gross,25.5,25.2,-0.3,-1.18,0.0,Improvement
P0563,Flipkart,Oral-B,Oral Care,fee_pct_of_gross,Fee % of Gross,14.3,15.5,1.2,8.39,0.1,Deterioration
P0563,JioMart,Oral-B,Oral Care,fee_pct_of_gross,Fee % of Gross,11.0,11.0,0.0,0.0,0.0,No Change
P0563,Meesho,Oral-B,Oral Care,fee_pct_of_gross,Fee % of Gross,13.7,18.6,4.9,35.77,0.6,Deterioration
P0563,Website,Oral-B,Oral Care,fee_pct_of_gross,Fee % of Gross,7.4,4.8,-2.6,-35.14,0.3,Improvement
P0565,Amazon,Pair,Skin Care,fee_pct_of_gross,Fee % of Gross,23.5,24.2,0.7,2.98,0.1,Deterioration
P0565,Flipkart,Pair,Skin Care,fee_pct_of_gross,Fee % of Gross,16.5,15.0,-1.5,-9.09,0.2,Improvement
P0565,JioMart,Pair,Skin Care,fee_pct_of_gross,Fee % of Gross,10.6,10.6,0.0,0.0,0.0,No Change
P0565,Meesho,Pair,Skin Care,fee_pct_of_gross,Fee % of Gross,12.8,13.0,0.2,1.56,0.0,Deterioration
P0565,Website,Pair,Skin Care,fee_pct_of_gross,Fee % of Gross,4.6,3.8,-0.8,-17.39,0.1,Improvement
P0566,Amazon,Pantene,Hair Care,fee_pct_of_gross,Fee % of Gross,24.9,25.3,0.4,1.61,0.0,Deterioration
P0566,Flipkart,Pantene,Hair Care,fee_pct_of_gross,Fee % of Gross,15.8,14.9,-0.9,-5.7,0.1,Improvement
P0566,JioMart,Pantene,Hair Care,fee_pct_of_gross,Fee % of Gross,10.7,10.0,-0.7,-6.54,0.1,Improvement
P0566,Meesho,Pantene,Hair Care,fee_pct_of_gross,Fee % of Gross,12.7,13.4,0.7,5.51,0.1,Deterioration
P0566,Website,Pantene,Hair Care,fee_pct_of_gross,Fee % of Gross,4.6,5.4,0.8,17.39,0.1,Deterioration
P0573,Amazon,Pantene,Hair Care,fee_pct_of_gross,Fee % of Gross,24.3,23.8,-0.5,-2.06,0.1,Improvement
P0573,Flipkart,Pantene,Hair Care,fee_pct_of_gross,Fee % of Gross,15.1,14.7,-0.4,-2.65,0.0,Improvement
P0573,JioMart,Pantene,Hair Care,fee_pct_of_gross,Fee % of Gross,10.5,11.8,1.3,12.38,0.1,Deterioration
P0573,Meesho,Pantene,Hair Care,fee_pct_of_gross,Fee % of Gross,12.8,13.1,0.3,2.34,0.0,Deterioration
P0573,Website,Pantene,Hair Care,fee_pct_of_gross,Fee % of Gross,5.6,4.2,-1.4,-25.0,0.2,Improvement
P0581,Amazon,Pantene,Hair Care,fee_pct_of_gross,Fee % of Gross,25.2,24.0,-1.2,-4.76,0.1,Improvement
P0581,Flipkart,Pantene,Hair Care,fee_pct_of_gross,Fee % of Gross,15.9,13.8,-2.1,-13.21,0.2,Improvement
P0581,JioMart,Pantene,Hair Care,fee_pct_of_gross,Fee % of Gross,10.8,10.1,-0.7,-6.48,0.1,Improvement
P0581,Meesho,Pantene,Hair Care,fee_pct_of_gross,Fee % of Gross,12.9,12.7,-0.2,-1.55,0.0,Improvement
P0581,Website,Pantene,Hair Care,fee_pct_of_gross,Fee % of Gross,7.2,7.6,0.4,5.56,0.0,Deterioration
P0586,Amazon,Pantene,Hair Care,fee_pct_of_gross,Fee % of Gross,24.0,24.7,0.7,2.92,0.1,Deterioration
P0586,Flipkart,Pantene,Hair Care,fee_pct_of_gross,Fee % of Gross,16.7,15.6,-1.1,-6.59,0.1,Improvement
P0586,JioMart,Pantene,Hair Care,fee_pct_of_gross,Fee % of Gross,12.9,10.5,-2.4,-18.6,0.3,Improvement
P0586,Meesho,Pantene,Hair Care,fee_pct_of_gross,Fee % of Gross,12.1,13.4,1.3,10.74,0.1,Deterioration
P0586,Website,Pantene,Hair Care,fee_pct_of_gross,Fee % of Gross,4.7,5.1,0.4,8.51,0.0,Deterioration
P0590,Amazon,Pantene,Hair Care,fee_pct_of_gross,Fee % of Gross,23.1,24.8,1.7,7.36,0.2,Deterioration
P0590,Flipkart,Pantene,Hair Care,fee_pct_of_gross,Fee % of Gross,16.5,15.9,-0.6,-3.64,0.1,Improvement
P0590,JioMart,Pantene,Hair Care,fee_pct_of_gross,Fee % of Gross,10.8,10.9,0.1,0.93,0.0,Deterioration
P0590,Meesho,Pantene,Hair Care,fee_pct_of_gross,Fee % of Gross,12.3,12.8,0.5,4.07,0.1,Deterioration
P0590,Website,Pantene,Hair Care,fee_pct_of_gross,Fee % of Gross,6.4,5.2,-1.2,-18.75,0.1,Improvement
P0594,Amazon,Pantene,Hair Care,fee_pct_of_gross,Fee % of Gross,24.5,23.8,-0.7,-2.86,0.1,Improvement
P0594,Flipkart,Pantene,Hair Care,fee_pct_of_gross,Fee % of Gross,15.2,14.5,-0.7,-4.61,0.1,Improvement
P0594,JioMart,Pantene,Hair Care,fee_pct_of_gross,Fee % of Gross,11.0,13.9,2.9,26.36,0.3,Deterioration
P0594,Meesho,Pantene,Hair Care,fee_pct_of_gross,Fee % of Gross,13.7,13.0,-0.7,-5.11,0.1,Improvement
P0594,Website,Pantene,Hair Care,fee_pct_of_gross,Fee % of Gross,5.5,4.6,-0.9,-16.36,0.1,Improvement
P0595,Amazon,Pantene,Hair Care,fee_pct_of_gross,Fee % of Gross,32.1,33.3,1.2,3.74,0.1,Deterioration
P0595,Flipkart,Pantene,Hair Care,fee_pct_of_gross,Fee % of Gross,15.4,17.2,1.8,11.69,0.2,Deterioration
P0595,JioMart,Pantene,Hair Care,fee_pct_of_gross,Fee % of Gross,12.4,10.9,-1.5,-12.1,0.2,Improvement
P0595,Meesho,Pantene,Hair Care,fee_pct_of_gross,Fee % of Gross,15.5,15.6,0.1,0.65,0.0,Deterioration
P0595,Website,Pantene,Hair Care,fee_pct_of_gross,Fee % of Gross,9.8,5.6,-4.2,-42.86,0.5,Improvement
P0598,Amazon,Pantene,Hair Care,fee_pct_of_gross,Fee % of Gross,32.6,31.9,-0.7,-2.15,0.1,Improvement
P0598,Flipkart,Pantene,Hair Care,fee_pct_of_gross,Fee % of Gross,20.6,15.2,-5.4,-26.21,0.6,Improvement
P0598,JioMart,Pantene,Hair Care,fee_pct_of_gross,Fee % of Gross,11.3,11.6,0.3,2.65,0.0,Deterioration
P0598,Meesho,Pantene,Hair Care,fee_pct_of_gross,Fee % of Gross,13.0,12.5,-0.5,-3.85,0.1,Improvement
P0598,Website,Pantene,Hair Care,fee_pct_of_gross,Fee % of Gross,5.8,6.1,0.3,5.17,0.0,Deterioration
P0602,Amazon,Pantene,Hair Care,fee_pct_of_gross,Fee % of Gross,24.0,23.3,-0.7,-2.92,0.1,Improvement
P0602,Flipkart,Pantene,Hair Care,fee_pct_of_gross,Fee % of Gross,15.4,15.8,0.4,2.6,0.0,Deterioration
P0602,JioMart,Pantene,Hair Care,fee_pct_of_gross,Fee % of Gross,9.9,10.9,1.0,10.1,0.1,Deterioration
P0602,Meesho,Pantene,Hair Care,fee_pct_of_gross,Fee % of Gross,13.5,13.2,-0.3,-2.22,0.0,Improvement
P0602,Website,Pantene,Hair Care,fee_pct_of_gross,Fee % of Gross,4.1,4.8,0.7,17.07,0.1,Deterioration
P0604,Amazon,Pantene,Hair Care,fee_pct_of_gross,Fee % of Gross,24.4,25.4,1.0,4.1,0.1,Deterioration
P0604,Flipkart,Pantene,Hair Care,fee_pct_of_gross,Fee % of Gross,13.9,14.7,0.8,5.76,0.1,Deterioration
P0604,JioMart,Pantene,Hair Care,fee_pct_of_gross,Fee % of Gross,10.2,9.6,-0.6,-5.88,0.1,Improvement
P0604,Meesho,Pantene,Hair Care,fee_pct_of_gross,Fee % of Gross,13.6,13.1,-0.5,-3.68,0.1,Improvement
P0604,Website,Pantene,Hair Care,fee_pct_of_gross,Fee % of Gross,5.9,4.6,-1.3,-22.03,0.1,Improvement
P0605,Amazon,Pantene,Hair Care,fee_pct_of_gross,Fee % of Gross,23.4,23.9,0.5,2.14,0.1,Deterioration
P0605,Flipkart,Pantene,Hair Care,fee_pct_of_gross,Fee % of Gross,16.4,15.2,-1.2,-7.32,0.1,Improvement
P0605,JioMart,Pantene,Hair Care,fee_pct_of_gross,Fee % of Gross,10.2,11.6,1.4,13.73,0.2,Deterioration
P0605,Meesho,Pantene,Hair Care,fee_pct_of_gross,Fee % of Gross,13.2,12.9,-0.3,-2.27,0.0,Improvement
P0605,Website,Pantene,Hair Care,fee_pct_of_gross,Fee % of Gross,4.7,6.7,2.0,42.55,0.2,Deterioration
P0609,Amazon,Pantene,Hair Care,fee_pct_of_gross,Fee % of Gross,23.5,23.4,-0.1,-0.43,0.0,Improvement
P0609,Flipkart,Pantene,Hair Care,fee_pct_of_gross,Fee % of Gross,15.0,16.1,1.1,7.33,0.1,Deterioration
P0609,JioMart,Pantene,Hair Care,fee_pct_of_gross,Fee % of Gross,11.6,10.5,-1.1,-9.48,0.1,Improvement
P0609,Meesho,Pantene,Hair Care,fee_pct_of_gross,Fee % of Gross,13.2,12.4,-0.8,-6.06,0.1,Improvement
P0609,Website,Pantene,Hair Care,fee_pct_of_gross,Fee % of Gross,3.9,8.9,5.0,128.21,0.6,Deterioration
P0610,Amazon,Pantene,Hair Care,fee_pct_of_gross,Fee % of Gross,23.3,24.7,1.4,6.01,0.2,Deterioration
P0610,Flipkart,Pantene,Hair Care,fee_pct_of_gross,Fee % of Gross,15.8,15.3,-0.5,-3.16,0.1,Improvement
P0610,JioMart,Pantene,Hair Care,fee_pct_of_gross,Fee % of Gross,11.0,9.0,-2.0,-18.18,0.2,Improvement
P0610,Meesho,Pantene,Hair Care,fee_pct_of_gross,Fee % of Gross,12.9,12.0,-0.9,-6.98,0.1,Improvement
P0610,Website,Pantene,Hair Care,fee_pct_of_gross,Fee % of Gross,4.2,4.9,0.7,16.67,0.1,Deterioration
P0617,Amazon,Pantene,Hair Care,fee_pct_of_gross,Fee % of Gross,24.7,23.7,-1.0,-4.05,0.1,Improvement
P0617,Flipkart,Pantene,Hair Care,fee_pct_of_gross,Fee % of Gross,15.7,14.7,-1.0,-6.37,0.1,Improvement
P0617,JioMart,Pantene,Hair Care,fee_pct_of_gross,Fee % of Gross,13.0,11.3,-1.7,-13.08,0.2,Improvement
P0617,Meesho,Pantene,Hair Care,fee_pct_of_gross,Fee % of Gross,13.5,13.1,-0.4,-2.96,0.0,Improvement
P0617,Website,Pantene,Hair Care,fee_pct_of_gross,Fee % of Gross,5.2,5.2,0.0,0.0,0.0,No Change
P0679,Amazon,Poy Sian,Health & Wellness,fee_pct_of_gross,Fee % of Gross,39.5,34.8,-4.7,-11.9,0.5,Improvement
P0679,Flipkart,Poy Sian,Health & Wellness,fee_pct_of_gross,Fee % of Gross,15.9,15.6,-0.3,-1.89,0.0,Improvement
P0679,JioMart,Poy Sian,Health & Wellness,fee_pct_of_gross,Fee % of Gross,11.6,12.9,1.3,11.21,0.1,Deterioration
P0679,Meesho,Poy Sian,Health & Wellness,fee_pct_of_gross,Fee % of Gross,13.8,15.1,1.3,9.42,0.1,Deterioration
P0679,Website,Poy Sian,Health & Wellness,fee_pct_of_gross,Fee % of Gross,6.1,8.4,2.3,37.7,0.3,Deterioration
P0690,Amazon,Protex,Body Care,fee_pct_of_gross,Fee % of Gross,38.4,38.0,-0.4,-1.04,0.0,Improvement
P0690,Flipkart,Protex,Body Care,fee_pct_of_gross,Fee % of Gross,14.6,17.6,3.0,20.55,0.3,Deterioration
P0690,JioMart,Protex,Body Care,fee_pct_of_gross,Fee % of Gross,12.4,13.5,1.1,8.87,0.1,Deterioration
P0690,Meesho,Protex,Body Care,fee_pct_of_gross,Fee % of Gross,14.6,16.3,1.7,11.64,0.2,Deterioration
P0690,Website,Protex,Body Care,fee_pct_of_gross,Fee % of Gross,6.5,7.6,1.1,16.92,0.1,Deterioration
P0705,Amazon,Protex,Body Care,fee_pct_of_gross,Fee % of Gross,34.0,32.6,-1.4,-4.12,0.2,Improvement
P0705,Flipkart,Protex,Body Care,fee_pct_of_gross,Fee % of Gross,16.7,15.9,-0.8,-4.79,0.1,Improvement
P0705,JioMart,Protex,Body Care,fee_pct_of_gross,Fee % of Gross,12.3,10.4,-1.9,-15.45,0.2,Improvement
P0705,Meesho,Protex,Body Care,fee_pct_of_gross,Fee % of Gross,14.4,13.8,-0.6,-4.17,0.1,Improvement
P0705,Website,Protex,Body Care,fee_pct_of_gross,Fee % of Gross,5.8,6.7,0.9,15.52,0.1,Deterioration
P0706,Amazon,Protex,Body Care,fee_pct_of_gross,Fee % of Gross,34.2,32.5,-1.7,-4.97,0.2,Improvement
P0706,Flipkart,Protex,Body Care,fee_pct_of_gross,Fee % of Gross,16.7,17.3,0.6,3.59,0.1,Deterioration
P0706,JioMart,Protex,Body Care,fee_pct_of_gross,Fee % of Gross,15.5,12.3,-3.2,-20.65,0.4,Improvement
P0706,Meesho,Protex,Body Care,fee_pct_of_gross,Fee % of Gross,13.9,15.0,1.1,7.91,0.1,Deterioration
P0706,Website,Protex,Body Care,fee_pct_of_gross,Fee % of Gross,6.0,5.7,-0.3,-5.0,0.0,Improvement
P0720,Amazon,Protex,Body Care,fee_pct_of_gross,Fee % of Gross,38.2,34.6,-3.6,-9.42,0.4,Improvement
P0720,Flipkart,Protex,Body Care,fee_pct_of_gross,Fee % of Gross,16.7,17.0,0.3,1.8,0.0,Deterioration
P0720,JioMart,Protex,Body Care,fee_pct_of_gross,Fee % of Gross,12.2,13.0,0.8,6.56,0.1,Deterioration
P0720,Meesho,Protex,Body Care,fee_pct_of_gross,Fee % of Gross,13.4,13.3,-0.1,-0.75,0.0,Improvement
P0720,Website,Protex,Body Care,fee_pct_of_gross,Fee % of Gross,6.8,6.6,-0.2,-2.94,0.0,Improvement
P0744,Amazon,Rexona,Body Care,fee_pct_of_gross,Fee % of Gross,25.5,26.2,0.7,2.75,0.1,Deterioration
P0744,Flipkart,Rexona,Body Care,fee_pct_of_gross,Fee % of Gross,15.0,14.8,-0.2,-1.33,0.0,Improvement
P0744,JioMart,Rexona,Body Care,fee_pct_of_gross,Fee % of Gross,11.9,11.7,-0.2,-1.68,0.0,Improvement
P0744,Meesho,Rexona,Body Care,fee_pct_of_gross,Fee % of Gross,12.3,13.3,1.0,8.13,0.1,Deterioration
P0744,Website,Rexona,Body Care,fee_pct_of_gross,Fee % of Gross,3.8,5.2,1.4,36.84,0.2,Deterioration
P0747,Amazon,Rexona,Body Care,fee_pct_of_gross,Fee % of Gross,25.9,25.2,-0.7,-2.7,0.1,Improvement
P0747,Flipkart,Rexona,Body Care,fee_pct_of_gross,Fee % of Gross,15.4,14.8,-0.6,-3.9,0.1,Improvement
P0747,JioMart,Rexona,Body Care,fee_pct_of_gross,Fee % of Gross,11.5,11.6,0.1,0.87,0.0,Deterioration
P0747,Meesho,Rexona,Body Care,fee_pct_of_gross,Fee % of Gross,14.4,13.6,-0.8,-5.56,0.1,Improvement
P0747,Website,Rexona,Body Care,fee_pct_of_gross,Fee % of Gross,5.2,5.3,0.1,1.92,0.0,Deterioration
P0753,Amazon,Rexona,Body Care,fee_pct_of_gross,Fee % of Gross,25.4,25.6,0.2,0.79,0.0,Deterioration
P0753,Flipkart,Rexona,Body Care,fee_pct_of_gross,Fee % of Gross,17.2,15.5,-1.7,-9.88,0.2,Improvement
P0753,JioMart,Rexona,Body Care,fee_pct_of_gross,Fee % of Gross,10.3,11.6,1.3,12.62,0.1,Deterioration
P0753,Meesho,Rexona,Body Care,fee_pct_of_gross,Fee % of Gross,15.1,12.6,-2.5,-16.56,0.3,Improvement
P0753,Website,Rexona,Body Care,fee_pct_of_gross,Fee % of Gross,6.1,3.3,-2.8,-45.9,0.3,Improvement
P0758,Amazon,Sasi,Lip,fee_pct_of_gross,Fee % of Gross,30.6,31.1,0.5,1.63,0.1,Deterioration
P0758,Flipkart,Sasi,Lip,fee_pct_of_gross,Fee % of Gross,15.9,13.9,-2.0,-12.58,0.2,Improvement
P0758,JioMart,Sasi,Lip,fee_pct_of_gross,Fee % of Gross,11.3,12.9,1.6,14.16,0.2,Deterioration
P0758,Meesho,Sasi,Lip,fee_pct_of_gross,Fee % of Gross,14.2,16.1,1.9,13.38,0.2,Deterioration
P0758,Website,Sasi,Lip,fee_pct_of_gross,Fee % of Gross,5.5,7.5,2.0,36.36,0.2,Deterioration
P0763,Amazon,Sasi,Lip,fee_pct_of_gross,Fee % of Gross,32.0,32.2,0.2,0.63,0.0,Deterioration
P0763,Flipkart,Sasi,Lip,fee_pct_of_gross,Fee % of Gross,16.0,15.7,-0.3,-1.88,0.0,Improvement
P0763,JioMart,Sasi,Lip,fee_pct_of_gross,Fee % of Gross,12.4,11.5,-0.9,-7.26,0.1,Improvement
P0763,Meesho,Sasi,Lip,fee_pct_of_gross,Fee % of Gross,15.4,14.0,-1.4,-9.09,0.2,Improvement
P0763,Website,Sasi,Lip,fee_pct_of_gross,Fee % of Gross,5.1,6.5,1.4,27.45,0.2,Deterioration
P0770,Amazon,Sasi,Skin Care,fee_pct_of_gross,Fee % of Gross,32.1,35.2,3.1,9.66,0.3,Deterioration
P0770,Flipkart,Sasi,Skin Care,fee_pct_of_gross,Fee % of Gross,15.7,16.2,0.5,3.18,0.1,Deterioration
P0770,JioMart,Sasi,Skin Care,fee_pct_of_gross,Fee % of Gross,12.7,11.2,-1.5,-11.81,0.2,Improvement
P0770,Meesho,Sasi,Skin Care,fee_pct_of_gross,Fee % of Gross,12.2,12.1,-0.1,-0.82,0.0,Improvement
P0770,Website,Sasi,Skin Care,fee_pct_of_gross,Fee % of Gross,7.7,5.9,-1.8,-23.38,0.2,Improvement
P0777,Amazon,Senka,Skin Care,fee_pct_of_gross,Fee % of Gross,23.1,24.9,1.8,7.79,0.2,Deterioration
P0777,Flipkart,Senka,Skin Care,fee_pct_of_gross,Fee % of Gross,15.7,14.8,-0.9,-5.73,0.1,Improvement
P0777,JioMart,Senka,Skin Care,fee_pct_of_gross,Fee % of Gross,10.6,11.8,1.2,11.32,0.1,Deterioration
P0777,Meesho,Senka,Skin Care,fee_pct_of_gross,Fee % of Gross,13.4,13.3,-0.1,-0.75,0.0,Improvement
P0777,Website,Senka,Skin Care,fee_pct_of_gross,Fee % of Gross,6.4,4.8,-1.6,-25.0,0.2,Improvement
P0780,Amazon,Senka,Skin Care,fee_pct_of_gross,Fee % of Gross,23.6,22.9,-0.7,-2.97,0.1,Improvement
P0780,Flipkart,Senka,Skin Care,fee_pct_of_gross,Fee % of Gross,16.8,14.3,-2.5,-14.88,0.3,Improvement
P0780,JioMart,Senka,Skin Care,fee_pct_of_gross,Fee % of Gross,12.8,11.4,-1.4,-10.94,0.2,Improvement
P0780,Meesho,Senka,Skin Care,fee_pct_of_gross,Fee % of Gross,13.7,12.2,-1.5,-10.95,0.2,Improvement
P0780,Website,Senka,Skin Care,fee_pct_of_gross,Fee % of Gross,3.9,6.4,2.5,64.1,0.3,Deterioration
P0781,Amazon,Senka,Skin Care,fee_pct_of_gross,Fee % of Gross,24.5,24.2,-0.3,-1.22,0.0,Improvement
P0781,Flipkart,Senka,Skin Care,fee_pct_of_gross,Fee % of Gross,14.6,14.5,-0.1,-0.68,0.0,Improvement
P0781,JioMart,Senka,Skin Care,fee_pct_of_gross,Fee % of Gross,11.4,11.1,-0.3,-2.63,0.0,Improvement
P0781,Meesho,Senka,Skin Care,fee_pct_of_gross,Fee % of Gross,12.2,15.2,3.0,24.59,0.3,Deterioration
P0781,Website,Senka,Skin Care,fee_pct_of_gross,Fee % of Gross,6.6,5.3,-1.3,-19.7,0.1,Improvement
P0783,Amazon,Senka,Skin Care,fee_pct_of_gross,Fee % of Gross,23.1,23.9,0.8,3.46,0.1,Deterioration
P0783,Flipkart,Senka,Skin Care,fee_pct_of_gross,Fee % of Gross,14.6,14.5,-0.1,-0.68,0.0,Improvement
P0783,JioMart,Senka,Skin Care,fee_pct_of_gross,Fee % of Gross,11.7,12.7,1.0,8.55,0.1,Deterioration
P0783,Meesho,Senka,Skin Care,fee_pct_of_gross,Fee % of Gross,13.9,13.6,-0.3,-2.16,0.0,Improvement
P0783,Website,Senka,Skin Care,fee_pct_of_gross,Fee % of Gross,5.4,7.5,2.1,38.89,0.2,Deterioration
P0795,Amazon,Senka,Skin Care,fee_pct_of_gross,Fee % of Gross,23.6,24.1,0.5,2.12,0.1,Deterioration
P0795,Flipkart,Senka,Skin Care,fee_pct_of_gross,Fee % of Gross,15.3,14.1,-1.2,-7.84,0.1,Improvement
P0795,JioMart,Senka,Skin Care,fee_pct_of_gross,Fee % of Gross,12.1,11.0,-1.1,-9.09,0.1,Improvement
P0795,Meesho,Senka,Skin Care,fee_pct_of_gross,Fee % of Gross,12.8,13.9,1.1,8.59,0.1,Deterioration
P0795,Website,Senka,Skin Care,fee_pct_of_gross,Fee % of Gross,4.7,3.6,-1.1,-23.4,0.1,Improvement
P0797,Amazon,Sensodyne,Oral Care,fee_pct_of_gross,Fee % of Gross,27.4,24.1,-3.3,-12.04,0.4,Improvement
P0797,Flipkart,Sensodyne,Oral Care,fee_pct_of_gross,Fee % of Gross,14.9,14.7,-0.2,-1.34,0.0,Improvement
P0797,JioMart,Sensodyne,Oral Care,fee_pct_of_gross,Fee % of Gross,11.7,13.8,2.1,17.95,0.2,Deterioration
P0797,Meesho,Sensodyne,Oral Care,fee_pct_of_gross,Fee % of Gross,13.6,13.9,0.3,2.21,0.0,Deterioration
P0797,Website,Sensodyne,Oral Care,fee_pct_of_gross,Fee % of Gross,4.7,4.4,-0.3,-6.38,0.0,Improvement
P0813,Amazon,Sensodyne,Oral Care,fee_pct_of_gross,Fee % of Gross,24.6,23.5,-1.1,-4.47,0.1,Improvement
P0813,Flipkart,Sensodyne,Oral Care,fee_pct_of_gross,Fee % of Gross,14.5,14.2,-0.3,-2.07,0.0,Improvement
P0813,JioMart,Sensodyne,Oral Care,fee_pct_of_gross,Fee % of Gross,10.3,10.5,0.2,1.94,0.0,Deterioration
P0813,Meesho,Sensodyne,Oral Care,fee_pct_of_gross,Fee % of Gross,14.0,12.1,-1.9,-13.57,0.2,Improvement
P0813,Website,Sensodyne,Oral Care,fee_pct_of_gross,Fee % of Gross,6.0,6.1,0.1,1.67,0.0,Deterioration
P0840,Amazon,SHIVAMAX,Home & Kitchen,fee_pct_of_gross,Fee % of Gross,33.0,31.8,-1.2,-3.64,0.1,Improvement
P0840,Flipkart,SHIVAMAX,Home & Kitchen,fee_pct_of_gross,Fee % of Gross,17.6,16.5,-1.1,-6.25,0.1,Improvement
P0840,JioMart,SHIVAMAX,Home & Kitchen,fee_pct_of_gross,Fee % of Gross,11.9,14.1,2.2,18.49,0.2,Deterioration
P0840,Meesho,SHIVAMAX,Home & Kitchen,fee_pct_of_gross,Fee % of Gross,14.1,14.3,0.2,1.42,0.0,Deterioration
P0840,Website,SHIVAMAX,Home & Kitchen,fee_pct_of_gross,Fee % of Gross,6.0,7.2,1.2,20.0,0.1,Deterioration
P0868,Amazon,SHIVAMAX,Home & Kitchen,fee_pct_of_gross,Fee % of Gross,38.0,34.2,-3.8,-10.0,0.4,Improvement
P0868,Flipkart,SHIVAMAX,Home & Kitchen,fee_pct_of_gross,Fee % of Gross,17.2,16.8,-0.4,-2.33,0.0,Improvement
P0868,JioMart,SHIVAMAX,Home & Kitchen,fee_pct_of_gross,Fee % of Gross,15.3,12.6,-2.7,-17.65,0.3,Improvement
P0868,Meesho,SHIVAMAX,Home & Kitchen,fee_pct_of_gross,Fee % of Gross,15.0,15.5,0.5,3.33,0.1,Deterioration
P0868,Website,SHIVAMAX,Home & Kitchen,fee_pct_of_gross,Fee % of Gross,6.8,5.5,-1.3,-19.12,0.1,Improvement
P0889,Amazon,SHIVAMAX,Health & Wellness,fee_pct_of_gross,Fee % of Gross,43.9,41.4,-2.5,-5.69,0.3,Improvement
P0889,Flipkart,SHIVAMAX,Health & Wellness,fee_pct_of_gross,Fee % of Gross,16.1,17.3,1.2,7.45,0.1,Deterioration
P0889,JioMart,SHIVAMAX,Health & Wellness,fee_pct_of_gross,Fee % of Gross,11.8,12.9,1.1,9.32,0.1,Deterioration
P0889,Meesho,SHIVAMAX,Health & Wellness,fee_pct_of_gross,Fee % of Gross,16.0,15.6,-0.4,-2.5,0.0,Improvement
P0889,Website,SHIVAMAX,Health & Wellness,fee_pct_of_gross,Fee % of Gross,3.4,5.5,2.1,61.76,0.2,Deterioration
P0890,Amazon,SHIVAMAX,Health & Wellness,fee_pct_of_gross,Fee % of Gross,33.7,32.2,-1.5,-4.45,0.2,Improvement
P0890,Flipkart,SHIVAMAX,Health & Wellness,fee_pct_of_gross,Fee % of Gross,16.0,16.7,0.7,4.37,0.1,Deterioration
P0890,JioMart,SHIVAMAX,Health & Wellness,fee_pct_of_gross,Fee % of Gross,12.4,10.7,-1.7,-13.71,0.2,Improvement
P0890,Meesho,SHIVAMAX,Health & Wellness,fee_pct_of_gross,Fee % of Gross,14.3,14.4,0.1,0.7,0.0,Deterioration
P0890,Website,SHIVAMAX,Health & Wellness,fee_pct_of_gross,Fee % of Gross,5.7,6.7,1.0,17.54,0.1,Deterioration
P0906,Amazon,SHIVAMAX,Hair Care,fee_pct_of_gross,Fee % of Gross,24.5,23.9,-0.6,-2.45,0.1,Improvement
P0906,Flipkart,SHIVAMAX,Hair Care,fee_pct_of_gross,Fee % of Gross,15.5,15.3,-0.2,-1.29,0.0,Improvement
P0906,JioMart,SHIVAMAX,Hair Care,fee_pct_of_gross,Fee % of Gross,11.2,11.9,0.7,6.25,0.1,Deterioration
P0906,Meesho,SHIVAMAX,Hair Care,fee_pct_of_gross,Fee % of Gross,13.9,13.2,-0.7,-5.04,0.1,Improvement
P0906,Website,SHIVAMAX,Hair Care,fee_pct_of_gross,Fee % of Gross,6.4,7.1,0.7,10.94,0.1,Deterioration
P0915,Amazon,SHIVAMAX,Health & Wellness,fee_pct_of_gross,Fee % of Gross,48.5,43.2,-5.3,-10.93,0.6,Improvement
P0915,Flipkart,SHIVAMAX,Health & Wellness,fee_pct_of_gross,Fee % of Gross,17.6,17.6,0.0,0.0,0.0,No Change
P0915,JioMart,SHIVAMAX,Health & Wellness,fee_pct_of_gross,Fee % of Gross,16.1,13.4,-2.7,-16.77,0.3,Improvement
P0915,Meesho,SHIVAMAX,Health & Wellness,fee_pct_of_gross,Fee % of Gross,16.2,15.1,-1.1,-6.79,0.1,Improvement
P0915,Website,SHIVAMAX,Health & Wellness,fee_pct_of_gross,Fee % of Gross,7.0,6.5,-0.5,-7.14,0.1,Improvement
P0917,Amazon,SHIVAMAX,Home & Kitchen,fee_pct_of_gross,Fee % of Gross,49.2,44.4,-4.8,-9.76,0.5,Improvement
P0917,Flipkart,SHIVAMAX,Home & Kitchen,fee_pct_of_gross,Fee % of Gross,16.6,16.4,-0.2,-1.2,0.0,Improvement
P0917,JioMart,SHIVAMAX,Home & Kitchen,fee_pct_of_gross,Fee % of Gross,12.0,12.2,0.2,1.67,0.0,Deterioration
P0917,Meesho,SHIVAMAX,Home & Kitchen,fee_pct_of_gross,Fee % of Gross,16.1,14.5,-1.6,-9.94,0.2,Improvement
P0917,Website,SHIVAMAX,Home & Kitchen,fee_pct_of_gross,Fee % of Gross,7.5,6.9,-0.6,-8.0,0.1,Improvement
P0922,Amazon,SHIVAMAX,Hair Care,fee_pct_of_gross,Fee % of Gross,25.3,24.4,-0.9,-3.56,0.1,Improvement
P0922,Flipkart,SHIVAMAX,Hair Care,fee_pct_of_gross,Fee % of Gross,15.3,15.2,-0.1,-0.65,0.0,Improvement
P0922,JioMart,SHIVAMAX,Hair Care,fee_pct_of_gross,Fee % of Gross,11.7,11.5,-0.2,-1.71,0.0,Improvement
P0922,Meesho,SHIVAMAX,Hair Care,fee_pct_of_gross,Fee % of Gross,13.9,13.7,-0.2,-1.44,0.0,Improvement
P0922,Website,SHIVAMAX,Hair Care,fee_pct_of_gross,Fee % of Gross,4.1,5.9,1.8,43.9,0.2,Deterioration
P0927,Amazon,SHIVAMAX,Home & Kitchen,fee_pct_of_gross,Fee % of Gross,50.8,52.4,1.6,3.15,0.2,Deterioration
P0927,Flipkart,SHIVAMAX,Home & Kitchen,fee_pct_of_gross,Fee % of Gross,16.4,15.7,-0.7,-4.27,0.1,Improvement
P0927,JioMart,SHIVAMAX,Home & Kitchen,fee_pct_of_gross,Fee % of Gross,12.0,13.8,1.8,15.0,0.2,Deterioration
P0927,Meesho,SHIVAMAX,Home & Kitchen,fee_pct_of_gross,Fee % of Gross,14.7,17.3,2.6,17.69,0.3,Deterioration
P0927,Website,SHIVAMAX,Home & Kitchen,fee_pct_of_gross,Fee % of Gross,8.3,10.4,2.1,25.3,0.2,Deterioration
P0931,Amazon,SHIVAMAX,Electronics & Travel Accessories,fee_pct_of_gross,Fee % of Gross,29.3,30.0,0.7,2.39,0.1,Deterioration
P0931,Flipkart,SHIVAMAX,Electronics & Travel Accessories,fee_pct_of_gross,Fee % of Gross,15.4,15.3,-0.1,-0.65,0.0,Improvement
P0931,JioMart,SHIVAMAX,Electronics & Travel Accessories,fee_pct_of_gross,Fee % of Gross,10.8,11.3,0.5,4.63,0.1,Deterioration
P0931,Meesho,SHIVAMAX,Electronics & Travel Accessories,fee_pct_of_gross,Fee % of Gross,15.1,14.6,-0.5,-3.31,0.1,Improvement
P0931,Website,SHIVAMAX,Electronics & Travel Accessories,fee_pct_of_gross,Fee % of Gross,4.9,6.6,1.7,34.69,0.2,Deterioration
P0932,Amazon,SHIVAMAX,Electronics & Travel Accessories,fee_pct_of_gross,Fee % of Gross,45.8,44.6,-1.2,-2.62,0.1,Improvement
P0932,Flipkart,SHIVAMAX,Electronics & Travel Accessories,fee_pct_of_gross,Fee % of Gross,18.2,16.7,-1.5,-8.24,0.2,Improvement
P0932,JioMart,SHIVAMAX,Electronics & Travel Accessories,fee_pct_of_gross,Fee % of Gross,13.4,12.2,-1.2,-8.96,0.1,Improvement
P0932,Meesho,SHIVAMAX,Electronics & Travel Accessories,fee_pct_of_gross,Fee % of Gross,14.9,16.8,1.9,12.75,0.2,Deterioration
P0932,Website,SHIVAMAX,Electronics & Travel Accessories,fee_pct_of_gross,Fee % of Gross,7.9,5.4,-2.5,-31.65,0.3,Improvement
P0944,Amazon,SHIVAMAX,Health & Wellness,fee_pct_of_gross,Fee % of Gross,34.2,32.1,-2.1,-6.14,0.2,Improvement
P0944,Flipkart,SHIVAMAX,Health & Wellness,fee_pct_of_gross,Fee % of Gross,15.3,16.5,1.2,7.84,0.1,Deterioration
P0944,JioMart,SHIVAMAX,Health & Wellness,fee_pct_of_gross,Fee % of Gross,12.0,12.1,0.1,0.83,0.0,Deterioration
P0944,Meesho,SHIVAMAX,Health & Wellness,fee_pct_of_gross,Fee % of Gross,16.6,15.4,-1.2,-7.23,0.1,Improvement
P0944,Website,SHIVAMAX,Health & Wellness,fee_pct_of_gross,Fee % of Gross,6.2,6.1,-0.1,-1.61,0.0,Improvement
P1003,Amazon,Snake Brand,Body Care,fee_pct_of_gross,Fee % of Gross,31.8,34.6,2.8,8.81,0.3,Deterioration
P1003,Flipkart,Snake Brand,Body Care,fee_pct_of_gross,Fee % of Gross,15.8,16.6,0.8,5.06,0.1,Deterioration
P1003,JioMart,Snake Brand,Body Care,fee_pct_of_gross,Fee % of Gross,13.6,12.7,-0.9,-6.62,0.1,Improvement
P1003,Meesho,Snake Brand,Body Care,fee_pct_of_gross,Fee % of Gross,14.3,15.1,0.8,5.59,0.1,Deterioration
P1003,Website,Snake Brand,Body Care,fee_pct_of_gross,Fee % of Gross,6.2,7.3,1.1,17.74,0.1,Deterioration
P1026,Amazon,Sunsilk,Hair Care,fee_pct_of_gross,Fee % of Gross,38.0,38.1,0.1,0.26,0.0,Deterioration
P1026,Flipkart,Sunsilk,Hair Care,fee_pct_of_gross,Fee % of Gross,16.6,15.2,-1.4,-8.43,0.2,Improvement
P1026,JioMart,Sunsilk,Hair Care,fee_pct_of_gross,Fee % of Gross,12.7,12.3,-0.4,-3.15,0.0,Improvement
P1026,Meesho,Sunsilk,Hair Care,fee_pct_of_gross,Fee % of Gross,14.0,15.0,1.0,7.14,0.1,Deterioration
P1026,Website,Sunsilk,Hair Care,fee_pct_of_gross,Fee % of Gross,5.2,4.3,-0.9,-17.31,0.1,Improvement
P1029,Amazon,Sunsilk,Hair Care,fee_pct_of_gross,Fee % of Gross,38.7,36.6,-2.1,-5.43,0.2,Improvement
P1029,Flipkart,Sunsilk,Hair Care,fee_pct_of_gross,Fee % of Gross,17.7,16.2,-1.5,-8.47,0.2,Improvement
P1029,JioMart,Sunsilk,Hair Care,fee_pct_of_gross,Fee % of Gross,14.9,14.1,-0.8,-5.37,0.1,Improvement
P1029,Meesho,Sunsilk,Hair Care,fee_pct_of_gross,Fee % of Gross,15.5,14.6,-0.9,-5.81,0.1,Improvement
P1029,Website,Sunsilk,Hair Care,fee_pct_of_gross,Fee % of Gross,8.7,4.9,-3.8,-43.68,0.4,Improvement
P1032,Amazon,Sunsilk,Hair Care,fee_pct_of_gross,Fee % of Gross,37.9,36.8,-1.1,-2.9,0.1,Improvement
P1032,Flipkart,Sunsilk,Hair Care,fee_pct_of_gross,Fee % of Gross,16.1,15.8,-0.3,-1.86,0.0,Improvement
P1032,JioMart,Sunsilk,Hair Care,fee_pct_of_gross,Fee % of Gross,13.2,15.0,1.8,13.64,0.2,Deterioration
P1032,Meesho,Sunsilk,Hair Care,fee_pct_of_gross,Fee % of Gross,13.6,15.7,2.1,15.44,0.2,Deterioration
P1032,Website,Sunsilk,Hair Care,fee_pct_of_gross,Fee % of Gross,7.3,5.8,-1.5,-20.55,0.2,Improvement
P1033,Amazon,Sunsilk,Hair Care,fee_pct_of_gross,Fee % of Gross,34.5,31.5,-3.0,-8.7,0.3,Improvement
P1033,Flipkart,Sunsilk,Hair Care,fee_pct_of_gross,Fee % of Gross,17.2,16.7,-0.5,-2.91,0.1,Improvement
P1033,JioMart,Sunsilk,Hair Care,fee_pct_of_gross,Fee % of Gross,13.6,12.3,-1.3,-9.56,0.1,Improvement
P1033,Meesho,Sunsilk,Hair Care,fee_pct_of_gross,Fee % of Gross,12.8,14.5,1.7,13.28,0.2,Deterioration
P1033,Website,Sunsilk,Hair Care,fee_pct_of_gross,Fee % of Gross,5.9,6.8,0.9,15.25,0.1,Deterioration
P1035,Amazon,Sunsilk,Hair Care,fee_pct_of_gross,Fee % of Gross,35.6,37.4,1.8,5.06,0.2,Deterioration
P1035,Flipkart,Sunsilk,Hair Care,fee_pct_of_gross,Fee % of Gross,17.0,16.8,-0.2,-1.18,0.0,Improvement
P1035,JioMart,Sunsilk,Hair Care,fee_pct_of_gross,Fee % of Gross,12.8,11.7,-1.1,-8.59,0.1,Improvement
P1035,Meesho,Sunsilk,Hair Care,fee_pct_of_gross,Fee % of Gross,14.6,14.2,-0.4,-2.74,0.0,Improvement
P1035,Website,Sunsilk,Hair Care,fee_pct_of_gross,Fee % of Gross,6.3,4.7,-1.6,-25.4,0.2,Improvement
P1038,Amazon,Sunsilk,Hair Care,fee_pct_of_gross,Fee % of Gross,37.8,36.4,-1.4,-3.7,0.2,Improvement
P1038,Flipkart,Sunsilk,Hair Care,fee_pct_of_gross,Fee % of Gross,16.8,15.9,-0.9,-5.36,0.1,Improvement
P1038,JioMart,Sunsilk,Hair Care,fee_pct_of_gross,Fee % of Gross,12.7,12.6,-0.1,-0.79,0.0,Improvement
P1038,Meesho,Sunsilk,Hair Care,fee_pct_of_gross,Fee % of Gross,12.3,14.0,1.7,13.82,0.2,Deterioration
P1038,Website,Sunsilk,Hair Care,fee_pct_of_gross,Fee % of Gross,7.8,7.8,0.0,0.0,0.0,No Change
P1039,Amazon,Sunsilk,Hair Care,fee_pct_of_gross,Fee % of Gross,32.6,35.1,2.5,7.67,0.3,Deterioration
P1039,Flipkart,Sunsilk,Hair Care,fee_pct_of_gross,Fee % of Gross,15.4,17.2,1.8,11.69,0.2,Deterioration
P1039,JioMart,Sunsilk,Hair Care,fee_pct_of_gross,Fee % of Gross,11.9,11.8,-0.1,-0.84,0.0,Improvement
P1039,Meesho,Sunsilk,Hair Care,fee_pct_of_gross,Fee % of Gross,13.5,14.6,1.1,8.15,0.1,Deterioration
P1039,Website,Sunsilk,Hair Care,fee_pct_of_gross,Fee % of Gross,8.2,4.7,-3.5,-42.68,0.4,Improvement
P1041,Amazon,Sunsilk,Hair Care,fee_pct_of_gross,Fee % of Gross,39.3,35.0,-4.3,-10.94,0.5,Improvement
P1041,Flipkart,Sunsilk,Hair Care,fee_pct_of_gross,Fee % of Gross,18.2,15.6,-2.6,-14.29,0.3,Improvement
P1041,JioMart,Sunsilk,Hair Care,fee_pct_of_gross,Fee % of Gross,14.2,12.4,-1.8,-12.68,0.2,Improvement
P1041,Meesho,Sunsilk,Hair Care,fee_pct_of_gross,Fee % of Gross,12.7,16.8,4.1,32.28,0.5,Deterioration
P1041,Website,Sunsilk,Hair Care,fee_pct_of_gross,Fee % of Gross,5.9,7.4,1.5,25.42,0.2,Deterioration
P1042,Amazon,Sunsilk,Hair Care,fee_pct_of_gross,Fee % of Gross,24.8,23.1,-1.7,-6.85,0.2,Improvement
P1042,Flipkart,Sunsilk,Hair Care,fee_pct_of_gross,Fee % of Gross,15.2,15.4,0.2,1.32,0.0,Deterioration
P1042,JioMart,Sunsilk,Hair Care,fee_pct_of_gross,Fee % of Gross,11.9,12.9,1.0,8.4,0.1,Deterioration
P1042,Meesho,Sunsilk,Hair Care,fee_pct_of_gross,Fee % of Gross,13.3,13.1,-0.2,-1.5,0.0,Improvement
P1042,Website,Sunsilk,Hair Care,fee_pct_of_gross,Fee % of Gross,4.2,5.9,1.7,40.48,0.2,Deterioration
P1043,Amazon,Sunsilk,Hair Care,fee_pct_of_gross,Fee % of Gross,24.0,24.9,0.9,3.75,0.1,Deterioration
P1043,Flipkart,Sunsilk,Hair Care,fee_pct_of_gross,Fee % of Gross,14.4,14.9,0.5,3.47,0.1,Deterioration
P1043,JioMart,Sunsilk,Hair Care,fee_pct_of_gross,Fee % of Gross,11.6,11.1,-0.5,-4.31,0.1,Improvement
P1043,Meesho,Sunsilk,Hair Care,fee_pct_of_gross,Fee % of Gross,14.2,14.0,-0.2,-1.41,0.0,Improvement
P1043,Website,Sunsilk,Hair Care,fee_pct_of_gross,Fee % of Gross,7.4,6.4,-1.0,-13.51,0.1,Improvement
P1044,Amazon,Sunsilk,Hair Care,fee_pct_of_gross,Fee % of Gross,23.6,23.8,0.2,0.85,0.0,Deterioration
P1044,Flipkart,Sunsilk,Hair Care,fee_pct_of_gross,Fee % of Gross,16.4,14.7,-1.7,-10.37,0.2,Improvement
P1044,JioMart,Sunsilk,Hair Care,fee_pct_of_gross,Fee % of Gross,13.8,11.2,-2.6,-18.84,0.3,Improvement
P1044,Meesho,Sunsilk,Hair Care,fee_pct_of_gross,Fee % of Gross,13.4,15.1,1.7,12.69,0.2,Deterioration
P1044,Website,Sunsilk,Hair Care,fee_pct_of_gross,Fee % of Gross,7.9,5.1,-2.8,-35.44,0.3,Improvement
P1048,Amazon,Sunsilk,Hair Care,fee_pct_of_gross,Fee % of Gross,24.1,23.7,-0.4,-1.66,0.0,Improvement
P1048,Flipkart,Sunsilk,Hair Care,fee_pct_of_gross,Fee % of Gross,16.1,15.5,-0.6,-3.73,0.1,Improvement
P1048,JioMart,Sunsilk,Hair Care,fee_pct_of_gross,Fee % of Gross,11.7,12.6,0.9,7.69,0.1,Deterioration
P1048,Meesho,Sunsilk,Hair Care,fee_pct_of_gross,Fee % of Gross,12.0,17.8,5.8,48.33,0.7,Deterioration
P1048,Website,Sunsilk,Hair Care,fee_pct_of_gross,Fee % of Gross,5.3,4.9,-0.4,-7.55,0.0,Improvement
P1052,Amazon,Sunsilk,Hair Care,fee_pct_of_gross,Fee % of Gross,38.2,35.7,-2.5,-6.54,0.3,Improvement
P1052,Flipkart,Sunsilk,Hair Care,fee_pct_of_gross,Fee % of Gross,16.9,16.7,-0.2,-1.18,0.0,Improvement
P1052,JioMart,Sunsilk,Hair Care,fee_pct_of_gross,Fee % of Gross,12.6,14.9,2.3,18.25,0.3,Deterioration
P1052,Meesho,Sunsilk,Hair Care,fee_pct_of_gross,Fee % of Gross,14.7,14.4,-0.3,-2.04,0.0,Improvement
P1052,Website,Sunsilk,Hair Care,fee_pct_of_gross,Fee % of Gross,5.2,5.8,0.6,11.54,0.1,Deterioration
P1067,Amazon,Tiger Balm,Health & Wellness,fee_pct_of_gross,Fee % of Gross,24.9,24.3,-0.6,-2.41,0.1,Improvement
P1067,Flipkart,Tiger Balm,Health & Wellness,fee_pct_of_gross,Fee % of Gross,15.0,15.6,0.6,4.0,0.1,Deterioration
P1067,JioMart,Tiger Balm,Health & Wellness,fee_pct_of_gross,Fee % of Gross,11.2,11.0,-0.2,-1.79,0.0,Improvement
P1067,Meesho,Tiger Balm,Health & Wellness,fee_pct_of_gross,Fee % of Gross,13.2,13.4,0.2,1.52,0.0,Deterioration
P1067,Website,Tiger Balm,Health & Wellness,fee_pct_of_gross,Fee % of Gross,5.7,4.2,-1.5,-26.32,0.2,Improvement
P1069,Amazon,Tiger Balm,Health & Wellness,fee_pct_of_gross,Fee % of Gross,26.0,24.6,-1.4,-5.38,0.2,Improvement
P1069,Flipkart,Tiger Balm,Health & Wellness,fee_pct_of_gross,Fee % of Gross,15.6,16.0,0.4,2.56,0.0,Deterioration
P1069,JioMart,Tiger Balm,Health & Wellness,fee_pct_of_gross,Fee % of Gross,11.3,10.6,-0.7,-6.19,0.1,Improvement
P1069,Meesho,Tiger Balm,Health & Wellness,fee_pct_of_gross,Fee % of Gross,13.1,13.8,0.7,5.34,0.1,Deterioration
P1069,Website,Tiger Balm,Health & Wellness,fee_pct_of_gross,Fee % of Gross,3.9,6.0,2.1,53.85,0.2,Deterioration
P1070,Amazon,Tiger Balm,Health & Wellness,fee_pct_of_gross,Fee % of Gross,40.5,41.6,1.1,2.72,0.1,Deterioration
P1070,Flipkart,Tiger Balm,Health & Wellness,fee_pct_of_gross,Fee % of Gross,17.5,16.4,-1.1,-6.29,0.1,Improvement
P1070,JioMart,Tiger Balm,Health & Wellness,fee_pct_of_gross,Fee % of Gross,10.7,12.6,1.9,17.76,0.2,Deterioration
P1070,Meesho,Tiger Balm,Health & Wellness,fee_pct_of_gross,Fee % of Gross,14.2,13.8,-0.4,-2.82,0.0,Improvement
P1070,Website,Tiger Balm,Health & Wellness,fee_pct_of_gross,Fee % of Gross,7.0,5.0,-2.0,-28.57,0.2,Improvement
P1071,Amazon,Tiger Balm,Health & Wellness,fee_pct_of_gross,Fee % of Gross,40.5,42.4,1.9,4.69,0.2,Deterioration
P1071,Flipkart,Tiger Balm,Health & Wellness,fee_pct_of_gross,Fee % of Gross,16.5,17.1,0.6,3.64,0.1,Deterioration
P1071,JioMart,Tiger Balm,Health & Wellness,fee_pct_of_gross,Fee % of Gross,14.2,12.0,-2.2,-15.49,0.2,Improvement
P1071,Meesho,Tiger Balm,Health & Wellness,fee_pct_of_gross,Fee % of Gross,13.6,14.0,0.4,2.94,0.0,Deterioration
P1071,Website,Tiger Balm,Health & Wellness,fee_pct_of_gross,Fee % of Gross,7.9,7.3,-0.6,-7.59,0.1,Improvement
P1072,Amazon,Tiger Balm,Health & Wellness,fee_pct_of_gross,Fee % of Gross,38.3,39.2,0.9,2.35,0.1,Deterioration
P1072,Flipkart,Tiger Balm,Health & Wellness,fee_pct_of_gross,Fee % of Gross,17.6,18.0,0.4,2.27,0.0,Deterioration
P1072,JioMart,Tiger Balm,Health & Wellness,fee_pct_of_gross,Fee % of Gross,15.1,12.9,-2.2,-14.57,0.2,Improvement
P1072,Meesho,Tiger Balm,Health & Wellness,fee_pct_of_gross,Fee % of Gross,15.5,16.5,1.0,6.45,0.1,Deterioration
P1072,Website,Tiger Balm,Health & Wellness,fee_pct_of_gross,Fee % of Gross,6.8,7.2,0.4,5.88,0.0,Deterioration
P1075,Amazon,Tresemme,Hair Care,fee_pct_of_gross,Fee % of Gross,23.9,23.1,-0.8,-3.35,0.1,Improvement
P1075,Flipkart,Tresemme,Hair Care,fee_pct_of_gross,Fee % of Gross,15.1,15.3,0.2,1.32,0.0,Deterioration
P1075,JioMart,Tresemme,Hair Care,fee_pct_of_gross,Fee % of Gross,11.8,10.8,-1.0,-8.47,0.1,Improvement
P1075,Meesho,Tresemme,Hair Care,fee_pct_of_gross,Fee % of Gross,13.4,13.9,0.5,3.73,0.1,Deterioration
P1075,Website,Tresemme,Hair Care,fee_pct_of_gross,Fee % of Gross,4.6,5.1,0.5,10.87,0.1,Deterioration
P1080,Amazon,Tresemme,Hair Care,fee_pct_of_gross,Fee % of Gross,23.6,24.5,0.9,3.81,0.1,Deterioration
P1080,Flipkart,Tresemme,Hair Care,fee_pct_of_gross,Fee % of Gross,15.5,14.5,-1.0,-6.45,0.1,Improvement
P1080,JioMart,Tresemme,Hair Care,fee_pct_of_gross,Fee % of Gross,9.5,10.4,0.9,9.47,0.1,Deterioration
P1080,Meesho,Tresemme,Hair Care,fee_pct_of_gross,Fee % of Gross,12.7,11.6,-1.1,-8.66,0.1,Improvement
P1080,Website,Tresemme,Hair Care,fee_pct_of_gross,Fee % of Gross,5.0,5.5,0.5,10.0,0.1,Deterioration
P1085,Amazon,Tresemme,Hair Care,fee_pct_of_gross,Fee % of Gross,25.8,24.0,-1.8,-6.98,0.2,Improvement
P1085,Flipkart,Tresemme,Hair Care,fee_pct_of_gross,Fee % of Gross,14.1,16.0,1.9,13.48,0.2,Deterioration
P1085,JioMart,Tresemme,Hair Care,fee_pct_of_gross,Fee % of Gross,13.1,10.3,-2.8,-21.37,0.3,Improvement
P1085,Meesho,Tresemme,Hair Care,fee_pct_of_gross,Fee % of Gross,12.7,13.7,1.0,7.87,0.1,Deterioration
P1085,Website,Tresemme,Hair Care,fee_pct_of_gross,Fee % of Gross,9.9,5.9,-4.0,-40.4,0.4,Improvement
P1099,Amazon,Tros,Body Care,fee_pct_of_gross,Fee % of Gross,34.1,32.5,-1.6,-4.69,0.2,Improvement
P1099,Flipkart,Tros,Body Care,fee_pct_of_gross,Fee % of Gross,15.2,16.9,1.7,11.18,0.2,Deterioration
P1099,JioMart,Tros,Body Care,fee_pct_of_gross,Fee % of Gross,11.8,16.6,4.8,40.68,0.5,Deterioration
P1099,Meesho,Tros,Body Care,fee_pct_of_gross,Fee % of Gross,12.1,12.1,0.0,0.0,0.0,No Change
P1099,Website,Tros,Body Care,fee_pct_of_gross,Fee % of Gross,6.5,6.1,-0.4,-6.15,0.0,Improvement
P1100,Amazon,Tros,Body Care,fee_pct_of_gross,Fee % of Gross,32.3,33.9,1.6,4.95,0.2,Deterioration
P1100,Flipkart,Tros,Body Care,fee_pct_of_gross,Fee % of Gross,18.0,15.9,-2.1,-11.67,0.2,Improvement
P1100,JioMart,Tros,Body Care,fee_pct_of_gross,Fee % of Gross,12.3,11.1,-1.2,-9.76,0.1,Improvement
P1100,Meesho,Tros,Body Care,fee_pct_of_gross,Fee % of Gross,14.3,13.3,-1.0,-6.99,0.1,Improvement
P1100,Website,Tros,Body Care,fee_pct_of_gross,Fee % of Gross,6.9,4.5,-2.4,-34.78,0.3,Improvement
P1105,Amazon,Vaseline,Body Care,fee_pct_of_gross,Fee % of Gross,23.4,22.7,-0.7,-2.99,0.1,Improvement
P1105,Flipkart,Vaseline,Body Care,fee_pct_of_gross,Fee % of Gross,14.5,15.2,0.7,4.83,0.1,Deterioration
P1105,JioMart,Vaseline,Body Care,fee_pct_of_gross,Fee % of Gross,12.3,12.0,-0.3,-2.44,0.0,Improvement
P1105,Meesho,Vaseline,Body Care,fee_pct_of_gross,Fee % of Gross,14.8,12.5,-2.3,-15.54,0.3,Improvement
P1105,Website,Vaseline,Body Care,fee_pct_of_gross,Fee % of Gross,4.4,5.6,1.2,27.27,0.1,Deterioration
P1107,Amazon,Vaseline,Body Care,fee_pct_of_gross,Fee % of Gross,28.9,28.1,-0.8,-2.77,0.1,Improvement
P1107,Flipkart,Vaseline,Body Care,fee_pct_of_gross,Fee % of Gross,15.9,14.4,-1.5,-9.43,0.2,Improvement
P1107,JioMart,Vaseline,Body Care,fee_pct_of_gross,Fee % of Gross,11.3,11.4,0.1,0.88,0.0,Deterioration
P1107,Meesho,Vaseline,Body Care,fee_pct_of_gross,Fee % of Gross,14.8,12.6,-2.2,-14.86,0.2,Improvement
P1107,Website,Vaseline,Body Care,fee_pct_of_gross,Fee % of Gross,4.6,3.5,-1.1,-23.91,0.1,Improvement
P1109,Amazon,Vaseline,Body Care,fee_pct_of_gross,Fee % of Gross,23.8,24.0,0.2,0.84,0.0,Deterioration
P1109,Flipkart,Vaseline,Body Care,fee_pct_of_gross,Fee % of Gross,15.5,15.8,0.3,1.94,0.0,Deterioration
P1109,JioMart,Vaseline,Body Care,fee_pct_of_gross,Fee % of Gross,11.8,10.5,-1.3,-11.02,0.1,Improvement
P1109,Meesho,Vaseline,Body Care,fee_pct_of_gross,Fee % of Gross,14.2,12.5,-1.7,-11.97,0.2,Improvement
P1109,Website,Vaseline,Body Care,fee_pct_of_gross,Fee % of Gross,4.4,3.8,-0.6,-13.64,0.1,Improvement
P1112,Amazon,Vaseline,Body Care,fee_pct_of_gross,Fee % of Gross,31.7,32.4,0.7,2.21,0.1,Deterioration
P1112,Flipkart,Vaseline,Body Care,fee_pct_of_gross,Fee % of Gross,15.9,14.9,-1.0,-6.29,0.1,Improvement
P1112,JioMart,Vaseline,Body Care,fee_pct_of_gross,Fee % of Gross,11.7,11.7,0.0,0.0,0.0,No Change
P1112,Meesho,Vaseline,Body Care,fee_pct_of_gross,Fee % of Gross,13.7,13.3,-0.4,-2.92,0.0,Improvement
P1112,Website,Vaseline,Body Care,fee_pct_of_gross,Fee % of Gross,4.0,6.8,2.8,70.0,0.3,Deterioration
P1114,Amazon,Vaseline,Body Care,fee_pct_of_gross,Fee % of Gross,26.9,28.8,1.9,7.06,0.2,Deterioration
P1114,Flipkart,Vaseline,Body Care,fee_pct_of_gross,Fee % of Gross,16.5,15.7,-0.8,-4.85,0.1,Improvement
P1114,JioMart,Vaseline,Body Care,fee_pct_of_gross,Fee % of Gross,11.7,10.8,-0.9,-7.69,0.1,Improvement
P1114,Meesho,Vaseline,Body Care,fee_pct_of_gross,Fee % of Gross,14.5,13.5,-1.0,-6.9,0.1,Improvement
P1114,Website,Vaseline,Body Care,fee_pct_of_gross,Fee % of Gross,4.3,4.4,0.1,2.33,0.0,Deterioration
P1120,Amazon,Vaseline,Skin Care,fee_pct_of_gross,Fee % of Gross,25.9,24.7,-1.2,-4.63,0.1,Improvement
P1120,Flipkart,Vaseline,Skin Care,fee_pct_of_gross,Fee % of Gross,16.0,14.8,-1.2,-7.5,0.1,Improvement
P1120,JioMart,Vaseline,Skin Care,fee_pct_of_gross,Fee % of Gross,10.7,10.9,0.2,1.87,0.0,Deterioration
P1120,Meesho,Vaseline,Skin Care,fee_pct_of_gross,Fee % of Gross,13.2,14.6,1.4,10.61,0.2,Deterioration
P1120,Website,Vaseline,Skin Care,fee_pct_of_gross,Fee % of Gross,5.1,5.1,0.0,0.0,0.0,No Change
P1121,Amazon,Vaseline,Body Care,fee_pct_of_gross,Fee % of Gross,24.2,24.0,-0.2,-0.83,0.0,Improvement
P1121,Flipkart,Vaseline,Body Care,fee_pct_of_gross,Fee % of Gross,17.3,16.2,-1.1,-6.36,0.1,Improvement
P1121,JioMart,Vaseline,Body Care,fee_pct_of_gross,Fee % of Gross,11.1,11.9,0.8,7.21,0.1,Deterioration
P1121,Meesho,Vaseline,Body Care,fee_pct_of_gross,Fee % of Gross,13.6,12.8,-0.8,-5.88,0.1,Improvement
P1121,Website,Vaseline,Body Care,fee_pct_of_gross,Fee % of Gross,7.3,4.6,-2.7,-36.99,0.3,Improvement
P1131,Amazon,Vaseline,Skin Care,fee_pct_of_gross,Fee % of Gross,23.9,24.5,0.6,2.51,0.1,Deterioration
P1131,Flipkart,Vaseline,Skin Care,fee_pct_of_gross,Fee % of Gross,16.3,14.3,-2.0,-12.27,0.2,Improvement
P1131,JioMart,Vaseline,Skin Care,fee_pct_of_gross,Fee % of Gross,12.3,10.2,-2.1,-17.07,0.2,Improvement
P1131,Meesho,Vaseline,Skin Care,fee_pct_of_gross,Fee % of Gross,13.1,14.1,1.0,7.63,0.1,Deterioration
P1131,Website,Vaseline,Skin Care,fee_pct_of_gross,Fee % of Gross,3.4,5.4,2.0,58.82,0.2,Deterioration
P1146,Amazon,Vaseline,Body Care,fee_pct_of_gross,Fee % of Gross,23.7,23.7,0.0,0.0,0.0,No Change
P1146,Flipkart,Vaseline,Body Care,fee_pct_of_gross,Fee % of Gross,15.7,16.1,0.4,2.55,0.0,Deterioration
P1146,JioMart,Vaseline,Body Care,fee_pct_of_gross,Fee % of Gross,10.9,11.8,0.9,8.26,0.1,Deterioration
P1146,Meesho,Vaseline,Body Care,fee_pct_of_gross,Fee % of Gross,13.9,13.4,-0.5,-3.6,0.1,Improvement
P1146,Website,Vaseline,Body Care,fee_pct_of_gross,Fee % of Gross,5.3,4.9,-0.4,-7.55,0.0,Improvement
P1150,Amazon,Vaseline,Body Care,fee_pct_of_gross,Fee % of Gross,27.6,27.2,-0.4,-1.45,0.0,Improvement
P1150,Flipkart,Vaseline,Body Care,fee_pct_of_gross,Fee % of Gross,15.9,15.8,-0.1,-0.63,0.0,Improvement
P1150,JioMart,Vaseline,Body Care,fee_pct_of_gross,Fee % of Gross,10.9,11.1,0.2,1.83,0.0,Deterioration
P1150,Meesho,Vaseline,Body Care,fee_pct_of_gross,Fee % of Gross,13.1,13.8,0.7,5.34,0.1,Deterioration
P1150,Website,Vaseline,Body Care,fee_pct_of_gross,Fee % of Gross,7.5,4.2,-3.3,-44.0,0.4,Improvement
P1156,Amazon,Vaseline,Body Care,fee_pct_of_gross,Fee % of Gross,24.6,22.6,-2.0,-8.13,0.2,Improvement
P1156,Flipkart,Vaseline,Body Care,fee_pct_of_gross,Fee % of Gross,15.0,14.5,-0.5,-3.33,0.1,Improvement
P1156,JioMart,Vaseline,Body Care,fee_pct_of_gross,Fee % of Gross,11.3,12.1,0.8,7.08,0.1,Deterioration
P1156,Meesho,Vaseline,Body Care,fee_pct_of_gross,Fee % of Gross,13.8,14.6,0.8,5.8,0.1,Deterioration
P1156,Website,Vaseline,Body Care,fee_pct_of_gross,Fee % of Gross,5.8,5.4,-0.4,-6.9,0.0,Improvement
P1157,Amazon,Vaseline,Skin Care,fee_pct_of_gross,Fee % of Gross,25.9,25.7,-0.2,-0.77,0.0,Improvement
P1157,Flipkart,Vaseline,Skin Care,fee_pct_of_gross,Fee % of Gross,15.1,15.7,0.6,3.97,0.1,Deterioration
P1157,JioMart,Vaseline,Skin Care,fee_pct_of_gross,Fee % of Gross,11.2,13.2,2.0,17.86,0.2,Deterioration
P1157,Meesho,Vaseline,Skin Care,fee_pct_of_gross,Fee % of Gross,13.4,14.7,1.3,9.7,0.1,Deterioration
P1157,Website,Vaseline,Skin Care,fee_pct_of_gross,Fee % of Gross,4.7,5.3,0.6,12.77,0.1,Deterioration
P1162,Amazon,Vita Keratin,Hair Care,fee_pct_of_gross,Fee % of Gross,24.1,24.0,-0.1,-0.41,0.0,Improvement
P1162,Flipkart,Vita Keratin,Hair Care,fee_pct_of_gross,Fee % of Gross,16.2,14.7,-1.5,-9.26,0.2,Improvement
P1162,JioMart,Vita Keratin,Hair Care,fee_pct_of_gross,Fee % of Gross,10.5,11.5,1.0,9.52,0.1,Deterioration
P1162,Meesho,Vita Keratin,Hair Care,fee_pct_of_gross,Fee % of Gross,14.0,13.5,-0.5,-3.57,0.1,Improvement
P1162,Website,Vita Keratin,Hair Care,fee_pct_of_gross,Fee % of Gross,4.8,5.9,1.1,22.92,0.1,Deterioration
P1164,Amazon,Wangprom,Health & Wellness,fee_pct_of_gross,Fee % of Gross,35.5,36.4,0.9,2.54,0.1,Deterioration
P1164,Flipkart,Wangprom,Health & Wellness,fee_pct_of_gross,Fee % of Gross,16.3,16.4,0.1,0.61,0.0,Deterioration
P1164,JioMart,Wangprom,Health & Wellness,fee_pct_of_gross,Fee % of Gross,10.7,13.1,2.4,22.43,0.3,Deterioration
P1164,Meesho,Wangprom,Health & Wellness,fee_pct_of_gross,Fee % of Gross,17.8,14.9,-2.9,-16.29,0.3,Improvement
P1164,Website,Wangprom,Health & Wellness,fee_pct_of_gross,Fee % of Gross,6.7,6.8,0.1,1.49,0.0,Deterioration
P1176,Amazon,Wangprom,Health & Wellness,fee_pct_of_gross,Fee % of Gross,29.9,27.7,-2.2,-7.36,0.2,Improvement
P1176,Flipkart,Wangprom,Health & Wellness,fee_pct_of_gross,Fee % of Gross,15.2,15.3,0.1,0.66,0.0,Deterioration
P1176,JioMart,Wangprom,Health & Wellness,fee_pct_of_gross,Fee % of Gross,13.7,11.0,-2.7,-19.71,0.3,Improvement
P1176,Meesho,Wangprom,Health & Wellness,fee_pct_of_gross,Fee % of Gross,13.8,13.2,-0.6,-4.35,0.1,Improvement
P1176,Website,Wangprom,Health & Wellness,fee_pct_of_gross,Fee % of Gross,9.0,6.1,-2.9,-32.22,0.3,Improvement
P1185,Amazon,Watsons,Oral Care,fee_pct_of_gross,Fee % of Gross,32.6,30.9,-1.7,-5.21,0.2,Improvement
P1185,Flipkart,Watsons,Oral Care,fee_pct_of_gross,Fee % of Gross,14.8,14.4,-0.4,-2.7,0.0,Improvement
P1185,JioMart,Watsons,Oral Care,fee_pct_of_gross,Fee % of Gross,12.7,13.6,0.9,7.09,0.1,Deterioration
P1185,Meesho,Watsons,Oral Care,fee_pct_of_gross,Fee % of Gross,14.0,13.3,-0.7,-5.0,0.1,Improvement
P1185,Website,Watsons,Oral Care,fee_pct_of_gross,Fee % of Gross,6.0,6.9,0.9,15.0,0.1,Deterioration
P1190,Amazon,Watsons,Oral Care,fee_pct_of_gross,Fee % of Gross,33.9,32.5,-1.4,-4.13,0.2,Improvement
P1190,Flipkart,Watsons,Oral Care,fee_pct_of_gross,Fee % of Gross,16.8,16.5,-0.3,-1.79,0.0,Improvement
P1190,JioMart,Watsons,Oral Care,fee_pct_of_gross,Fee % of Gross,9.0,10.6,1.6,17.78,0.2,Deterioration
P1190,Meesho,Watsons,Oral Care,fee_pct_of_gross,Fee % of Gross,13.1,14.6,1.5,11.45,0.2,Deterioration
P1190,Website,Watsons,Oral Care,fee_pct_of_gross,Fee % of Gross,4.9,5.4,0.5,10.2,0.1,Deterioration
P1196,Amazon,Watsons,Oral Care,fee_pct_of_gross,Fee % of Gross,30.9,31.5,0.6,1.94,0.1,Deterioration
P1196,Flipkart,Watsons,Oral Care,fee_pct_of_gross,Fee % of Gross,15.4,17.4,2.0,12.99,0.2,Deterioration
P1196,JioMart,Watsons,Oral Care,fee_pct_of_gross,Fee % of Gross,12.8,12.5,-0.3,-2.34,0.0,Improvement
P1196,Meesho,Watsons,Oral Care,fee_pct_of_gross,Fee % of Gross,13.6,14.1,0.5,3.68,0.1,Deterioration
P1196,Website,Watsons,Oral Care,fee_pct_of_gross,Fee % of Gross,5.1,7.6,2.5,49.02,0.3,Deterioration
P1200,Amazon,Watsons,Oral Care,fee_pct_of_gross,Fee % of Gross,36.9,43.4,6.5,17.62,0.7,Deterioration
P1200,Flipkart,Watsons,Oral Care,fee_pct_of_gross,Fee % of Gross,15.9,17.0,1.1,6.92,0.1,Deterioration
P1200,JioMart,Watsons,Oral Care,fee_pct_of_gross,Fee % of Gross,12.9,15.2,2.3,17.83,0.3,Deterioration
P1200,Meesho,Watsons,Oral Care,fee_pct_of_gross,Fee % of Gross,14.4,15.4,1.0,6.94,0.1,Deterioration
P1200,Website,Watsons,Oral Care,fee_pct_of_gross,Fee % of Gross,6.6,9.4,2.8,42.42,0.3,Deterioration
P1214,Amazon,Watsons,Oral Care,fee_pct_of_gross,Fee % of Gross,39.6,41.6,2.0,5.05,0.2,Deterioration
P1214,Flipkart,Watsons,Oral Care,fee_pct_of_gross,Fee % of Gross,14.7,18.2,3.5,23.81,0.4,Deterioration
P1214,JioMart,Watsons,Oral Care,fee_pct_of_gross,Fee % of Gross,15.1,13.8,-1.3,-8.61,0.1,Improvement
P1214,Meesho,Watsons,Oral Care,fee_pct_of_gross,Fee % of Gross,14.5,15.0,0.5,3.45,0.1,Deterioration
P1214,Website,Watsons,Oral Care,fee_pct_of_gross,Fee % of Gross,7.1,5.4,-1.7,-23.94,0.2,Improvement
P1218,Amazon,Watsons,Oral Care,fee_pct_of_gross,Fee % of Gross,39.8,38.4,-1.4,-3.52,0.2,Improvement
P1218,Flipkart,Watsons,Oral Care,fee_pct_of_gross,Fee % of Gross,17.4,17.3,-0.1,-0.57,0.0,Improvement
P1218,JioMart,Watsons,Oral Care,fee_pct_of_gross,Fee % of Gross,13.3,13.5,0.2,1.5,0.0,Deterioration
P1218,Meesho,Watsons,Oral Care,fee_pct_of_gross,Fee % of Gross,13.0,14.5,1.5,11.54,0.2,Deterioration
P1218,Website,Watsons,Oral Care,fee_pct_of_gross,Fee % of Gross,6.8,5.5,-1.3,-19.12,0.1,Improvement
P1237,Amazon,Watsons,Oral Care,fee_pct_of_gross,Fee % of Gross,25.0,24.7,-0.3,-1.2,0.0,Improvement
P1237,Flipkart,Watsons,Oral Care,fee_pct_of_gross,Fee % of Gross,14.4,16.2,1.8,12.5,0.2,Deterioration
P1237,JioMart,Watsons,Oral Care,fee_pct_of_gross,Fee % of Gross,11.8,11.7,-0.1,-0.85,0.0,Improvement
P1237,Meesho,Watsons,Oral Care,fee_pct_of_gross,Fee % of Gross,13.6,13.8,0.2,1.47,0.0,Deterioration
P1237,Website,Watsons,Oral Care,fee_pct_of_gross,Fee % of Gross,4.8,5.7,0.9,18.75,0.1,Deterioration
P1248,Amazon,Watsons,Skin Care,fee_pct_of_gross,Fee % of Gross,32.4,32.1,-0.3,-0.93,0.0,Improvement
P1248,Flipkart,Watsons,Skin Care,fee_pct_of_gross,Fee % of Gross,15.5,14.5,-1.0,-6.45,0.1,Improvement
P1248,JioMart,Watsons,Skin Care,fee_pct_of_gross,Fee % of Gross,11.1,10.6,-0.5,-4.5,0.1,Improvement
P1248,Meesho,Watsons,Skin Care,fee_pct_of_gross,Fee % of Gross,13.9,13.3,-0.6,-4.32,0.1,Improvement
P1248,Website,Watsons,Skin Care,fee_pct_of_gross,Fee % of Gross,5.5,5.0,-0.5,-9.09,0.1,Improvement
P1249,Amazon,Watsons,Oral Care,fee_pct_of_gross,Fee % of Gross,39.1,37.4,-1.7,-4.35,0.2,Improvement
P1249,Flipkart,Watsons,Oral Care,fee_pct_of_gross,Fee % of Gross,17.6,16.9,-0.7,-3.98,0.1,Improvement
P1249,JioMart,Watsons,Oral Care,fee_pct_of_gross,Fee % of Gross,13.2,14.2,1.0,7.58,0.1,Deterioration
P1249,Meesho,Watsons,Oral Care,fee_pct_of_gross,Fee % of Gross,15.4,14.3,-1.1,-7.14,0.1,Improvement
P1249,Website,Watsons,Oral Care,fee_pct_of_gross,Fee % of Gross,7.3,8.3,1.0,13.7,0.1,Deterioration
P1251,Amazon,Watsons,Oral Care,fee_pct_of_gross,Fee % of Gross,41.4,40.0,-1.4,-3.38,0.2,Improvement
P1251,Flipkart,Watsons,Oral Care,fee_pct_of_gross,Fee % of Gross,17.3,17.9,0.6,3.47,0.1,Deterioration
P1251,JioMart,Watsons,Oral Care,fee_pct_of_gross,Fee % of Gross,10.3,13.4,3.1,30.1,0.3,Deterioration
P1251,Meesho,Watsons,Oral Care,fee_pct_of_gross,Fee % of Gross,14.1,14.9,0.8,5.67,0.1,Deterioration
P1251,Website,Watsons,Oral Care,fee_pct_of_gross,Fee % of Gross,6.9,7.5,0.6,8.7,0.1,Deterioration
P1254,Amazon,Watsons,Oral Care,fee_pct_of_gross,Fee % of Gross,33.0,31.2,-1.8,-5.45,0.2,Improvement
P1254,Flipkart,Watsons,Oral Care,fee_pct_of_gross,Fee % of Gross,16.3,16.6,0.3,1.84,0.0,Deterioration
P1254,JioMart,Watsons,Oral Care,fee_pct_of_gross,Fee % of Gross,12.2,11.6,-0.6,-4.92,0.1,Improvement
P1254,Meesho,Watsons,Oral Care,fee_pct_of_gross,Fee % of Gross,15.0,13.7,-1.3,-8.67,0.1,Improvement
P1254,Website,Watsons,Oral Care,fee_pct_of_gross,Fee % of Gross,5.9,6.1,0.2,3.39,0.0,Deterioration
P0022,Amazon,Ambi Pur,Home & Kitchen,refund_pct_of_gross,Refund % of Gross,1.5,0.0,-1.5,-100.0,0.0,Improvement
P0022,Flipkart,Ambi Pur,Home & Kitchen,refund_pct_of_gross,Refund % of Gross,29.7,0.0,-29.7,-100.0,0.6,Improvement
P0022,JioMart,Ambi Pur,Home & Kitchen,refund_pct_of_gross,Refund % of Gross,7.2,0.0,-7.2,-100.0,0.1,Improvement
P0022,Meesho,Ambi Pur,Home & Kitchen,refund_pct_of_gross,Refund % of Gross,0.0,7.6,7.6,,0.2,Deterioration
P0022,Website,Ambi Pur,Home & Kitchen,refund_pct_of_gross,Refund % of Gross,0.0,0.0,0.0,,0.0,No Change
P0024,Amazon,AR,Skin Care,refund_pct_of_gross,Refund % of Gross,8.2,2.1,-6.1,-74.39,0.1,Improvement
P0024,Flipkart,AR,Skin Care,refund_pct_of_gross,Refund % of Gross,5.7,5.0,-0.7,-12.28,0.0,Improvement
P0024,JioMart,AR,Skin Care,refund_pct_of_gross,Refund % of Gross,17.3,8.4,-8.9,-51.45,0.2,Improvement
P0024,Meesho,AR,Skin Care,refund_pct_of_gross,Refund % of Gross,0.0,20.4,20.4,,0.4,Deterioration
P0024,Website,AR,Skin Care,refund_pct_of_gross,Refund % of Gross,0.0,7.8,7.8,,0.2,Deterioration
P0029,Amazon,Axe,Body Care,refund_pct_of_gross,Refund % of Gross,14.3,1.4,-12.9,-90.21,0.3,Improvement
P0029,Flipkart,Axe,Body Care,refund_pct_of_gross,Refund % of Gross,10.1,11.1,1.0,9.9,0.0,Deterioration
P0029,JioMart,Axe,Body Care,refund_pct_of_gross,Refund % of Gross,0.0,0.0,0.0,,0.0,No Change
P0029,Meesho,Axe,Body Care,refund_pct_of_gross,Refund % of Gross,17.4,0.0,-17.4,-100.0,0.3,Improvement
P0029,Website,Axe,Body Care,refund_pct_of_gross,Refund % of Gross,19.9,0.0,-19.9,-100.0,0.4,Improvement
P0034,Amazon,Axe,Body Care,refund_pct_of_gross,Refund % of Gross,1.7,0.0,-1.7,-100.0,0.0,Improvement
P0034,Flipkart,Axe,Body Care,refund_pct_of_gross,Refund % of Gross,19.8,0.0,-19.8,-100.0,0.4,Improvement
P0034,JioMart,Axe,Body Care,refund_pct_of_gross,Refund % of Gross,12.9,16.5,3.6,27.91,0.1,Deterioration
P0034,Meesho,Axe,Body Care,refund_pct_of_gross,Refund % of Gross,12.7,9.9,-2.8,-22.05,0.1,Improvement
P0034,Website,Axe,Body Care,refund_pct_of_gross,Refund % of Gross,0.0,12.0,12.0,,0.2,Deterioration
P0039,Amazon,Axe,Body Care,refund_pct_of_gross,Refund % of Gross,4.7,10.4,5.7,121.28,0.1,Deterioration
P0039,Flipkart,Axe,Body Care,refund_pct_of_gross,Refund % of Gross,0.0,3.8,3.8,,0.1,Deterioration
P0039,JioMart,Axe,Body Care,refund_pct_of_gross,Refund % of Gross,8.8,0.0,-8.8,-100.0,0.2,Improvement
P0039,Meesho,Axe,Body Care,refund_pct_of_gross,Refund % of Gross,0.0,6.4,6.4,,0.1,Deterioration
P0039,Website,Axe,Body Care,refund_pct_of_gross,Refund % of Gross,0.0,4.9,4.9,,0.1,Deterioration
P0041,Amazon,Axe,Body Care,refund_pct_of_gross,Refund % of Gross,13.2,8.9,-4.3,-32.58,0.1,Improvement
P0041,Flipkart,Axe,Body Care,refund_pct_of_gross,Refund % of Gross,15.9,0.0,-15.9,-100.0,0.3,Improvement
P0041,JioMart,Axe,Body Care,refund_pct_of_gross,Refund % of Gross,0.0,10.1,10.1,,0.2,Deterioration
P0041,Meesho,Axe,Body Care,refund_pct_of_gross,Refund % of Gross,0.0,0.0,0.0,,0.0,No Change
P0041,Website,Axe,Body Care,refund_pct_of_gross,Refund % of Gross,0.0,0.0,0.0,,0.0,No Change
P0042,Amazon,Axe,Body Care,refund_pct_of_gross,Refund % of Gross,0.0,7.0,7.0,,0.1,Deterioration
P0042,Flipkart,Axe,Body Care,refund_pct_of_gross,Refund % of Gross,4.2,0.0,-4.2,-100.0,0.1,Improvement
P0042,JioMart,Axe,Body Care,refund_pct_of_gross,Refund % of Gross,0.0,0.0,0.0,,0.0,No Change
P0042,Meesho,Axe,Body Care,refund_pct_of_gross,Refund % of Gross,0.0,0.0,0.0,,0.0,No Change
P0042,Website,Axe,Body Care,refund_pct_of_gross,Refund % of Gross,0.0,14.1,14.1,,0.3,Deterioration
P0082,Amazon,Biore,Skin Care,refund_pct_of_gross,Refund % of Gross,0.0,7.1,7.1,,0.1,Deterioration
P0082,Flipkart,Biore,Skin Care,refund_pct_of_gross,Refund % of Gross,6.3,0.0,-6.3,-100.0,0.1,Improvement
P0082,JioMart,Biore,Skin Care,refund_pct_of_gross,Refund % of Gross,0.0,0.0,0.0,,0.0,No Change
P0082,Meesho,Biore,Skin Care,refund_pct_of_gross,Refund % of Gross,0.0,0.0,0.0,,0.0,No Change
P0082,Website,Biore,Skin Care,refund_pct_of_gross,Refund % of Gross,0.0,0.0,0.0,,0.0,No Change
P0156,Amazon,Colgate,Oral Care,refund_pct_of_gross,Refund % of Gross,2.5,5.4,2.9,116.0,0.1,Deterioration
P0156,Flipkart,Colgate,Oral Care,refund_pct_of_gross,Refund % of Gross,0.0,12.3,12.3,,0.2,Deterioration
P0156,JioMart,Colgate,Oral Care,refund_pct_of_gross,Refund % of Gross,0.0,0.0,0.0,,0.0,No Change
P0156,Meesho,Colgate,Oral Care,refund_pct_of_gross,Refund % of Gross,0.0,0.0,0.0,,0.0,No Change
P0156,Website,Colgate,Oral Care,refund_pct_of_gross,Refund % of Gross,0.0,0.0,0.0,,0.0,No Change
P0168,Amazon,Colgate,Oral Care,refund_pct_of_gross,Refund % of Gross,6.9,1.9,-5.0,-72.46,0.1,Improvement
P0168,Flipkart,Colgate,Oral Care,refund_pct_of_gross,Refund % of Gross,0.0,0.0,0.0,,0.0,No Change
P0168,JioMart,Colgate,Oral Care,refund_pct_of_gross,Refund % of Gross,0.0,0.0,0.0,,0.0,No Change
P0168,Meesho,Colgate,Oral Care,refund_pct_of_gross,Refund % of Gross,0.0,0.0,0.0,,0.0,No Change
P0168,Website,Colgate,Oral Care,refund_pct_of_gross,Refund % of Gross,32.4,0.0,-32.4,-100.0,0.7,Improvement
P0170,Amazon,Colgate,Oral Care,refund_pct_of_gross,Refund % of Gross,12.9,6.9,-6.0,-46.51,0.1,Improvement
P0170,Flipkart,Colgate,Oral Care,refund_pct_of_gross,Refund % of Gross,5.1,10.1,5.0,98.04,0.1,Deterioration
P0170,JioMart,Colgate,Oral Care,refund_pct_of_gross,Refund % of Gross,0.0,0.0,0.0,,0.0,No Change
P0170,Meesho,Colgate,Oral Care,refund_pct_of_gross,Refund % of Gross,36.6,0.0,-36.6,-100.0,0.7,Improvement
P0170,Website,Colgate,Oral Care,refund_pct_of_gross,Refund % of Gross,12.0,0.0,-12.0,-100.0,0.2,Improvement
P0172,Amazon,Colgate,Oral Care,refund_pct_of_gross,Refund % of Gross,1.8,3.3,1.5,83.33,0.0,Deterioration
P0172,Flipkart,Colgate,Oral Care,refund_pct_of_gross,Refund % of Gross,4.3,12.7,8.4,195.35,0.2,Deterioration
P0172,JioMart,Colgate,Oral Care,refund_pct_of_gross,Refund % of Gross,0.0,0.0,0.0,,0.0,No Change
P0172,Meesho,Colgate,Oral Care,refund_pct_of_gross,Refund % of Gross,0.0,7.2,7.2,,0.1,Deterioration
P0172,Website,Colgate,Oral Care,refund_pct_of_gross,Refund % of Gross,0.0,0.0,0.0,,0.0,No Change
P0175,Amazon,Colgate,Oral Care,refund_pct_of_gross,Refund % of Gross,3.4,7.1,3.7,108.82,0.1,Deterioration
P0175,Flipkart,Colgate,Oral Care,refund_pct_of_gross,Refund % of Gross,11.4,4.2,-7.2,-63.16,0.1,Improvement
P0175,JioMart,Colgate,Oral Care,refund_pct_of_gross,Refund % of Gross,0.0,0.0,0.0,,0.0,No Change
P0175,Meesho,Colgate,Oral Care,refund_pct_of_gross,Refund % of Gross,7.0,0.0,-7.0,-100.0,0.1,Improvement
P0175,Website,Colgate,Oral Care,refund_pct_of_gross,Refund % of Gross,0.0,18.9,18.9,,0.4,Deterioration
P0178,Amazon,Colgate,Oral Care,refund_pct_of_gross,Refund % of Gross,6.0,2.3,-3.7,-61.67,0.1,Improvement
P0178,Flipkart,Colgate,Oral Care,refund_pct_of_gross,Refund % of Gross,0.0,7.0,7.0,,0.1,Deterioration
P0178,JioMart,Colgate,Oral Care,refund_pct_of_gross,Refund % of Gross,0.0,12.8,12.8,,0.3,Deterioration
P0178,Meesho,Colgate,Oral Care,refund_pct_of_gross,Refund % of Gross,0.0,10.4,10.4,,0.2,Deterioration
P0178,Website,Colgate,Oral Care,refund_pct_of_gross,Refund % of Gross,0.0,0.0,0.0,,0.0,No Change
P0212,Amazon,Colgate,Oral Care,refund_pct_of_gross,Refund % of Gross,7.7,2.3,-5.4,-70.13,0.1,Improvement
P0212,Flipkart,Colgate,Oral Care,refund_pct_of_gross,Refund % of Gross,3.1,0.0,-3.1,-100.0,0.1,Improvement
P0212,JioMart,Colgate,Oral Care,refund_pct_of_gross,Refund % of Gross,0.0,13.9,13.9,,0.3,Deterioration
P0212,Meesho,Colgate,Oral Care,refund_pct_of_gross,Refund % of Gross,8.8,0.0,-8.8,-100.0,0.2,Improvement
P0212,Website,Colgate,Oral Care,refund_pct_of_gross,Refund % of Gross,18.0,0.0,-18.0,-100.0,0.4,Improvement
P0218,Amazon,Colgate,Oral Care,refund_pct_of_gross,Refund % of Gross,10.9,9.1,-1.8,-16.51,0.0,Improvement
P0218,Flipkart,Colgate,Oral Care,refund_pct_of_gross,Refund % of Gross,24.5,0.0,-24.5,-100.0,0.5,Improvement
P0218,JioMart,Colgate,Oral Care,refund_pct_of_gross,Refund % of Gross,22.6,0.0,-22.6,-100.0,0.5,Improvement
P0218,Meesho,Colgate,Oral Care,refund_pct_of_gross,Refund % of Gross,7.9,0.0,-7.9,-100.0,0.2,Improvement
P0218,Website,Colgate,Oral Care,refund_pct_of_gross,Refund % of Gross,0.0,0.0,0.0,,0.0,No Change
P0225,Amazon,Colgate,Oral Care,refund_pct_of_gross,Refund % of Gross,5.9,0.0,-5.9,-100.0,0.1,Improvement
P0225,Flipkart,Colgate,Oral Care,refund_pct_of_gross,Refund % of Gross,4.3,6.9,2.6,60.47,0.1,Deterioration
P0225,JioMart,Colgate,Oral Care,refund_pct_of_gross,Refund % of Gross,0.0,0.0,0.0,,0.0,No Change
P0225,Meesho,Colgate,Oral Care,refund_pct_of_gross,Refund % of Gross,0.0,0.0,0.0,,0.0,No Change
P0225,Website,Colgate,Oral Care,refund_pct_of_gross,Refund % of Gross,0.0,12.3,12.3,,0.2,Deterioration
P0230,Amazon,Counterpain,Health & Wellness,refund_pct_of_gross,Refund % of Gross,1.5,2.3,0.8,53.33,0.0,Deterioration
P0230,Flipkart,Counterpain,Health & Wellness,refund_pct_of_gross,Refund % of Gross,5.4,0.0,-5.4,-100.0,0.1,Improvement
P0230,JioMart,Counterpain,Health & Wellness,refund_pct_of_gross,Refund % of Gross,0.0,24.4,24.4,,0.5,Deterioration
P0230,Meesho,Counterpain,Health & Wellness,refund_pct_of_gross,Refund % of Gross,0.0,0.0,0.0,,0.0,No Change
P0230,Website,Counterpain,Health & Wellness,refund_pct_of_gross,Refund % of Gross,0.0,9.5,9.5,,0.2,Deterioration
P0233,Amazon,Counterpain,Health & Wellness,refund_pct_of_gross,Refund % of Gross,2.1,5.3,3.2,152.38,0.1,Deterioration
P0233,Flipkart,Counterpain,Health & Wellness,refund_pct_of_gross,Refund % of Gross,5.9,15.4,9.5,161.02,0.2,Deterioration
P0233,JioMart,Counterpain,Health & Wellness,refund_pct_of_gross,Refund % of Gross,0.0,16.0,16.0,,0.3,Deterioration
P0233,Meesho,Counterpain,Health & Wellness,refund_pct_of_gross,Refund % of Gross,0.0,0.0,0.0,,0.0,No Change
P0233,Website,Counterpain,Health & Wellness,refund_pct_of_gross,Refund % of Gross,0.0,18.2,18.2,,0.4,Deterioration
P0235,Amazon,Counterpain,Health & Wellness,refund_pct_of_gross,Refund % of Gross,0.0,0.0,0.0,,0.0,No Change
P0235,Flipkart,Counterpain,Health & Wellness,refund_pct_of_gross,Refund % of Gross,4.1,5.1,1.0,24.39,0.0,Deterioration
P0235,JioMart,Counterpain,Health & Wellness,refund_pct_of_gross,Refund % of Gross,0.0,7.8,7.8,,0.2,Deterioration
P0235,Meesho,Counterpain,Health & Wellness,refund_pct_of_gross,Refund % of Gross,8.2,7.6,-0.6,-7.32,0.0,Improvement
P0235,Website,Counterpain,Health & Wellness,refund_pct_of_gross,Refund % of Gross,0.0,0.0,0.0,,0.0,No Change
P0246,Amazon,Dove,Body Care,refund_pct_of_gross,Refund % of Gross,8.1,5.4,-2.7,-33.33,0.1,Improvement
P0246,Flipkart,Dove,Body Care,refund_pct_of_gross,Refund % of Gross,0.0,0.0,0.0,,0.0,No Change
P0246,JioMart,Dove,Body Care,refund_pct_of_gross,Refund % of Gross,0.0,0.0,0.0,,0.0,No Change
P0246,Meesho,Dove,Body Care,refund_pct_of_gross,Refund % of Gross,0.0,7.2,7.2,,0.1,Deterioration
P0246,Website,Dove,Body Care,refund_pct_of_gross,Refund % of Gross,0.0,0.0,0.0,,0.0,No Change
P0252,Amazon,Dove,Hair Care,refund_pct_of_gross,Refund % of Gross,13.6,0.0,-13.6,-100.0,0.3,Improvement
P0252,Flipkart,Dove,Hair Care,refund_pct_of_gross,Refund % of Gross,10.8,0.0,-10.8,-100.0,0.2,Improvement
P0252,JioMart,Dove,Hair Care,refund_pct_of_gross,Refund % of Gross,0.0,0.0,0.0,,0.0,No Change
P0252,Meesho,Dove,Hair Care,refund_pct_of_gross,Refund % of Gross,6.9,0.0,-6.9,-100.0,0.1,Improvement
P0252,Website,Dove,Hair Care,refund_pct_of_gross,Refund % of Gross,0.0,14.4,14.4,,0.3,Deterioration
P0253,Amazon,Dove,Hair Care,refund_pct_of_gross,Refund % of Gross,5.1,18.3,13.2,258.82,0.3,Deterioration
P0253,Flipkart,Dove,Hair Care,refund_pct_of_gross,Refund % of Gross,8.2,4.7,-3.5,-42.68,0.1,Improvement
P0253,JioMart,Dove,Hair Care,refund_pct_of_gross,Refund % of Gross,0.0,0.0,0.0,,0.0,No Change
P0253,Meesho,Dove,Hair Care,refund_pct_of_gross,Refund % of Gross,0.0,0.0,0.0,,0.0,No Change
P0253,Website,Dove,Hair Care,refund_pct_of_gross,Refund % of Gross,0.0,11.4,11.4,,0.2,Deterioration
P0257,Amazon,Dove,Hair Care,refund_pct_of_gross,Refund % of Gross,1.3,7.5,6.2,476.92,0.1,Deterioration
P0257,Flipkart,Dove,Hair Care,refund_pct_of_gross,Refund % of Gross,0.0,3.2,3.2,,0.1,Deterioration
P0257,JioMart,Dove,Hair Care,refund_pct_of_gross,Refund % of Gross,0.0,0.0,0.0,,0.0,No Change
P0257,Meesho,Dove,Hair Care,refund_pct_of_gross,Refund % of Gross,0.0,0.0,0.0,,0.0,No Change
P0257,Website,Dove,Hair Care,refund_pct_of_gross,Refund % of Gross,0.0,9.2,9.2,,0.2,Deterioration
P0259,Amazon,Dove,Hair Care,refund_pct_of_gross,Refund % of Gross,2.1,2.5,0.4,19.05,0.0,Deterioration
P0259,Flipkart,Dove,Hair Care,refund_pct_of_gross,Refund % of Gross,7.1,11.1,4.0,56.34,0.1,Deterioration
P0259,JioMart,Dove,Hair Care,refund_pct_of_gross,Refund % of Gross,0.0,0.0,0.0,,0.0,No Change
P0259,Meesho,Dove,Hair Care,refund_pct_of_gross,Refund % of Gross,0.0,11.3,11.3,,0.2,Deterioration
P0259,Website,Dove,Hair Care,refund_pct_of_gross,Refund % of Gross,0.0,0.0,0.0,,0.0,No Change
P0260,Amazon,Dove,Hair Care,refund_pct_of_gross,Refund % of Gross,0.0,0.0,0.0,,0.0,No Change
P0260,Flipkart,Dove,Hair Care,refund_pct_of_gross,Refund % of Gross,20.0,0.0,-20.0,-100.0,0.4,Improvement
P0260,JioMart,Dove,Hair Care,refund_pct_of_gross,Refund % of Gross,0.0,11.5,11.5,,0.2,Deterioration
P0260,Meesho,Dove,Hair Care,refund_pct_of_gross,Refund % of Gross,12.7,0.0,-12.7,-100.0,0.3,Improvement
P0260,Website,Dove,Hair Care,refund_pct_of_gross,Refund % of Gross,0.0,12.3,12.3,,0.2,Deterioration
P0261,Amazon,Dove,Hair Care,refund_pct_of_gross,Refund % of Gross,0.0,17.8,17.8,,0.4,Deterioration
P0261,Flipkart,Dove,Hair Care,refund_pct_of_gross,Refund % of Gross,4.1,7.9,3.8,92.68,0.1,Deterioration
P0261,JioMart,Dove,Hair Care,refund_pct_of_gross,Refund % of Gross,4.8,0.0,-4.8,-100.0,0.1,Improvement
P0261,Meesho,Dove,Hair Care,refund_pct_of_gross,Refund % of Gross,0.0,0.0,0.0,,0.0,No Change
P0261,Website,Dove,Hair Care,refund_pct_of_gross,Refund % of Gross,0.0,0.0,0.0,,0.0,No Change
P0262,Amazon,Dove,Hair Care,refund_pct_of_gross,Refund % of Gross,3.8,4.0,0.2,5.26,0.0,Deterioration
P0262,Flipkart,Dove,Hair Care,refund_pct_of_gross,Refund % of Gross,3.2,0.0,-3.2,-100.0,0.1,Improvement
P0262,JioMart,Dove,Hair Care,refund_pct_of_gross,Refund % of Gross,0.0,0.0,0.0,,0.0,No Change
P0262,Meesho,Dove,Hair Care,refund_pct_of_gross,Refund % of Gross,6.8,46.4,39.6,582.35,0.8,Deterioration
P0262,Website,Dove,Hair Care,refund_pct_of_gross,Refund % of Gross,11.3,6.6,-4.7,-41.59,0.1,Improvement
P0263,Amazon,Dove,Hair Care,refund_pct_of_gross,Refund % of Gross,12.5,3.0,-9.5,-76.0,0.2,Improvement
P0263,Flipkart,Dove,Hair Care,refund_pct_of_gross,Refund % of Gross,4.9,2.5,-2.4,-48.98,0.0,Improvement
P0263,JioMart,Dove,Hair Care,refund_pct_of_gross,Refund % of Gross,12.3,0.0,-12.3,-100.0,0.2,Improvement
P0263,Meesho,Dove,Hair Care,refund_pct_of_gross,Refund % of Gross,0.0,0.0,0.0,,0.0,No Change
P0263,Website,Dove,Hair Care,refund_pct_of_gross,Refund % of Gross,0.0,0.0,0.0,,0.0,No Change
P0264,Amazon,Dove,Body Care,refund_pct_of_gross,Refund % of Gross,0.0,3.4,3.4,,0.1,Deterioration
P0264,Flipkart,Dove,Body Care,refund_pct_of_gross,Refund % of Gross,0.0,7.6,7.6,,0.2,Deterioration
P0264,JioMart,Dove,Body Care,refund_pct_of_gross,Refund % of Gross,0.0,0.0,0.0,,0.0,No Change
P0264,Meesho,Dove,Body Care,refund_pct_of_gross,Refund % of Gross,0.0,0.0,0.0,,0.0,No Change
P0264,Website,Dove,Body Care,refund_pct_of_gross,Refund % of Gross,10.2,0.0,-10.2,-100.0,0.2,Improvement
P0270,Amazon,Dove,Hair Care,refund_pct_of_gross,Refund % of Gross,0.0,2.4,2.4,,0.0,Deterioration
P0270,Flipkart,Dove,Hair Care,refund_pct_of_gross,Refund % of Gross,9.0,6.8,-2.2,-24.44,0.0,Improvement
P0270,JioMart,Dove,Hair Care,refund_pct_of_gross,Refund % of Gross,13.6,19.2,5.6,41.18,0.1,Deterioration
P0270,Meesho,Dove,Hair Care,refund_pct_of_gross,Refund % of Gross,0.0,5.7,5.7,,0.1,Deterioration
P0270,Website,Dove,Hair Care,refund_pct_of_gross,Refund % of Gross,0.0,6.0,6.0,,0.1,Deterioration
P0271,Amazon,Dove,Hair Care,refund_pct_of_gross,Refund % of Gross,9.8,2.6,-7.2,-73.47,0.1,Improvement
P0271,Flipkart,Dove,Hair Care,refund_pct_of_gross,Refund % of Gross,18.8,0.0,-18.8,-100.0,0.4,Improvement
P0271,JioMart,Dove,Hair Care,refund_pct_of_gross,Refund % of Gross,0.0,0.0,0.0,,0.0,No Change
P0271,Meesho,Dove,Hair Care,refund_pct_of_gross,Refund % of Gross,0.0,0.0,0.0,,0.0,No Change
P0271,Website,Dove,Hair Care,refund_pct_of_gross,Refund % of Gross,0.0,0.0,0.0,,0.0,No Change
P0278,Amazon,Dove,Hair Care,refund_pct_of_gross,Refund % of Gross,13.5,17.0,3.5,25.93,0.1,Deterioration
P0278,Flipkart,Dove,Hair Care,refund_pct_of_gross,Refund % of Gross,0.0,6.8,6.8,,0.1,Deterioration
P0278,JioMart,Dove,Hair Care,refund_pct_of_gross,Refund % of Gross,0.0,12.6,12.6,,0.3,Deterioration
P0278,Meesho,Dove,Hair Care,refund_pct_of_gross,Refund % of Gross,5.5,0.0,-5.5,-100.0,0.1,Improvement
P0278,Website,Dove,Hair Care,refund_pct_of_gross,Refund % of Gross,7.4,0.0,-7.4,-100.0,0.1,Improvement
P0279,Amazon,Dove,Body Care,refund_pct_of_gross,Refund % of Gross,0.0,3.3,3.3,,0.1,Deterioration
P0279,Flipkart,Dove,Body Care,refund_pct_of_gross,Refund % of Gross,0.0,10.2,10.2,,0.2,Deterioration
P0279,JioMart,Dove,Body Care,refund_pct_of_gross,Refund % of Gross,0.0,3.7,3.7,,0.1,Deterioration
P0279,Meesho,Dove,Body Care,refund_pct_of_gross,Refund % of Gross,6.3,6.9,0.6,9.52,0.0,Deterioration
P0279,Website,Dove,Body Care,refund_pct_of_gross,Refund % of Gross,0.0,0.0,0.0,,0.0,No Change
P0308,Amazon,Dove,Hair Care,refund_pct_of_gross,Refund % of Gross,3.0,11.1,8.1,270.0,0.2,Deterioration
P0308,Flipkart,Dove,Hair Care,refund_pct_of_gross,Refund % of Gross,0.0,5.1,5.1,,0.1,Deterioration
P0308,JioMart,Dove,Hair Care,refund_pct_of_gross,Refund % of Gross,0.0,0.0,0.0,,0.0,No Change
P0308,Meesho,Dove,Hair Care,refund_pct_of_gross,Refund % of Gross,0.0,14.5,14.5,,0.3,Deterioration
P0308,Website,Dove,Hair Care,refund_pct_of_gross,Refund % of Gross,0.0,0.0,0.0,,0.0,No Change
P0342,Amazon,Fino,Hair Care,refund_pct_of_gross,Refund % of Gross,5.1,4.4,-0.7,-13.73,0.0,Improvement
P0342,Flipkart,Fino,Hair Care,refund_pct_of_gross,Refund % of Gross,14.6,10.9,-3.7,-25.34,0.1,Improvement
P0342,JioMart,Fino,Hair Care,refund_pct_of_gross,Refund % of Gross,0.0,0.0,0.0,,0.0,No Change
P0342,Meesho,Fino,Hair Care,refund_pct_of_gross,Refund % of Gross,8.4,9.7,1.3,15.48,0.0,Deterioration
P0342,Website,Fino,Hair Care,refund_pct_of_gross,Refund % of Gross,7.0,0.0,-7.0,-100.0,0.1,Improvement
P0343,Amazon,Fino,Hair Care,refund_pct_of_gross,Refund % of Gross,5.9,0.0,-5.9,-100.0,0.1,Improvement
P0343,Flipkart,Fino,Hair Care,refund_pct_of_gross,Refund % of Gross,7.5,14.1,6.6,88.0,0.1,Deterioration
P0343,JioMart,Fino,Hair Care,refund_pct_of_gross,Refund % of Gross,19.2,6.6,-12.6,-65.62,0.3,Improvement
P0343,Meesho,Fino,Hair Care,refund_pct_of_gross,Refund % of Gross,0.0,0.0,0.0,,0.0,No Change
P0343,Website,Fino,Hair Care,refund_pct_of_gross,Refund % of Gross,31.1,5.8,-25.3,-81.35,0.5,Improvement
P0427,Amazon,Kaowmanee,Skin Care,refund_pct_of_gross,Refund % of Gross,14.9,7.1,-7.8,-52.35,0.2,Improvement
P0427,Flipkart,Kaowmanee,Skin Care,refund_pct_of_gross,Refund % of Gross,3.5,0.0,-3.5,-100.0,0.1,Improvement
P0427,JioMart,Kaowmanee,Skin Care,refund_pct_of_gross,Refund % of Gross,7.8,0.0,-7.8,-100.0,0.2,Improvement
P0427,Meesho,Kaowmanee,Skin Care,refund_pct_of_gross,Refund % of Gross,0.0,0.0,0.0,,0.0,No Change
P0427,Website,Kaowmanee,Skin Care,refund_pct_of_gross,Refund % of Gross,25.2,11.6,-13.6,-53.97,0.3,Improvement
P0437,Amazon,L'Oreal Paris,Skin Care,refund_pct_of_gross,Refund % of Gross,4.6,6.7,2.1,45.65,0.0,Deterioration
P0437,Flipkart,L'Oreal Paris,Skin Care,refund_pct_of_gross,Refund % of Gross,9.3,2.8,-6.5,-69.89,0.1,Improvement
P0437,JioMart,L'Oreal Paris,Skin Care,refund_pct_of_gross,Refund % of Gross,0.0,16.1,16.1,,0.3,Deterioration
P0437,Meesho,L'Oreal Paris,Skin Care,refund_pct_of_gross,Refund % of Gross,15.1,8.7,-6.4,-42.38,0.1,Improvement
P0437,Website,L'Oreal Paris,Skin Care,refund_pct_of_gross,Refund % of Gross,0.0,0.0,0.0,,0.0,No Change
P0475,Amazon,Listerine,Oral Care,refund_pct_of_gross,Refund % of Gross,1.8,0.0,-1.8,-100.0,0.0,Improvement
P0475,Flipkart,Listerine,Oral Care,refund_pct_of_gross,Refund % of Gross,0.0,5.5,5.5,,0.1,Deterioration
P0475,JioMart,Listerine,Oral Care,refund_pct_of_gross,Refund % of Gross,0.0,0.0,0.0,,0.0,No Change
P0475,Meesho,Listerine,Oral Care,refund_pct_of_gross,Refund % of Gross,3.6,0.0,-3.6,-100.0,0.1,Improvement
P0475,Website,Listerine,Oral Care,refund_pct_of_gross,Refund % of Gross,14.5,0.0,-14.5,-100.0,0.3,Improvement
P0476,Amazon,Listerine,Oral Care,refund_pct_of_gross,Refund % of Gross,9.0,9.2,0.2,2.22,0.0,Deterioration
P0476,Flipkart,Listerine,Oral Care,refund_pct_of_gross,Refund % of Gross,3.7,0.0,-3.7,-100.0,0.1,Improvement
P0476,JioMart,Listerine,Oral Care,refund_pct_of_gross,Refund % of Gross,0.0,0.0,0.0,,0.0,No Change
P0476,Meesho,Listerine,Oral Care,refund_pct_of_gross,Refund % of Gross,0.0,0.0,0.0,,0.0,No Change
P0476,Website,Listerine,Oral Care,refund_pct_of_gross,Refund % of Gross,12.0,13.7,1.7,14.17,0.0,Deterioration
P0488,Amazon,Listerine,Oral Care,refund_pct_of_gross,Refund % of Gross,5.4,3.1,-2.3,-42.59,0.0,Improvement
P0488,Flipkart,Listerine,Oral Care,refund_pct_of_gross,Refund % of Gross,0.0,0.0,0.0,,0.0,No Change
P0488,JioMart,Listerine,Oral Care,refund_pct_of_gross,Refund % of Gross,0.0,0.0,0.0,,0.0,No Change
P0488,Meesho,Listerine,Oral Care,refund_pct_of_gross,Refund % of Gross,0.0,18.4,18.4,,0.4,Deterioration
P0488,Website,Listerine,Oral Care,refund_pct_of_gross,Refund % of Gross,4.1,10.6,6.5,158.54,0.1,Deterioration
P0528,Amazon,NEXCARE,Skin Care,refund_pct_of_gross,Refund % of Gross,3.8,6.4,2.6,68.42,0.1,Deterioration
P0528,Flipkart,NEXCARE,Skin Care,refund_pct_of_gross,Refund % of Gross,0.0,0.0,0.0,,0.0,No Change
P0528,JioMart,NEXCARE,Skin Care,refund_pct_of_gross,Refund % of Gross,7.8,0.0,-7.8,-100.0,0.2,Improvement
P0528,Meesho,NEXCARE,Skin Care,refund_pct_of_gross,Refund % of Gross,7.6,4.6,-3.0,-39.47,0.1,Improvement
P0528,Website,NEXCARE,Skin Care,refund_pct_of_gross,Refund % of Gross,26.3,12.1,-14.2,-53.99,0.3,Improvement
P0529,Amazon,NEXCARE,Skin Care,refund_pct_of_gross,Refund % of Gross,0.0,2.0,2.0,,0.0,Deterioration
P0529,Flipkart,NEXCARE,Skin Care,refund_pct_of_gross,Refund % of Gross,3.9,7.6,3.7,94.87,0.1,Deterioration
P0529,JioMart,NEXCARE,Skin Care,refund_pct_of_gross,Refund % of Gross,0.0,0.0,0.0,,0.0,No Change
P0529,Meesho,NEXCARE,Skin Care,refund_pct_of_gross,Refund % of Gross,0.0,0.0,0.0,,0.0,No Change
P0529,Website,NEXCARE,Skin Care,refund_pct_of_gross,Refund % of Gross,17.9,9.6,-8.3,-46.37,0.2,Improvement
P0531,Amazon,NEXCARE,Skin Care,refund_pct_of_gross,Refund % of Gross,3.5,3.1,-0.4,-11.43,0.0,Improvement
P0531,Flipkart,NEXCARE,Skin Care,refund_pct_of_gross,Refund % of Gross,5.2,8.6,3.4,65.38,0.1,Deterioration
P0531,JioMart,NEXCARE,Skin Care,refund_pct_of_gross,Refund % of Gross,0.0,17.9,17.9,,0.4,Deterioration
P0531,Meesho,NEXCARE,Skin Care,refund_pct_of_gross,Refund % of Gross,9.6,21.9,12.3,128.12,0.2,Deterioration
P0531,Website,NEXCARE,Skin Care,refund_pct_of_gross,Refund % of Gross,15.8,0.0,-15.8,-100.0,0.3,Improvement
P0534,Amazon,Nexcare,Skin Care,refund_pct_of_gross,Refund % of Gross,4.5,9.3,4.8,106.67,0.1,Deterioration
P0534,Flipkart,Nexcare,Skin Care,refund_pct_of_gross,Refund % of Gross,6.7,6.0,-0.7,-10.45,0.0,Improvement
P0534,JioMart,Nexcare,Skin Care,refund_pct_of_gross,Refund % of Gross,0.0,29.2,29.2,,0.6,Deterioration
P0534,Meesho,Nexcare,Skin Care,refund_pct_of_gross,Refund % of Gross,0.0,4.6,4.6,,0.1,Deterioration
P0534,Website,Nexcare,Skin Care,refund_pct_of_gross,Refund % of Gross,8.3,0.0,-8.3,-100.0,0.2,Improvement
P0536,Amazon,NOVOLIFE,Health & Wellness,refund_pct_of_gross,Refund % of Gross,8.4,2.5,-5.9,-70.24,0.1,Improvement
P0536,Flipkart,NOVOLIFE,Health & Wellness,refund_pct_of_gross,Refund % of Gross,4.4,0.0,-4.4,-100.0,0.1,Improvement
P0536,JioMart,NOVOLIFE,Health & Wellness,refund_pct_of_gross,Refund % of Gross,6.3,0.0,-6.3,-100.0,0.1,Improvement
P0536,Meesho,NOVOLIFE,Health & Wellness,refund_pct_of_gross,Refund % of Gross,0.0,25.0,25.0,,0.5,Deterioration
P0536,Website,NOVOLIFE,Health & Wellness,refund_pct_of_gross,Refund % of Gross,8.2,0.0,-8.2,-100.0,0.2,Improvement
P0543,Amazon,Ora2,Oral Care,refund_pct_of_gross,Refund % of Gross,3.1,2.2,-0.9,-29.03,0.0,Improvement
P0543,Flipkart,Ora2,Oral Care,refund_pct_of_gross,Refund % of Gross,0.0,18.7,18.7,,0.4,Deterioration
P0543,JioMart,Ora2,Oral Care,refund_pct_of_gross,Refund % of Gross,0.0,9.9,9.9,,0.2,Deterioration
P0543,Meesho,Ora2,Oral Care,refund_pct_of_gross,Refund % of Gross,0.0,0.0,0.0,,0.0,No Change
P0543,Website,Ora2,Oral Care,refund_pct_of_gross,Refund % of Gross,8.2,0.0,-8.2,-100.0,0.2,Improvement
P0546,Amazon,Ora2,Oral Care,refund_pct_of_gross,Refund % of Gross,1.6,2.6,1.0,62.5,0.0,Deterioration
P0546,Flipkart,Ora2,Oral Care,refund_pct_of_gross,Refund % of Gross,7.2,0.0,-7.2,-100.0,0.1,Improvement
P0546,JioMart,Ora2,Oral Care,refund_pct_of_gross,Refund % of Gross,0.0,0.0,0.0,,0.0,No Change
P0546,Meesho,Ora2,Oral Care,refund_pct_of_gross,Refund % of Gross,0.0,7.5,7.5,,0.2,Deterioration
P0546,Website,Ora2,Oral Care,refund_pct_of_gross,Refund % of Gross,0.0,15.3,15.3,,0.3,Deterioration
P0547,Amazon,Oral-B,Oral Care,refund_pct_of_gross,Refund % of Gross,5.3,0.0,-5.3,-100.0,0.1,Improvement
P0547,Flipkart,Oral-B,Oral Care,refund_pct_of_gross,Refund % of Gross,9.7,10.6,0.9,9.28,0.0,Deterioration
P0547,JioMart,Oral-B,Oral Care,refund_pct_of_gross,Refund % of Gross,0.0,11.5,11.5,,0.2,Deterioration
P0547,Meesho,Oral-B,Oral Care,refund_pct_of_gross,Refund % of Gross,9.1,0.0,-9.1,-100.0,0.2,Improvement
P0547,Website,Oral-B,Oral Care,refund_pct_of_gross,Refund % of Gross,19.1,0.0,-19.1,-100.0,0.4,Improvement
P0548,Amazon,Oral-B,Oral Care,refund_pct_of_gross,Refund % of Gross,2.1,0.0,-2.1,-100.0,0.0,Improvement
P0548,Flipkart,Oral-B,Oral Care,refund_pct_of_gross,Refund % of Gross,0.0,0.0,0.0,,0.0,No Change
P0548,JioMart,Oral-B,Oral Care,refund_pct_of_gross,Refund % of Gross,0.0,7.3,7.3,,0.1,Deterioration
P0548,Meesho,Oral-B,Oral Care,refund_pct_of_gross,Refund % of Gross,0.0,4.4,4.4,,0.1,Deterioration
P0548,Website,Oral-B,Oral Care,refund_pct_of_gross,Refund % of Gross,0.0,0.0,0.0,,0.0,No Change
P0553,Amazon,Oral-B,Oral Care,refund_pct_of_gross,Refund % of Gross,4.9,0.0,-4.9,-100.0,0.1,Improvement
P0553,Flipkart,Oral-B,Oral Care,refund_pct_of_gross,Refund % of Gross,3.2,0.0,-3.2,-100.0,0.1,Improvement
P0553,JioMart,Oral-B,Oral Care,refund_pct_of_gross,Refund % of Gross,12.4,0.0,-12.4,-100.0,0.2,Improvement
P0553,Meesho,Oral-B,Oral Care,refund_pct_of_gross,Refund % of Gross,0.0,5.6,5.6,,0.1,Deterioration
P0553,Website,Oral-B,Oral Care,refund_pct_of_gross,Refund % of Gross,0.0,17.7,17.7,,0.4,Deterioration
P0554,Amazon,Oral-B,Oral Care,refund_pct_of_gross,Refund % of Gross,7.9,5.7,-2.2,-27.85,0.0,Improvement
P0554,Flipkart,Oral-B,Oral Care,refund_pct_of_gross,Refund % of Gross,3.6,6.8,3.2,88.89,0.1,Deterioration
P0554,JioMart,Oral-B,Oral Care,refund_pct_of_gross,Refund % of Gross,0.0,0.0,0.0,,0.0,No Change
P0554,Meesho,Oral-B,Oral Care,refund_pct_of_gross,Refund % of Gross,7.5,17.3,9.8,130.67,0.2,Deterioration
P0554,Website,Oral-B,Oral Care,refund_pct_of_gross,Refund % of Gross,0.0,28.7,28.7,,0.6,Deterioration
P0555,Amazon,Oral-B,Oral Care,refund_pct_of_gross,Refund % of Gross,4.0,4.7,0.7,17.5,0.0,Deterioration
P0555,Flipkart,Oral-B,Oral Care,refund_pct_of_gross,Refund % of Gross,4.7,8.1,3.4,72.34,0.1,Deterioration
P0555,JioMart,Oral-B,Oral Care,refund_pct_of_gross,Refund % of Gross,10.7,0.0,-10.7,-100.0,0.2,Improvement
P0555,Meesho,Oral-B,Oral Care,refund_pct_of_gross,Refund % of Gross,0.0,0.0,0.0,,0.0,No Change
P0555,Website,Oral-B,Oral Care,refund_pct_of_gross,Refund % of Gross,0.0,0.0,0.0,,0.0,No Change
P0557,Amazon,Oral-B,Oral Care,refund_pct_of_gross,Refund % of Gross,8.1,0.0,-8.1,-100.0,0.2,Improvement
P0557,Flipkart,Oral-B,Oral Care,refund_pct_of_gross,Refund % of Gross,11.2,9.7,-1.5,-13.39,0.0,Improvement
P0557,JioMart,Oral-B,Oral Care,refund_pct_of_gross,Refund % of Gross,0.0,8.2,8.2,,0.2,Deterioration
P0557,Meesho,Oral-B,Oral Care,refund_pct_of_gross,Refund % of Gross,0.0,30.1,30.1,,0.6,Deterioration
P0557,Website,Oral-B,Oral Care,refund_pct_of_gross,Refund % of Gross,14.6,0.0,-14.6,-100.0,0.3,Improvement
P0562,Amazon,Oral-B,Oral Care,refund_pct_of_gross,Refund % of Gross,6.3,2.2,-4.1,-65.08,0.1,Improvement
P0562,Flipkart,Oral-B,Oral Care,refund_pct_of_gross,Refund % of Gross,0.0,0.0,0.0,,0.0,No Change
P0562,JioMart,Oral-B,Oral Care,refund_pct_of_gross,Refund % of Gross,25.4,0.0,-25.4,-100.0,0.5,Improvement
P0562,Meesho,Oral-B,Oral Care,refund_pct_of_gross,Refund % of Gross,0.0,4.5,4.5,,0.1,Deterioration
P0562,Website,Oral-B,Oral Care,refund_pct_of_gross,Refund % of Gross,0.0,8.3,8.3,,0.2,Deterioration
P0563,Amazon,Oral-B,Oral Care,refund_pct_of_gross,Refund % of Gross,10.3,7.1,-3.2,-31.07,0.1,Improvement
P0563,Flipkart,Oral-B,Oral Care,refund_pct_of_gross,Refund % of Gross,5.1,9.4,4.3,84.31,0.1,Deterioration
P0563,JioMart,Oral-B,Oral Care,refund_pct_of_gross,Refund % of Gross,0.0,0.0,0.0,,0.0,No Change
P0563,Meesho,Oral-B,Oral Care,refund_pct_of_gross,Refund % of Gross,0.0,53.8,53.8,,1.1,Deterioration
P0563,Website,Oral-B,Oral Care,refund_pct_of_gross,Refund % of Gross,16.3,0.0,-16.3,-100.0,0.3,Improvement
P0565,Amazon,Pair,Skin Care,refund_pct_of_gross,Refund % of Gross,0.0,3.2,3.2,,0.1,Deterioration
P0565,Flipkart,Pair,Skin Care,refund_pct_of_gross,Refund % of Gross,8.5,10.7,2.2,25.88,0.0,Deterioration
P0565,JioMart,Pair,Skin Care,refund_pct_of_gross,Refund % of Gross,0.0,0.0,0.0,,0.0,No Change
P0565,Meesho,Pair,Skin Care,refund_pct_of_gross,Refund % of Gross,8.1,11.3,3.2,39.51,0.1,Deterioration
P0565,Website,Pair,Skin Care,refund_pct_of_gross,Refund % of Gross,0.0,0.0,0.0,,0.0,No Change
P0566,Amazon,Pantene,Hair Care,refund_pct_of_gross,Refund % of Gross,7.8,8.5,0.7,8.97,0.0,Deterioration
P0566,Flipkart,Pantene,Hair Care,refund_pct_of_gross,Refund % of Gross,4.5,4.3,-0.2,-4.44,0.0,Improvement
P0566,JioMart,Pantene,Hair Care,refund_pct_of_gross,Refund % of Gross,0.0,0.0,0.0,,0.0,No Change
P0566,Meesho,Pantene,Hair Care,refund_pct_of_gross,Refund % of Gross,5.9,4.4,-1.5,-25.42,0.0,Improvement
P0566,Website,Pantene,Hair Care,refund_pct_of_gross,Refund % of Gross,0.0,0.0,0.0,,0.0,No Change
P0573,Amazon,Pantene,Hair Care,refund_pct_of_gross,Refund % of Gross,8.3,0.0,-8.3,-100.0,0.2,Improvement
P0573,Flipkart,Pantene,Hair Care,refund_pct_of_gross,Refund % of Gross,0.0,0.0,0.0,,0.0,No Change
P0573,JioMart,Pantene,Hair Care,refund_pct_of_gross,Refund % of Gross,0.0,0.0,0.0,,0.0,No Change
P0573,Meesho,Pantene,Hair Care,refund_pct_of_gross,Refund % of Gross,0.0,0.0,0.0,,0.0,No Change
P0573,Website,Pantene,Hair Care,refund_pct_of_gross,Refund % of Gross,0.0,0.0,0.0,,0.0,No Change
P0581,Amazon,Pantene,Hair Care,refund_pct_of_gross,Refund % of Gross,6.1,1.7,-4.4,-72.13,0.1,Improvement
P0581,Flipkart,Pantene,Hair Care,refund_pct_of_gross,Refund % of Gross,11.9,0.0,-11.9,-100.0,0.2,Improvement
P0581,JioMart,Pantene,Hair Care,refund_pct_of_gross,Refund % of Gross,0.0,0.0,0.0,,0.0,No Change
P0581,Meesho,Pantene,Hair Care,refund_pct_of_gross,Refund % of Gross,4.3,0.0,-4.3,-100.0,0.1,Improvement
P0581,Website,Pantene,Hair Care,refund_pct_of_gross,Refund % of Gross,34.0,14.5,-19.5,-57.35,0.4,Improvement
P0586,Amazon,Pantene,Hair Care,refund_pct_of_gross,Refund % of Gross,3.8,9.5,5.7,150.0,0.1,Deterioration
P0586,Flipkart,Pantene,Hair Care,refund_pct_of_gross,Refund % of Gross,14.1,13.2,-0.9,-6.38,0.0,Improvement
P0586,JioMart,Pantene,Hair Care,refund_pct_of_gross,Refund % of Gross,15.0,0.0,-15.0,-100.0,0.3,Improvement
P0586,Meesho,Pantene,Hair Care,refund_pct_of_gross,Refund % of Gross,0.0,0.0,0.0,,0.0,No Change
P0586,Website,Pantene,Hair Care,refund_pct_of_gross,Refund % of Gross,0.0,0.0,0.0,,0.0,No Change
P0590,Amazon,Pantene,Hair Care,refund_pct_of_gross,Refund % of Gross,0.0,7.8,7.8,,0.2,Deterioration
P0590,Flipkart,Pantene,Hair Care,refund_pct_of_gross,Refund % of Gross,24.2,5.1,-19.1,-78.93,0.4,Improvement
P0590,JioMart,Pantene,Hair Care,refund_pct_of_gross,Refund % of Gross,9.7,0.0,-9.7,-100.0,0.2,Improvement
P0590,Meesho,Pantene,Hair Care,refund_pct_of_gross,Refund % of Gross,0.0,5.7,5.7,,0.1,Deterioration
P0590,Website,Pantene,Hair Care,refund_pct_of_gross,Refund % of Gross,14.3,0.0,-14.3,-100.0,0.3,Improvement
P0594,Amazon,Pantene,Hair Care,refund_pct_of_gross,Refund % of Gross,11.7,6.3,-5.4,-46.15,0.1,Improvement
P0594,Flipkart,Pantene,Hair Care,refund_pct_of_gross,Refund % of Gross,0.0,0.0,0.0,,0.0,No Change
P0594,JioMart,Pantene,Hair Care,refund_pct_of_gross,Refund % of Gross,0.0,16.2,16.2,,0.3,Deterioration
P0594,Meesho,Pantene,Hair Care,refund_pct_of_gross,Refund % of Gross,10.7,0.0,-10.7,-100.0,0.2,Improvement
P0594,Website,Pantene,Hair Care,refund_pct_of_gross,Refund % of Gross,4.6,0.0,-4.6,-100.0,0.1,Improvement
P0595,Amazon,Pantene,Hair Care,refund_pct_of_gross,Refund % of Gross,1.9,4.0,2.1,110.53,0.0,Deterioration
P0595,Flipkart,Pantene,Hair Care,refund_pct_of_gross,Refund % of Gross,4.5,32.1,27.6,613.33,0.6,Deterioration
P0595,JioMart,Pantene,Hair Care,refund_pct_of_gross,Refund % of Gross,7.0,0.0,-7.0,-100.0,0.1,Improvement
P0595,Meesho,Pantene,Hair Care,refund_pct_of_gross,Refund % of Gross,14.3,12.5,-1.8,-12.59,0.0,Improvement
P0595,Website,Pantene,Hair Care,refund_pct_of_gross,Refund % of Gross,19.5,0.0,-19.5,-100.0,0.4,Improvement
P0598,Amazon,Pantene,Hair Care,refund_pct_of_gross,Refund % of Gross,6.8,2.7,-4.1,-60.29,0.1,Improvement
P0598,Flipkart,Pantene,Hair Care,refund_pct_of_gross,Refund % of Gross,20.6,0.0,-20.6,-100.0,0.4,Improvement
P0598,JioMart,Pantene,Hair Care,refund_pct_of_gross,Refund % of Gross,0.0,0.0,0.0,,0.0,No Change
P0598,Meesho,Pantene,Hair Care,refund_pct_of_gross,Refund % of Gross,0.0,0.0,0.0,,0.0,No Change
P0598,Website,Pantene,Hair Care,refund_pct_of_gross,Refund % of Gross,0.0,0.0,0.0,,0.0,No Change
P0602,Amazon,Pantene,Hair Care,refund_pct_of_gross,Refund % of Gross,7.1,2.3,-4.8,-67.61,0.1,Improvement
P0602,Flipkart,Pantene,Hair Care,refund_pct_of_gross,Refund % of Gross,0.0,13.2,13.2,,0.3,Deterioration
P0602,JioMart,Pantene,Hair Care,refund_pct_of_gross,Refund % of Gross,0.0,0.0,0.0,,0.0,No Change
P0602,Meesho,Pantene,Hair Care,refund_pct_of_gross,Refund % of Gross,5.4,0.0,-5.4,-100.0,0.1,Improvement
P0602,Website,Pantene,Hair Care,refund_pct_of_gross,Refund % of Gross,0.0,0.0,0.0,,0.0,No Change
P0604,Amazon,Pantene,Hair Care,refund_pct_of_gross,Refund % of Gross,2.0,12.6,10.6,530.0,0.2,Deterioration
P0604,Flipkart,Pantene,Hair Care,refund_pct_of_gross,Refund % of Gross,0.0,3.9,3.9,,0.1,Deterioration
P0604,JioMart,Pantene,Hair Care,refund_pct_of_gross,Refund % of Gross,0.0,0.0,0.0,,0.0,No Change
P0604,Meesho,Pantene,Hair Care,refund_pct_of_gross,Refund % of Gross,10.6,6.9,-3.7,-34.91,0.1,Improvement
P0604,Website,Pantene,Hair Care,refund_pct_of_gross,Refund % of Gross,6.3,0.0,-6.3,-100.0,0.1,Improvement
P0605,Amazon,Pantene,Hair Care,refund_pct_of_gross,Refund % of Gross,2.9,7.8,4.9,168.97,0.1,Deterioration
P0605,Flipkart,Pantene,Hair Care,refund_pct_of_gross,Refund % of Gross,13.9,3.7,-10.2,-73.38,0.2,Improvement
P0605,JioMart,Pantene,Hair Care,refund_pct_of_gross,Refund % of Gross,0.0,0.0,0.0,,0.0,No Change
P0605,Meesho,Pantene,Hair Care,refund_pct_of_gross,Refund % of Gross,0.0,0.0,0.0,,0.0,No Change
P0605,Website,Pantene,Hair Care,refund_pct_of_gross,Refund % of Gross,0.0,0.0,0.0,,0.0,No Change
P0609,Amazon,Pantene,Hair Care,refund_pct_of_gross,Refund % of Gross,2.6,0.0,-2.6,-100.0,0.1,Improvement
P0609,Flipkart,Pantene,Hair Care,refund_pct_of_gross,Refund % of Gross,0.0,7.6,7.6,,0.2,Deterioration
P0609,JioMart,Pantene,Hair Care,refund_pct_of_gross,Refund % of Gross,0.0,0.0,0.0,,0.0,No Change
P0609,Meesho,Pantene,Hair Care,refund_pct_of_gross,Refund % of Gross,0.0,5.7,5.7,,0.1,Deterioration
P0609,Website,Pantene,Hair Care,refund_pct_of_gross,Refund % of Gross,0.0,24.1,24.1,,0.5,Deterioration
P0610,Amazon,Pantene,Hair Care,refund_pct_of_gross,Refund % of Gross,3.6,5.9,2.3,63.89,0.0,Deterioration
P0610,Flipkart,Pantene,Hair Care,refund_pct_of_gross,Refund % of Gross,9.8,5.5,-4.3,-43.88,0.1,Improvement
P0610,JioMart,Pantene,Hair Care,refund_pct_of_gross,Refund % of Gross,8.3,0.0,-8.3,-100.0,0.2,Improvement
P0610,Meesho,Pantene,Hair Care,refund_pct_of_gross,Refund % of Gross,4.2,0.0,-4.2,-100.0,0.1,Improvement
P0610,Website,Pantene,Hair Care,refund_pct_of_gross,Refund % of Gross,0.0,0.0,0.0,,0.0,No Change
P0617,Amazon,Pantene,Hair Care,refund_pct_of_gross,Refund % of Gross,11.9,4.7,-7.2,-60.5,0.1,Improvement
P0617,Flipkart,Pantene,Hair Care,refund_pct_of_gross,Refund % of Gross,5.5,6.0,0.5,9.09,0.0,Deterioration
P0617,JioMart,Pantene,Hair Care,refund_pct_of_gross,Refund % of Gross,13.5,0.0,-13.5,-100.0,0.3,Improvement
P0617,Meesho,Pantene,Hair Care,refund_pct_of_gross,Refund % of Gross,7.1,0.0,-7.1,-100.0,0.1,Improvement
P0617,Website,Pantene,Hair Care,refund_pct_of_gross,Refund % of Gross,0.0,9.7,9.7,,0.2,Deterioration
P0679,Amazon,Poy Sian,Health & Wellness,refund_pct_of_gross,Refund % of Gross,2.7,2.3,-0.4,-14.81,0.0,Improvement
P0679,Flipkart,Poy Sian,Health & Wellness,refund_pct_of_gross,Refund % of Gross,0.0,6.7,6.7,,0.1,Deterioration
P0679,JioMart,Poy Sian,Health & Wellness,refund_pct_of_gross,Refund % of Gross,0.0,0.0,0.0,,0.0,No Change
P0679,Meesho,Poy Sian,Health & Wellness,refund_pct_of_gross,Refund % of Gross,0.0,0.0,0.0,,0.0,No Change
P0679,Website,Poy Sian,Health & Wellness,refund_pct_of_gross,Refund % of Gross,0.0,15.1,15.1,,0.3,Deterioration
P0690,Amazon,Protex,Body Care,refund_pct_of_gross,Refund % of Gross,2.4,5.5,3.1,129.17,0.1,Deterioration
P0690,Flipkart,Protex,Body Care,refund_pct_of_gross,Refund % of Gross,0.0,7.9,7.9,,0.2,Deterioration
P0690,JioMart,Protex,Body Care,refund_pct_of_gross,Refund % of Gross,0.0,0.0,0.0,,0.0,No Change
P0690,Meesho,Protex,Body Care,refund_pct_of_gross,Refund % of Gross,0.0,10.7,10.7,,0.2,Deterioration
P0690,Website,Protex,Body Care,refund_pct_of_gross,Refund % of Gross,0.0,25.0,25.0,,0.5,Deterioration
P0705,Amazon,Protex,Body Care,refund_pct_of_gross,Refund % of Gross,7.9,0.0,-7.9,-100.0,0.2,Improvement
P0705,Flipkart,Protex,Body Care,refund_pct_of_gross,Refund % of Gross,4.5,0.0,-4.5,-100.0,0.1,Improvement
P0705,JioMart,Protex,Body Care,refund_pct_of_gross,Refund % of Gross,0.0,0.0,0.0,,0.0,No Change
P0705,Meesho,Protex,Body Care,refund_pct_of_gross,Refund % of Gross,0.0,6.5,6.5,,0.1,Deterioration
P0705,Website,Protex,Body Care,refund_pct_of_gross,Refund % of Gross,0.0,0.0,0.0,,0.0,No Change
P0706,Amazon,Protex,Body Care,refund_pct_of_gross,Refund % of Gross,3.4,0.0,-3.4,-100.0,0.1,Improvement
P0706,Flipkart,Protex,Body Care,refund_pct_of_gross,Refund % of Gross,0.0,10.5,10.5,,0.2,Deterioration
P0706,JioMart,Protex,Body Care,refund_pct_of_gross,Refund % of Gross,42.4,0.0,-42.4,-100.0,0.9,Improvement
P0706,Meesho,Protex,Body Care,refund_pct_of_gross,Refund % of Gross,4.2,6.1,1.9,45.24,0.0,Deterioration
P0706,Website,Protex,Body Care,refund_pct_of_gross,Refund % of Gross,0.0,0.0,0.0,,0.0,No Change
P0720,Amazon,Protex,Body Care,refund_pct_of_gross,Refund % of Gross,0.0,0.0,0.0,,0.0,No Change
P0720,Flipkart,Protex,Body Care,refund_pct_of_gross,Refund % of Gross,0.0,5.2,5.2,,0.1,Deterioration
P0720,JioMart,Protex,Body Care,refund_pct_of_gross,Refund % of Gross,0.0,0.0,0.0,,0.0,No Change
P0720,Meesho,Protex,Body Care,refund_pct_of_gross,Refund % of Gross,13.8,5.1,-8.7,-63.04,0.2,Improvement
P0720,Website,Protex,Body Care,refund_pct_of_gross,Refund % of Gross,0.0,0.0,0.0,,0.0,No Change
P0744,Amazon,Rexona,Body Care,refund_pct_of_gross,Refund % of Gross,1.8,3.6,1.8,100.0,0.0,Deterioration
P0744,Flipkart,Rexona,Body Care,refund_pct_of_gross,Refund % of Gross,0.0,0.0,0.0,,0.0,No Change
P0744,JioMart,Rexona,Body Care,refund_pct_of_gross,Refund % of Gross,0.0,7.8,7.8,,0.2,Deterioration
P0744,Meesho,Rexona,Body Care,refund_pct_of_gross,Refund % of Gross,0.0,0.0,0.0,,0.0,No Change
P0744,Website,Rexona,Body Care,refund_pct_of_gross,Refund % of Gross,0.0,0.0,0.0,,0.0,No Change
P0747,Amazon,Rexona,Body Care,refund_pct_of_gross,Refund % of Gross,0.0,6.4,6.4,,0.1,Deterioration
P0747,Flipkart,Rexona,Body Care,refund_pct_of_gross,Refund % of Gross,0.0,0.0,0.0,,0.0,No Change
P0747,JioMart,Rexona,Body Care,refund_pct_of_gross,Refund % of Gross,4.6,17.4,12.8,278.26,0.3,Deterioration
P0747,Meesho,Rexona,Body Care,refund_pct_of_gross,Refund % of Gross,7.1,8.1,1.0,14.08,0.0,Deterioration
P0747,Website,Rexona,Body Care,refund_pct_of_gross,Refund % of Gross,0.0,0.0,0.0,,0.0,No Change
P0753,Amazon,Rexona,Body Care,refund_pct_of_gross,Refund % of Gross,3.5,2.9,-0.6,-17.14,0.0,Improvement
P0753,Flipkart,Rexona,Body Care,refund_pct_of_gross,Refund % of Gross,26.1,4.1,-22.0,-84.29,0.4,Improvement
P0753,JioMart,Rexona,Body Care,refund_pct_of_gross,Refund % of Gross,0.0,8.0,8.0,,0.2,Deterioration
P0753,Meesho,Rexona,Body Care,refund_pct_of_gross,Refund % of Gross,0.0,5.4,5.4,,0.1,Deterioration
P0753,Website,Rexona,Body Care,refund_pct_of_gross,Refund % of Gross,6.3,0.0,-6.3,-100.0,0.1,Improvement
P0758,Amazon,Sasi,Lip,refund_pct_of_gross,Refund % of Gross,1.4,0.0,-1.4,-100.0,0.0,Improvement
P0758,Flipkart,Sasi,Lip,refund_pct_of_gross,Refund % of Gross,5.0,0.0,-5.0,-100.0,0.1,Improvement
P0758,JioMart,Sasi,Lip,refund_pct_of_gross,Refund % of Gross,0.0,0.0,0.0,,0.0,No Change
P0758,Meesho,Sasi,Lip,refund_pct_of_gross,Refund % of Gross,2.6,27.2,24.6,946.15,0.5,Deterioration
P0758,Website,Sasi,Lip,refund_pct_of_gross,Refund % of Gross,0.0,9.8,9.8,,0.2,Deterioration
P0763,Amazon,Sasi,Lip,refund_pct_of_gross,Refund % of Gross,3.4,8.2,4.8,141.18,0.1,Deterioration
P0763,Flipkart,Sasi,Lip,refund_pct_of_gross,Refund % of Gross,0.0,0.0,0.0,,0.0,No Change
P0763,JioMart,Sasi,Lip,refund_pct_of_gross,Refund % of Gross,0.0,0.0,0.0,,0.0,No Change
P0763,Meesho,Sasi,Lip,refund_pct_of_gross,Refund % of Gross,9.3,0.0,-9.3,-100.0,0.2,Improvement
P0763,Website,Sasi,Lip,refund_pct_of_gross,Refund % of Gross,7.9,0.0,-7.9,-100.0,0.2,Improvement
P0770,Amazon,Sasi,Skin Care,refund_pct_of_gross,Refund % of Gross,2.8,7.8,5.0,178.57,0.1,Deterioration
P0770,Flipkart,Sasi,Skin Care,refund_pct_of_gross,Refund % of Gross,0.0,0.0,0.0,,0.0,No Change
P0770,JioMart,Sasi,Skin Care,refund_pct_of_gross,Refund % of Gross,0.0,0.0,0.0,,0.0,No Change
P0770,Meesho,Sasi,Skin Care,refund_pct_of_gross,Refund % of Gross,0.0,0.0,0.0,,0.0,No Change
P0770,Website,Sasi,Skin Care,refund_pct_of_gross,Refund % of Gross,0.0,7.5,7.5,,0.2,Deterioration
P0777,Amazon,Senka,Skin Care,refund_pct_of_gross,Refund % of Gross,0.0,9.6,9.6,,0.2,Deterioration
P0777,Flipkart,Senka,Skin Care,refund_pct_of_gross,Refund % of Gross,3.6,0.0,-3.6,-100.0,0.1,Improvement
P0777,JioMart,Senka,Skin Care,refund_pct_of_gross,Refund % of Gross,0.0,0.0,0.0,,0.0,No Change
P0777,Meesho,Senka,Skin Care,refund_pct_of_gross,Refund % of Gross,9.8,15.0,5.2,53.06,0.1,Deterioration
P0777,Website,Senka,Skin Care,refund_pct_of_gross,Refund % of Gross,11.9,0.0,-11.9,-100.0,0.2,Improvement
P0780,Amazon,Senka,Skin Care,refund_pct_of_gross,Refund % of Gross,2.5,5.2,2.7,108.0,0.1,Deterioration
P0780,Flipkart,Senka,Skin Care,refund_pct_of_gross,Refund % of Gross,36.5,0.0,-36.5,-100.0,0.7,Improvement
P0780,JioMart,Senka,Skin Care,refund_pct_of_gross,Refund % of Gross,10.2,7.9,-2.3,-22.55,0.0,Improvement
P0780,Meesho,Senka,Skin Care,refund_pct_of_gross,Refund % of Gross,10.7,0.0,-10.7,-100.0,0.2,Improvement
P0780,Website,Senka,Skin Care,refund_pct_of_gross,Refund % of Gross,0.0,0.0,0.0,,0.0,No Change
P0781,Amazon,Senka,Skin Care,refund_pct_of_gross,Refund % of Gross,1.2,1.2,0.0,0.0,0.0,No Change
P0781,Flipkart,Senka,Skin Care,refund_pct_of_gross,Refund % of Gross,2.9,10.4,7.5,258.62,0.2,Deterioration
P0781,JioMart,Senka,Skin Care,refund_pct_of_gross,Refund % of Gross,0.0,0.0,0.0,,0.0,No Change
P0781,Meesho,Senka,Skin Care,refund_pct_of_gross,Refund % of Gross,0.0,20.0,20.0,,0.4,Deterioration
P0781,Website,Senka,Skin Care,refund_pct_of_gross,Refund % of Gross,6.3,5.0,-1.3,-20.63,0.0,Improvement
P0783,Amazon,Senka,Skin Care,refund_pct_of_gross,Refund % of Gross,8.6,9.5,0.9,10.47,0.0,Deterioration
P0783,Flipkart,Senka,Skin Care,refund_pct_of_gross,Refund % of Gross,0.0,0.0,0.0,,0.0,No Change
P0783,JioMart,Senka,Skin Care,refund_pct_of_gross,Refund % of Gross,0.0,14.8,14.8,,0.3,Deterioration
P0783,Meesho,Senka,Skin Care,refund_pct_of_gross,Refund % of Gross,0.0,5.1,5.1,,0.1,Deterioration
P0783,Website,Senka,Skin Care,refund_pct_of_gross,Refund % of Gross,0.0,19.1,19.1,,0.4,Deterioration
P0795,Amazon,Senka,Skin Care,refund_pct_of_gross,Refund % of Gross,6.7,4.7,-2.0,-29.85,0.0,Improvement
P0795,Flipkart,Senka,Skin Care,refund_pct_of_gross,Refund % of Gross,12.5,0.0,-12.5,-100.0,0.3,Improvement
P0795,JioMart,Senka,Skin Care,refund_pct_of_gross,Refund % of Gross,14.1,0.0,-14.1,-100.0,0.3,Improvement
P0795,Meesho,Senka,Skin Care,refund_pct_of_gross,Refund % of Gross,0.0,3.7,3.7,,0.1,Deterioration
P0795,Website,Senka,Skin Care,refund_pct_of_gross,Refund % of Gross,0.0,0.0,0.0,,0.0,No Change
P0797,Amazon,Sensodyne,Oral Care,refund_pct_of_gross,Refund % of Gross,22.6,0.0,-22.6,-100.0,0.5,Improvement
P0797,Flipkart,Sensodyne,Oral Care,refund_pct_of_gross,Refund % of Gross,0.0,0.0,0.0,,0.0,No Change
P0797,JioMart,Sensodyne,Oral Care,refund_pct_of_gross,Refund % of Gross,6.0,34.8,28.8,480.0,0.6,Deterioration
P0797,Meesho,Sensodyne,Oral Care,refund_pct_of_gross,Refund % of Gross,0.0,5.3,5.3,,0.1,Deterioration
P0797,Website,Sensodyne,Oral Care,refund_pct_of_gross,Refund % of Gross,0.0,0.0,0.0,,0.0,No Change
P0813,Amazon,Sensodyne,Oral Care,refund_pct_of_gross,Refund % of Gross,5.7,4.2,-1.5,-26.32,0.0,Improvement
P0813,Flipkart,Sensodyne,Oral Care,refund_pct_of_gross,Refund % of Gross,0.0,0.0,0.0,,0.0,No Change
P0813,JioMart,Sensodyne,Oral Care,refund_pct_of_gross,Refund % of Gross,11.3,0.0,-11.3,-100.0,0.2,Improvement
P0813,Meesho,Sensodyne,Oral Care,refund_pct_of_gross,Refund % of Gross,8.4,0.0,-8.4,-100.0,0.2,Improvement
P0813,Website,Sensodyne,Oral Care,refund_pct_of_gross,Refund % of Gross,0.0,9.3,9.3,,0.2,Deterioration
P0840,Amazon,SHIVAMAX,Home & Kitchen,refund_pct_of_gross,Refund % of Gross,7.8,1.5,-6.3,-80.77,0.1,Improvement
P0840,Flipkart,SHIVAMAX,Home & Kitchen,refund_pct_of_gross,Refund % of Gross,16.8,4.1,-12.7,-75.6,0.3,Improvement
P0840,JioMart,SHIVAMAX,Home & Kitchen,refund_pct_of_gross,Refund % of Gross,11.1,19.7,8.6,77.48,0.2,Deterioration
P0840,Meesho,SHIVAMAX,Home & Kitchen,refund_pct_of_gross,Refund % of Gross,0.0,5.9,5.9,,0.1,Deterioration
P0840,Website,SHIVAMAX,Home & Kitchen,refund_pct_of_gross,Refund % of Gross,0.0,16.3,16.3,,0.3,Deterioration
P0868,Amazon,SHIVAMAX,Home & Kitchen,refund_pct_of_gross,Refund % of Gross,11.4,6.1,-5.3,-46.49,0.1,Improvement
P0868,Flipkart,SHIVAMAX,Home & Kitchen,refund_pct_of_gross,Refund % of Gross,0.0,0.0,0.0,,0.0,No Change
P0868,JioMart,SHIVAMAX,Home & Kitchen,refund_pct_of_gross,Refund % of Gross,29.0,0.0,-29.0,-100.0,0.6,Improvement
P0868,Meesho,SHIVAMAX,Home & Kitchen,refund_pct_of_gross,Refund % of Gross,0.0,16.5,16.5,,0.3,Deterioration
P0868,Website,SHIVAMAX,Home & Kitchen,refund_pct_of_gross,Refund % of Gross,0.0,12.3,12.3,,0.2,Deterioration
P0889,Amazon,SHIVAMAX,Health & Wellness,refund_pct_of_gross,Refund % of Gross,11.0,2.1,-8.9,-80.91,0.2,Improvement
P0889,Flipkart,SHIVAMAX,Health & Wellness,refund_pct_of_gross,Refund % of Gross,6.3,7.0,0.7,11.11,0.0,Deterioration
P0889,JioMart,SHIVAMAX,Health & Wellness,refund_pct_of_gross,Refund % of Gross,0.0,0.0,0.0,,0.0,No Change
P0889,Meesho,SHIVAMAX,Health & Wellness,refund_pct_of_gross,Refund % of Gross,0.0,0.0,0.0,,0.0,No Change
P0889,Website,SHIVAMAX,Health & Wellness,refund_pct_of_gross,Refund % of Gross,0.0,0.0,0.0,,0.0,No Change
P0890,Amazon,SHIVAMAX,Health & Wellness,refund_pct_of_gross,Refund % of Gross,1.9,9.1,7.2,378.95,0.1,Deterioration
P0890,Flipkart,SHIVAMAX,Health & Wellness,refund_pct_of_gross,Refund % of Gross,0.0,10.7,10.7,,0.2,Deterioration
P0890,JioMart,SHIVAMAX,Health & Wellness,refund_pct_of_gross,Refund % of Gross,5.6,0.0,-5.6,-100.0,0.1,Improvement
P0890,Meesho,SHIVAMAX,Health & Wellness,refund_pct_of_gross,Refund % of Gross,0.0,0.0,0.0,,0.0,No Change
P0890,Website,SHIVAMAX,Health & Wellness,refund_pct_of_gross,Refund % of Gross,15.2,0.0,-15.2,-100.0,0.3,Improvement
P0906,Amazon,SHIVAMAX,Hair Care,refund_pct_of_gross,Refund % of Gross,3.7,5.4,1.7,45.95,0.0,Deterioration
P0906,Flipkart,SHIVAMAX,Hair Care,refund_pct_of_gross,Refund % of Gross,5.9,0.0,-5.9,-100.0,0.1,Improvement
P0906,JioMart,SHIVAMAX,Hair Care,refund_pct_of_gross,Refund % of Gross,7.9,0.0,-7.9,-100.0,0.2,Improvement
P0906,Meesho,SHIVAMAX,Hair Care,refund_pct_of_gross,Refund % of Gross,7.7,13.7,6.0,77.92,0.1,Deterioration
P0906,Website,SHIVAMAX,Hair Care,refund_pct_of_gross,Refund % of Gross,8.6,23.3,14.7,170.93,0.3,Deterioration
P0915,Amazon,SHIVAMAX,Health & Wellness,refund_pct_of_gross,Refund % of Gross,9.9,7.0,-2.9,-29.29,0.1,Improvement
P0915,Flipkart,SHIVAMAX,Health & Wellness,refund_pct_of_gross,Refund % of Gross,4.1,0.0,-4.1,-100.0,0.1,Improvement
P0915,JioMart,SHIVAMAX,Health & Wellness,refund_pct_of_gross,Refund % of Gross,25.9,5.3,-20.6,-79.54,0.4,Improvement
P0915,Meesho,SHIVAMAX,Health & Wellness,refund_pct_of_gross,Refund % of Gross,18.6,0.0,-18.6,-100.0,0.4,Improvement
P0915,Website,SHIVAMAX,Health & Wellness,refund_pct_of_gross,Refund % of Gross,0.0,0.0,0.0,,0.0,No Change
P0917,Amazon,SHIVAMAX,Home & Kitchen,refund_pct_of_gross,Refund % of Gross,10.3,3.5,-6.8,-66.02,0.1,Improvement
P0917,Flipkart,SHIVAMAX,Home & Kitchen,refund_pct_of_gross,Refund % of Gross,12.1,0.0,-12.1,-100.0,0.2,Improvement
P0917,JioMart,SHIVAMAX,Home & Kitchen,refund_pct_of_gross,Refund % of Gross,0.0,0.0,0.0,,0.0,No Change
P0917,Meesho,SHIVAMAX,Home & Kitchen,refund_pct_of_gross,Refund % of Gross,12.7,12.4,-0.3,-2.36,0.0,Improvement
P0917,Website,SHIVAMAX,Home & Kitchen,refund_pct_of_gross,Refund % of Gross,5.6,0.0,-5.6,-100.0,0.1,Improvement
P0922,Amazon,SHIVAMAX,Hair Care,refund_pct_of_gross,Refund % of Gross,11.9,3.0,-8.9,-74.79,0.2,Improvement
P0922,Flipkart,SHIVAMAX,Hair Care,refund_pct_of_gross,Refund % of Gross,0.0,0.0,0.0,,0.0,No Change
P0922,JioMart,SHIVAMAX,Hair Care,refund_pct_of_gross,Refund % of Gross,0.0,0.0,0.0,,0.0,No Change
P0922,Meesho,SHIVAMAX,Hair Care,refund_pct_of_gross,Refund % of Gross,19.0,9.7,-9.3,-48.95,0.2,Improvement
P0922,Website,SHIVAMAX,Hair Care,refund_pct_of_gross,Refund % of Gross,0.0,0.0,0.0,,0.0,No Change
P0927,Amazon,SHIVAMAX,Home & Kitchen,refund_pct_of_gross,Refund % of Gross,2.2,3.1,0.9,40.91,0.0,Deterioration
P0927,Flipkart,SHIVAMAX,Home & Kitchen,refund_pct_of_gross,Refund % of Gross,0.0,0.0,0.0,,0.0,No Change
P0927,JioMart,SHIVAMAX,Home & Kitchen,refund_pct_of_gross,Refund % of Gross,0.0,35.8,35.8,,0.7,Deterioration
P0927,Meesho,SHIVAMAX,Home & Kitchen,refund_pct_of_gross,Refund % of Gross,0.0,28.0,28.0,,0.6,Deterioration
P0927,Website,SHIVAMAX,Home & Kitchen,refund_pct_of_gross,Refund % of Gross,0.0,23.4,23.4,,0.5,Deterioration
P0931,Amazon,SHIVAMAX,Electronics & Travel Accessories,refund_pct_of_gross,Refund % of Gross,6.3,2.1,-4.2,-66.67,0.1,Improvement
P0931,Flipkart,SHIVAMAX,Electronics & Travel Accessories,refund_pct_of_gross,Refund % of Gross,3.2,4.2,1.0,31.25,0.0,Deterioration
P0931,JioMart,SHIVAMAX,Electronics & Travel Accessories,refund_pct_of_gross,Refund % of Gross,0.0,4.8,4.8,,0.1,Deterioration
P0931,Meesho,SHIVAMAX,Electronics & Travel Accessories,refund_pct_of_gross,Refund % of Gross,5.1,7.4,2.3,45.1,0.0,Deterioration
P0931,Website,SHIVAMAX,Electronics & Travel Accessories,refund_pct_of_gross,Refund % of Gross,9.4,6.0,-3.4,-36.17,0.1,Improvement
P0932,Amazon,SHIVAMAX,Electronics & Travel Accessories,refund_pct_of_gross,Refund % of Gross,12.5,0.0,-12.5,-100.0,0.3,Improvement
P0932,Flipkart,SHIVAMAX,Electronics & Travel Accessories,refund_pct_of_gross,Refund % of Gross,5.2,4.4,-0.8,-15.38,0.0,Improvement
P0932,JioMart,SHIVAMAX,Electronics & Travel Accessories,refund_pct_of_gross,Refund % of Gross,0.0,0.0,0.0,,0.0,No Change
P0932,Meesho,SHIVAMAX,Electronics & Travel Accessories,refund_pct_of_gross,Refund % of Gross,0.0,0.0,0.0,,0.0,No Change
P0932,Website,SHIVAMAX,Electronics & Travel Accessories,refund_pct_of_gross,Refund % of Gross,0.0,0.0,0.0,,0.0,No Change
P0944,Amazon,SHIVAMAX,Health & Wellness,refund_pct_of_gross,Refund % of Gross,9.4,6.2,-3.2,-34.04,0.1,Improvement
P0944,Flipkart,SHIVAMAX,Health & Wellness,refund_pct_of_gross,Refund % of Gross,0.0,25.5,25.5,,0.5,Deterioration
P0944,JioMart,SHIVAMAX,Health & Wellness,refund_pct_of_gross,Refund % of Gross,0.0,0.0,0.0,,0.0,No Change
P0944,Meesho,SHIVAMAX,Health & Wellness,refund_pct_of_gross,Refund % of Gross,16.5,9.9,-6.6,-40.0,0.1,Improvement
P0944,Website,SHIVAMAX,Health & Wellness,refund_pct_of_gross,Refund % of Gross,0.0,0.0,0.0,,0.0,No Change
P1003,Amazon,Snake Brand,Body Care,refund_pct_of_gross,Refund % of Gross,0.0,0.0,0.0,,0.0,No Change
P1003,Flipkart,Snake Brand,Body Care,refund_pct_of_gross,Refund % of Gross,0.0,0.0,0.0,,0.0,No Change
P1003,JioMart,Snake Brand,Body Care,refund_pct_of_gross,Refund % of Gross,9.0,0.0,-9.0,-100.0,0.2,Improvement
P1003,Meesho,Snake Brand,Body Care,refund_pct_of_gross,Refund % of Gross,13.1,5.5,-7.6,-58.02,0.2,Improvement
P1003,Website,Snake Brand,Body Care,refund_pct_of_gross,Refund % of Gross,0.0,0.0,0.0,,0.0,No Change
P1026,Amazon,Sunsilk,Hair Care,refund_pct_of_gross,Refund % of Gross,2.4,6.2,3.8,158.33,0.1,Deterioration
P1026,Flipkart,Sunsilk,Hair Care,refund_pct_of_gross,Refund % of Gross,0.0,0.0,0.0,,0.0,No Change
P1026,JioMart,Sunsilk,Hair Care,refund_pct_of_gross,Refund % of Gross,0.0,0.0,0.0,,0.0,No Change
P1026,Meesho,Sunsilk,Hair Care,refund_pct_of_gross,Refund % of Gross,0.0,0.0,0.0,,0.0,No Change
P1026,Website,Sunsilk,Hair Care,refund_pct_of_gross,Refund % of Gross,0.0,0.0,0.0,,0.0,No Change
P1029,Amazon,Sunsilk,Hair Care,refund_pct_of_gross,Refund % of Gross,1.8,6.5,4.7,261.11,0.1,Deterioration
P1029,Flipkart,Sunsilk,Hair Care,refund_pct_of_gross,Refund % of Gross,9.4,0.0,-9.4,-100.0,0.2,Improvement
P1029,JioMart,Sunsilk,Hair Care,refund_pct_of_gross,Refund % of Gross,8.9,7.2,-1.7,-19.1,0.0,Improvement
P1029,Meesho,Sunsilk,Hair Care,refund_pct_of_gross,Refund % of Gross,22.4,10.3,-12.1,-54.02,0.2,Improvement
P1029,Website,Sunsilk,Hair Care,refund_pct_of_gross,Refund % of Gross,0.0,0.0,0.0,,0.0,No Change
P1032,Amazon,Sunsilk,Hair Care,refund_pct_of_gross,Refund % of Gross,5.5,0.0,-5.5,-100.0,0.1,Improvement
P1032,Flipkart,Sunsilk,Hair Care,refund_pct_of_gross,Refund % of Gross,5.0,0.0,-5.0,-100.0,0.1,Improvement
P1032,JioMart,Sunsilk,Hair Care,refund_pct_of_gross,Refund % of Gross,0.0,12.4,12.4,,0.2,Deterioration
P1032,Meesho,Sunsilk,Hair Care,refund_pct_of_gross,Refund % of Gross,3.6,13.8,10.2,283.33,0.2,Deterioration
P1032,Website,Sunsilk,Hair Care,refund_pct_of_gross,Refund % of Gross,0.0,0.0,0.0,,0.0,No Change
P1033,Amazon,Sunsilk,Hair Care,refund_pct_of_gross,Refund % of Gross,21.1,0.0,-21.1,-100.0,0.4,Improvement
P1033,Flipkart,Sunsilk,Hair Care,refund_pct_of_gross,Refund % of Gross,16.9,10.1,-6.8,-40.24,0.1,Improvement
P1033,JioMart,Sunsilk,Hair Care,refund_pct_of_gross,Refund % of Gross,7.1,0.0,-7.1,-100.0,0.1,Improvement
P1033,Meesho,Sunsilk,Hair Care,refund_pct_of_gross,Refund % of Gross,0.0,0.0,0.0,,0.0,No Change
P1033,Website,Sunsilk,Hair Care,refund_pct_of_gross,Refund % of Gross,0.0,0.0,0.0,,0.0,No Change
P1035,Amazon,Sunsilk,Hair Care,refund_pct_of_gross,Refund % of Gross,1.9,0.0,-1.9,-100.0,0.0,Improvement
P1035,Flipkart,Sunsilk,Hair Care,refund_pct_of_gross,Refund % of Gross,9.6,14.0,4.4,45.83,0.1,Deterioration
P1035,JioMart,Sunsilk,Hair Care,refund_pct_of_gross,Refund % of Gross,0.0,0.0,0.0,,0.0,No Change
P1035,Meesho,Sunsilk,Hair Care,refund_pct_of_gross,Refund % of Gross,6.7,0.0,-6.7,-100.0,0.1,Improvement
P1035,Website,Sunsilk,Hair Care,refund_pct_of_gross,Refund % of Gross,9.8,0.0,-9.8,-100.0,0.2,Improvement
P1038,Amazon,Sunsilk,Hair Care,refund_pct_of_gross,Refund % of Gross,0.0,10.3,10.3,,0.2,Deterioration
P1038,Flipkart,Sunsilk,Hair Care,refund_pct_of_gross,Refund % of Gross,3.6,4.6,1.0,27.78,0.0,Deterioration
P1038,JioMart,Sunsilk,Hair Care,refund_pct_of_gross,Refund % of Gross,11.3,0.0,-11.3,-100.0,0.2,Improvement
P1038,Meesho,Sunsilk,Hair Care,refund_pct_of_gross,Refund % of Gross,11.6,14.7,3.1,26.72,0.1,Deterioration
P1038,Website,Sunsilk,Hair Care,refund_pct_of_gross,Refund % of Gross,21.7,0.0,-21.7,-100.0,0.4,Improvement
P1039,Amazon,Sunsilk,Hair Care,refund_pct_of_gross,Refund % of Gross,3.0,7.2,4.2,140.0,0.1,Deterioration
P1039,Flipkart,Sunsilk,Hair Care,refund_pct_of_gross,Refund % of Gross,0.0,14.6,14.6,,0.3,Deterioration
P1039,JioMart,Sunsilk,Hair Care,refund_pct_of_gross,Refund % of Gross,0.0,0.0,0.0,,0.0,No Change
P1039,Meesho,Sunsilk,Hair Care,refund_pct_of_gross,Refund % of Gross,0.0,0.0,0.0,,0.0,No Change
P1039,Website,Sunsilk,Hair Care,refund_pct_of_gross,Refund % of Gross,28.8,0.0,-28.8,-100.0,0.6,Improvement
P1041,Amazon,Sunsilk,Hair Care,refund_pct_of_gross,Refund % of Gross,4.9,0.0,-4.9,-100.0,0.1,Improvement
P1041,Flipkart,Sunsilk,Hair Care,refund_pct_of_gross,Refund % of Gross,9.7,0.0,-9.7,-100.0,0.2,Improvement
P1041,JioMart,Sunsilk,Hair Care,refund_pct_of_gross,Refund % of Gross,0.0,9.7,9.7,,0.2,Deterioration
P1041,Meesho,Sunsilk,Hair Care,refund_pct_of_gross,Refund % of Gross,0.0,32.4,32.4,,0.7,Deterioration
P1041,Website,Sunsilk,Hair Care,refund_pct_of_gross,Refund % of Gross,0.0,0.0,0.0,,0.0,No Change
P1042,Amazon,Sunsilk,Hair Care,refund_pct_of_gross,Refund % of Gross,18.6,0.0,-18.6,-100.0,0.4,Improvement
P1042,Flipkart,Sunsilk,Hair Care,refund_pct_of_gross,Refund % of Gross,5.0,0.0,-5.0,-100.0,0.1,Improvement
P1042,JioMart,Sunsilk,Hair Care,refund_pct_of_gross,Refund % of Gross,23.1,21.7,-1.4,-6.06,0.0,Improvement
P1042,Meesho,Sunsilk,Hair Care,refund_pct_of_gross,Refund % of Gross,0.0,5.9,5.9,,0.1,Deterioration
P1042,Website,Sunsilk,Hair Care,refund_pct_of_gross,Refund % of Gross,0.0,10.9,10.9,,0.2,Deterioration
P1043,Amazon,Sunsilk,Hair Care,refund_pct_of_gross,Refund % of Gross,2.8,4.4,1.6,57.14,0.0,Deterioration
P1043,Flipkart,Sunsilk,Hair Care,refund_pct_of_gross,Refund % of Gross,0.0,0.0,0.0,,0.0,No Change
P1043,JioMart,Sunsilk,Hair Care,refund_pct_of_gross,Refund % of Gross,0.0,0.0,0.0,,0.0,No Change
P1043,Meesho,Sunsilk,Hair Care,refund_pct_of_gross,Refund % of Gross,15.4,8.5,-6.9,-44.81,0.1,Improvement
P1043,Website,Sunsilk,Hair Care,refund_pct_of_gross,Refund % of Gross,24.8,8.4,-16.4,-66.13,0.3,Improvement
P1044,Amazon,Sunsilk,Hair Care,refund_pct_of_gross,Refund % of Gross,9.2,2.4,-6.8,-73.91,0.1,Improvement
P1044,Flipkart,Sunsilk,Hair Care,refund_pct_of_gross,Refund % of Gross,4.3,0.0,-4.3,-100.0,0.1,Improvement
P1044,JioMart,Sunsilk,Hair Care,refund_pct_of_gross,Refund % of Gross,32.5,0.0,-32.5,-100.0,0.7,Improvement
P1044,Meesho,Sunsilk,Hair Care,refund_pct_of_gross,Refund % of Gross,0.0,20.4,20.4,,0.4,Deterioration
P1044,Website,Sunsilk,Hair Care,refund_pct_of_gross,Refund % of Gross,26.7,0.0,-26.7,-100.0,0.5,Improvement
P1048,Amazon,Sunsilk,Hair Care,refund_pct_of_gross,Refund % of Gross,8.0,4.6,-3.4,-42.5,0.1,Improvement
P1048,Flipkart,Sunsilk,Hair Care,refund_pct_of_gross,Refund % of Gross,0.0,0.0,0.0,,0.0,No Change
P1048,JioMart,Sunsilk,Hair Care,refund_pct_of_gross,Refund % of Gross,0.0,0.0,0.0,,0.0,No Change
P1048,Meesho,Sunsilk,Hair Care,refund_pct_of_gross,Refund % of Gross,0.0,31.3,31.3,,0.6,Deterioration
P1048,Website,Sunsilk,Hair Care,refund_pct_of_gross,Refund % of Gross,0.0,0.0,0.0,,0.0,No Change
P1052,Amazon,Sunsilk,Hair Care,refund_pct_of_gross,Refund % of Gross,0.0,0.0,0.0,,0.0,No Change
P1052,Flipkart,Sunsilk,Hair Care,refund_pct_of_gross,Refund % of Gross,0.0,6.1,6.1,,0.1,Deterioration
P1052,JioMart,Sunsilk,Hair Care,refund_pct_of_gross,Refund % of Gross,0.0,14.5,14.5,,0.3,Deterioration
P1052,Meesho,Sunsilk,Hair Care,refund_pct_of_gross,Refund % of Gross,7.0,7.8,0.8,11.43,0.0,Deterioration
P1052,Website,Sunsilk,Hair Care,refund_pct_of_gross,Refund % of Gross,0.0,0.0,0.0,,0.0,No Change
P1067,Amazon,Tiger Balm,Health & Wellness,refund_pct_of_gross,Refund % of Gross,2.9,5.5,2.6,89.66,0.1,Deterioration
P1067,Flipkart,Tiger Balm,Health & Wellness,refund_pct_of_gross,Refund % of Gross,3.6,10.1,6.5,180.56,0.1,Deterioration
P1067,JioMart,Tiger Balm,Health & Wellness,refund_pct_of_gross,Refund % of Gross,0.0,0.0,0.0,,0.0,No Change
P1067,Meesho,Tiger Balm,Health & Wellness,refund_pct_of_gross,Refund % of Gross,0.0,0.0,0.0,,0.0,No Change
P1067,Website,Tiger Balm,Health & Wellness,refund_pct_of_gross,Refund % of Gross,0.0,0.0,0.0,,0.0,No Change
P1069,Amazon,Tiger Balm,Health & Wellness,refund_pct_of_gross,Refund % of Gross,7.7,4.4,-3.3,-42.86,0.1,Improvement
P1069,Flipkart,Tiger Balm,Health & Wellness,refund_pct_of_gross,Refund % of Gross,7.3,10.5,3.2,43.84,0.1,Deterioration
P1069,JioMart,Tiger Balm,Health & Wellness,refund_pct_of_gross,Refund % of Gross,0.0,0.0,0.0,,0.0,No Change
P1069,Meesho,Tiger Balm,Health & Wellness,refund_pct_of_gross,Refund % of Gross,4.0,17.3,13.3,332.5,0.3,Deterioration
P1069,Website,Tiger Balm,Health & Wellness,refund_pct_of_gross,Refund % of Gross,0.0,0.0,0.0,,0.0,No Change
P1070,Amazon,Tiger Balm,Health & Wellness,refund_pct_of_gross,Refund % of Gross,0.0,2.3,2.3,,0.0,Deterioration
P1070,Flipkart,Tiger Balm,Health & Wellness,refund_pct_of_gross,Refund % of Gross,10.3,7.6,-2.7,-26.21,0.1,Improvement
P1070,JioMart,Tiger Balm,Health & Wellness,refund_pct_of_gross,Refund % of Gross,0.0,12.3,12.3,,0.2,Deterioration
P1070,Meesho,Tiger Balm,Health & Wellness,refund_pct_of_gross,Refund % of Gross,0.0,0.0,0.0,,0.0,No Change
P1070,Website,Tiger Balm,Health & Wellness,refund_pct_of_gross,Refund % of Gross,0.0,0.0,0.0,,0.0,No Change
P1071,Amazon,Tiger Balm,Health & Wellness,refund_pct_of_gross,Refund % of Gross,4.4,2.1,-2.3,-52.27,0.0,Improvement
P1071,Flipkart,Tiger Balm,Health & Wellness,refund_pct_of_gross,Refund % of Gross,0.0,6.9,6.9,,0.1,Deterioration
P1071,JioMart,Tiger Balm,Health & Wellness,refund_pct_of_gross,Refund % of Gross,9.9,0.0,-9.9,-100.0,0.2,Improvement
P1071,Meesho,Tiger Balm,Health & Wellness,refund_pct_of_gross,Refund % of Gross,0.0,0.0,0.0,,0.0,No Change
P1071,Website,Tiger Balm,Health & Wellness,refund_pct_of_gross,Refund % of Gross,0.0,0.0,0.0,,0.0,No Change
P1072,Amazon,Tiger Balm,Health & Wellness,refund_pct_of_gross,Refund % of Gross,2.3,2.6,0.3,13.04,0.0,Deterioration
P1072,Flipkart,Tiger Balm,Health & Wellness,refund_pct_of_gross,Refund % of Gross,21.5,3.9,-17.6,-81.86,0.4,Improvement
P1072,JioMart,Tiger Balm,Health & Wellness,refund_pct_of_gross,Refund % of Gross,0.0,16.4,16.4,,0.3,Deterioration
P1072,Meesho,Tiger Balm,Health & Wellness,refund_pct_of_gross,Refund % of Gross,0.0,19.1,19.1,,0.4,Deterioration
P1072,Website,Tiger Balm,Health & Wellness,refund_pct_of_gross,Refund % of Gross,0.0,20.7,20.7,,0.4,Deterioration
P1075,Amazon,Tresemme,Hair Care,refund_pct_of_gross,Refund % of Gross,2.2,2.6,0.4,18.18,0.0,Deterioration
P1075,Flipkart,Tresemme,Hair Care,refund_pct_of_gross,Refund % of Gross,5.3,0.0,-5.3,-100.0,0.1,Improvement
P1075,JioMart,Tresemme,Hair Care,refund_pct_of_gross,Refund % of Gross,21.5,0.0,-21.5,-100.0,0.4,Improvement
P1075,Meesho,Tresemme,Hair Care,refund_pct_of_gross,Refund % of Gross,4.0,12.2,8.2,205.0,0.2,Deterioration
P1075,Website,Tresemme,Hair Care,refund_pct_of_gross,Refund % of Gross,0.0,0.0,0.0,,0.0,No Change
P1080,Amazon,Tresemme,Hair Care,refund_pct_of_gross,Refund % of Gross,6.1,2.1,-4.0,-65.57,0.1,Improvement
P1080,Flipkart,Tresemme,Hair Care,refund_pct_of_gross,Refund % of Gross,4.9,0.0,-4.9,-100.0,0.1,Improvement
P1080,JioMart,Tresemme,Hair Care,refund_pct_of_gross,Refund % of Gross,0.0,0.0,0.0,,0.0,No Change
P1080,Meesho,Tresemme,Hair Care,refund_pct_of_gross,Refund % of Gross,0.0,0.0,0.0,,0.0,No Change
P1080,Website,Tresemme,Hair Care,refund_pct_of_gross,Refund % of Gross,0.0,7.3,7.3,,0.1,Deterioration
P1085,Amazon,Tresemme,Hair Care,refund_pct_of_gross,Refund % of Gross,9.7,0.0,-9.7,-100.0,0.2,Improvement
P1085,Flipkart,Tresemme,Hair Care,refund_pct_of_gross,Refund % of Gross,0.0,0.0,0.0,,0.0,No Change
P1085,JioMart,Tresemme,Hair Care,refund_pct_of_gross,Refund % of Gross,20.0,0.0,-20.0,-100.0,0.4,Improvement
P1085,Meesho,Tresemme,Hair Care,refund_pct_of_gross,Refund % of Gross,0.0,6.5,6.5,,0.1,Deterioration
P1085,Website,Tresemme,Hair Care,refund_pct_of_gross,Refund % of Gross,47.8,0.0,-47.8,-100.0,1.0,Improvement
P1099,Amazon,Tros,Body Care,refund_pct_of_gross,Refund % of Gross,4.6,9.3,4.7,102.17,0.1,Deterioration
P1099,Flipkart,Tros,Body Care,refund_pct_of_gross,Refund % of Gross,0.0,0.0,0.0,,0.0,No Change
P1099,JioMart,Tros,Body Care,refund_pct_of_gross,Refund % of Gross,0.0,18.9,18.9,,0.4,Deterioration
P1099,Meesho,Tros,Body Care,refund_pct_of_gross,Refund % of Gross,0.0,0.0,0.0,,0.0,No Change
P1099,Website,Tros,Body Care,refund_pct_of_gross,Refund % of Gross,0.0,0.0,0.0,,0.0,No Change
P1100,Amazon,Tros,Body Care,refund_pct_of_gross,Refund % of Gross,7.8,1.8,-6.0,-76.92,0.1,Improvement
P1100,Flipkart,Tros,Body Care,refund_pct_of_gross,Refund % of Gross,10.5,7.1,-3.4,-32.38,0.1,Improvement
P1100,JioMart,Tros,Body Care,refund_pct_of_gross,Refund % of Gross,0.0,0.0,0.0,,0.0,No Change
P1100,Meesho,Tros,Body Care,refund_pct_of_gross,Refund % of Gross,6.8,0.0,-6.8,-100.0,0.1,Improvement
P1100,Website,Tros,Body Care,refund_pct_of_gross,Refund % of Gross,6.8,0.0,-6.8,-100.0,0.1,Improvement
P1105,Amazon,Vaseline,Body Care,refund_pct_of_gross,Refund % of Gross,8.4,1.4,-7.0,-83.33,0.1,Improvement
P1105,Flipkart,Vaseline,Body Care,refund_pct_of_gross,Refund % of Gross,0.0,4.0,4.0,,0.1,Deterioration
P1105,JioMart,Vaseline,Body Care,refund_pct_of_gross,Refund % of Gross,0.0,26.9,26.9,,0.5,Deterioration
P1105,Meesho,Vaseline,Body Care,refund_pct_of_gross,Refund % of Gross,36.6,0.0,-36.6,-100.0,0.7,Improvement
P1105,Website,Vaseline,Body Care,refund_pct_of_gross,Refund % of Gross,0.0,5.5,5.5,,0.1,Deterioration
P1107,Amazon,Vaseline,Body Care,refund_pct_of_gross,Refund % of Gross,5.3,13.6,8.3,156.6,0.2,Deterioration
P1107,Flipkart,Vaseline,Body Care,refund_pct_of_gross,Refund % of Gross,0.0,0.0,0.0,,0.0,No Change
P1107,JioMart,Vaseline,Body Care,refund_pct_of_gross,Refund % of Gross,3.5,0.0,-3.5,-100.0,0.1,Improvement
P1107,Meesho,Vaseline,Body Care,refund_pct_of_gross,Refund % of Gross,12.1,0.0,-12.1,-100.0,0.2,Improvement
P1107,Website,Vaseline,Body Care,refund_pct_of_gross,Refund % of Gross,0.0,0.0,0.0,,0.0,No Change
P1109,Amazon,Vaseline,Body Care,refund_pct_of_gross,Refund % of Gross,2.2,4.2,2.0,90.91,0.0,Deterioration
P1109,Flipkart,Vaseline,Body Care,refund_pct_of_gross,Refund % of Gross,4.6,13.0,8.4,182.61,0.2,Deterioration
P1109,JioMart,Vaseline,Body Care,refund_pct_of_gross,Refund % of Gross,0.0,0.0,0.0,,0.0,No Change
P1109,Meesho,Vaseline,Body Care,refund_pct_of_gross,Refund % of Gross,10.1,5.0,-5.1,-50.5,0.1,Improvement
P1109,Website,Vaseline,Body Care,refund_pct_of_gross,Refund % of Gross,0.0,0.0,0.0,,0.0,No Change
P1112,Amazon,Vaseline,Body Care,refund_pct_of_gross,Refund % of Gross,3.1,3.1,0.0,0.0,0.0,No Change
P1112,Flipkart,Vaseline,Body Care,refund_pct_of_gross,Refund % of Gross,0.0,4.7,4.7,,0.1,Deterioration
P1112,JioMart,Vaseline,Body Care,refund_pct_of_gross,Refund % of Gross,0.0,4.9,4.9,,0.1,Deterioration
P1112,Meesho,Vaseline,Body Care,refund_pct_of_gross,Refund % of Gross,0.0,0.0,0.0,,0.0,No Change
P1112,Website,Vaseline,Body Care,refund_pct_of_gross,Refund % of Gross,0.0,15.5,15.5,,0.3,Deterioration
P1114,Amazon,Vaseline,Body Care,refund_pct_of_gross,Refund % of Gross,0.0,8.1,8.1,,0.2,Deterioration
P1114,Flipkart,Vaseline,Body Care,refund_pct_of_gross,Refund % of Gross,0.0,0.0,0.0,,0.0,No Change
P1114,JioMart,Vaseline,Body Care,refund_pct_of_gross,Refund % of Gross,11.6,8.7,-2.9,-25.0,0.1,Improvement
P1114,Meesho,Vaseline,Body Care,refund_pct_of_gross,Refund % of Gross,7.6,0.0,-7.6,-100.0,0.2,Improvement
P1114,Website,Vaseline,Body Care,refund_pct_of_gross,Refund % of Gross,0.0,3.7,3.7,,0.1,Deterioration
P1120,Amazon,Vaseline,Skin Care,refund_pct_of_gross,Refund % of Gross,2.0,0.0,-2.0,-100.0,0.0,Improvement
P1120,Flipkart,Vaseline,Skin Care,refund_pct_of_gross,Refund % of Gross,9.0,0.0,-9.0,-100.0,0.2,Improvement
P1120,JioMart,Vaseline,Skin Care,refund_pct_of_gross,Refund % of Gross,0.0,0.0,0.0,,0.0,No Change
P1120,Meesho,Vaseline,Skin Care,refund_pct_of_gross,Refund % of Gross,0.0,6.2,6.2,,0.1,Deterioration
P1120,Website,Vaseline,Skin Care,refund_pct_of_gross,Refund % of Gross,0.0,0.0,0.0,,0.0,No Change
P1121,Amazon,Vaseline,Body Care,refund_pct_of_gross,Refund % of Gross,5.8,6.7,0.9,15.52,0.0,Deterioration
P1121,Flipkart,Vaseline,Body Care,refund_pct_of_gross,Refund % of Gross,14.8,19.7,4.9,33.11,0.1,Deterioration
P1121,JioMart,Vaseline,Body Care,refund_pct_of_gross,Refund % of Gross,0.0,0.0,0.0,,0.0,No Change
P1121,Meesho,Vaseline,Body Care,refund_pct_of_gross,Refund % of Gross,0.0,0.0,0.0,,0.0,No Change
P1121,Website,Vaseline,Body Care,refund_pct_of_gross,Refund % of Gross,16.1,0.0,-16.1,-100.0,0.3,Improvement
P1131,Amazon,Vaseline,Skin Care,refund_pct_of_gross,Refund % of Gross,2.0,4.8,2.8,140.0,0.1,Deterioration
P1131,Flipkart,Vaseline,Skin Care,refund_pct_of_gross,Refund % of Gross,17.0,0.0,-17.0,-100.0,0.3,Improvement
P1131,JioMart,Vaseline,Skin Care,refund_pct_of_gross,Refund % of Gross,9.9,0.0,-9.9,-100.0,0.2,Improvement
P1131,Meesho,Vaseline,Skin Care,refund_pct_of_gross,Refund % of Gross,0.0,5.4,5.4,,0.1,Deterioration
P1131,Website,Vaseline,Skin Care,refund_pct_of_gross,Refund % of Gross,0.0,6.3,6.3,,0.1,Deterioration
P1146,Amazon,Vaseline,Body Care,refund_pct_of_gross,Refund % of Gross,6.4,0.0,-6.4,-100.0,0.1,Improvement
P1146,Flipkart,Vaseline,Body Care,refund_pct_of_gross,Refund % of Gross,0.0,4.8,4.8,,0.1,Deterioration
P1146,JioMart,Vaseline,Body Care,refund_pct_of_gross,Refund % of Gross,7.5,9.3,1.8,24.0,0.0,Deterioration
P1146,Meesho,Vaseline,Body Care,refund_pct_of_gross,Refund % of Gross,12.9,0.0,-12.9,-100.0,0.3,Improvement
P1146,Website,Vaseline,Body Care,refund_pct_of_gross,Refund % of Gross,6.6,7.1,0.5,7.58,0.0,Deterioration
P1150,Amazon,Vaseline,Body Care,refund_pct_of_gross,Refund % of Gross,4.8,0.0,-4.8,-100.0,0.1,Improvement
P1150,Flipkart,Vaseline,Body Care,refund_pct_of_gross,Refund % of Gross,0.0,5.0,5.0,,0.1,Deterioration
P1150,JioMart,Vaseline,Body Care,refund_pct_of_gross,Refund % of Gross,0.0,0.0,0.0,,0.0,No Change
P1150,Meesho,Vaseline,Body Care,refund_pct_of_gross,Refund % of Gross,0.0,0.0,0.0,,0.0,No Change
P1150,Website,Vaseline,Body Care,refund_pct_of_gross,Refund % of Gross,31.8,0.0,-31.8,-100.0,0.6,Improvement
P1156,Amazon,Vaseline,Body Care,refund_pct_of_gross,Refund % of Gross,4.9,0.0,-4.9,-100.0,0.1,Improvement
P1156,Flipkart,Vaseline,Body Care,refund_pct_of_gross,Refund % of Gross,12.4,0.0,-12.4,-100.0,0.2,Improvement
P1156,JioMart,Vaseline,Body Care,refund_pct_of_gross,Refund % of Gross,0.0,10.0,10.0,,0.2,Deterioration
P1156,Meesho,Vaseline,Body Care,refund_pct_of_gross,Refund % of Gross,0.0,13.7,13.7,,0.3,Deterioration
P1156,Website,Vaseline,Body Care,refund_pct_of_gross,Refund % of Gross,0.0,7.0,7.0,,0.1,Deterioration
P1157,Amazon,Vaseline,Skin Care,refund_pct_of_gross,Refund % of Gross,4.9,13.3,8.4,171.43,0.2,Deterioration
P1157,Flipkart,Vaseline,Skin Care,refund_pct_of_gross,Refund % of Gross,0.0,9.5,9.5,,0.2,Deterioration
P1157,JioMart,Vaseline,Skin Care,refund_pct_of_gross,Refund % of Gross,0.0,8.0,8.0,,0.2,Deterioration
P1157,Meesho,Vaseline,Skin Care,refund_pct_of_gross,Refund % of Gross,3.8,14.5,10.7,281.58,0.2,Deterioration
P1157,Website,Vaseline,Skin Care,refund_pct_of_gross,Refund % of Gross,0.0,0.0,0.0,,0.0,No Change
P1162,Amazon,Vita Keratin,Hair Care,refund_pct_of_gross,Refund % of Gross,8.6,2.0,-6.6,-76.74,0.1,Improvement
P1162,Flipkart,Vita Keratin,Hair Care,refund_pct_of_gross,Refund % of Gross,11.9,0.0,-11.9,-100.0,0.2,Improvement
P1162,JioMart,Vita Keratin,Hair Care,refund_pct_of_gross,Refund % of Gross,0.0,0.0,0.0,,0.0,No Change
P1162,Meesho,Vita Keratin,Hair Care,refund_pct_of_gross,Refund % of Gross,6.8,11.3,4.5,66.18,0.1,Deterioration
P1162,Website,Vita Keratin,Hair Care,refund_pct_of_gross,Refund % of Gross,0.0,10.8,10.8,,0.2,Deterioration
P1164,Amazon,Wangprom,Health & Wellness,refund_pct_of_gross,Refund % of Gross,0.0,0.0,0.0,,0.0,No Change
P1164,Flipkart,Wangprom,Health & Wellness,refund_pct_of_gross,Refund % of Gross,0.0,0.0,0.0,,0.0,No Change
P1164,JioMart,Wangprom,Health & Wellness,refund_pct_of_gross,Refund % of Gross,0.0,0.0,0.0,,0.0,No Change
P1164,Meesho,Wangprom,Health & Wellness,refund_pct_of_gross,Refund % of Gross,23.9,0.0,-23.9,-100.0,0.5,Improvement
P1164,Website,Wangprom,Health & Wellness,refund_pct_of_gross,Refund % of Gross,0.0,11.1,11.1,,0.2,Deterioration
P1176,Amazon,Wangprom,Health & Wellness,refund_pct_of_gross,Refund % of Gross,6.3,4.9,-1.4,-22.22,0.0,Improvement
P1176,Flipkart,Wangprom,Health & Wellness,refund_pct_of_gross,Refund % of Gross,0.0,0.0,0.0,,0.0,No Change
P1176,JioMart,Wangprom,Health & Wellness,refund_pct_of_gross,Refund % of Gross,11.4,0.0,-11.4,-100.0,0.2,Improvement
P1176,Meesho,Wangprom,Health & Wellness,refund_pct_of_gross,Refund % of Gross,0.0,0.0,0.0,,0.0,No Change
P1176,Website,Wangprom,Health & Wellness,refund_pct_of_gross,Refund % of Gross,31.4,20.2,-11.2,-35.67,0.2,Improvement
P1185,Amazon,Watsons,Oral Care,refund_pct_of_gross,Refund % of Gross,18.6,3.0,-15.6,-83.87,0.3,Improvement
P1185,Flipkart,Watsons,Oral Care,refund_pct_of_gross,Refund % of Gross,0.0,0.0,0.0,,0.0,No Change
P1185,JioMart,Watsons,Oral Care,refund_pct_of_gross,Refund % of Gross,0.0,0.0,0.0,,0.0,No Change
P1185,Meesho,Watsons,Oral Care,refund_pct_of_gross,Refund % of Gross,0.0,3.1,3.1,,0.1,Deterioration
P1185,Website,Watsons,Oral Care,refund_pct_of_gross,Refund % of Gross,0.0,21.6,21.6,,0.4,Deterioration
P1190,Amazon,Watsons,Oral Care,refund_pct_of_gross,Refund % of Gross,3.1,4.3,1.2,38.71,0.0,Deterioration
P1190,Flipkart,Watsons,Oral Care,refund_pct_of_gross,Refund % of Gross,0.0,3.7,3.7,,0.1,Deterioration
P1190,JioMart,Watsons,Oral Care,refund_pct_of_gross,Refund % of Gross,0.0,0.0,0.0,,0.0,No Change
P1190,Meesho,Watsons,Oral Care,refund_pct_of_gross,Refund % of Gross,0.0,13.3,13.3,,0.3,Deterioration
P1190,Website,Watsons,Oral Care,refund_pct_of_gross,Refund % of Gross,7.9,0.0,-7.9,-100.0,0.2,Improvement
P1196,Amazon,Watsons,Oral Care,refund_pct_of_gross,Refund % of Gross,0.0,0.0,0.0,,0.0,No Change
P1196,Flipkart,Watsons,Oral Care,refund_pct_of_gross,Refund % of Gross,0.0,19.3,19.3,,0.4,Deterioration
P1196,JioMart,Watsons,Oral Care,refund_pct_of_gross,Refund % of Gross,7.4,4.6,-2.8,-37.84,0.1,Improvement
P1196,Meesho,Watsons,Oral Care,refund_pct_of_gross,Refund % of Gross,0.0,9.8,9.8,,0.2,Deterioration
P1196,Website,Watsons,Oral Care,refund_pct_of_gross,Refund % of Gross,0.0,0.0,0.0,,0.0,No Change
P1200,Amazon,Watsons,Oral Care,refund_pct_of_gross,Refund % of Gross,0.0,9.7,9.7,,0.2,Deterioration
P1200,Flipkart,Watsons,Oral Care,refund_pct_of_gross,Refund % of Gross,0.0,8.5,8.5,,0.2,Deterioration
P1200,JioMart,Watsons,Oral Care,refund_pct_of_gross,Refund % of Gross,0.0,11.7,11.7,,0.2,Deterioration
P1200,Meesho,Watsons,Oral Care,refund_pct_of_gross,Refund % of Gross,7.9,0.0,-7.9,-100.0,0.2,Improvement
P1200,Website,Watsons,Oral Care,refund_pct_of_gross,Refund % of Gross,5.6,0.0,-5.6,-100.0,0.1,Improvement
P1214,Amazon,Watsons,Oral Care,refund_pct_of_gross,Refund % of Gross,5.0,5.3,0.3,6.0,0.0,Deterioration
P1214,Flipkart,Watsons,Oral Care,refund_pct_of_gross,Refund % of Gross,4.9,5.0,0.1,2.04,0.0,Deterioration
P1214,JioMart,Watsons,Oral Care,refund_pct_of_gross,Refund % of Gross,10.3,0.0,-10.3,-100.0,0.2,Improvement
P1214,Meesho,Watsons,Oral Care,refund_pct_of_gross,Refund % of Gross,12.2,8.6,-3.6,-29.51,0.1,Improvement
P1214,Website,Watsons,Oral Care,refund_pct_of_gross,Refund % of Gross,0.0,0.0,0.0,,0.0,No Change
P1218,Amazon,Watsons,Oral Care,refund_pct_of_gross,Refund % of Gross,1.7,5.1,3.4,200.0,0.1,Deterioration
P1218,Flipkart,Watsons,Oral Care,refund_pct_of_gross,Refund % of Gross,4.0,0.0,-4.0,-100.0,0.1,Improvement
P1218,JioMart,Watsons,Oral Care,refund_pct_of_gross,Refund % of Gross,6.7,0.0,-6.7,-100.0,0.1,Improvement
P1218,Meesho,Watsons,Oral Care,refund_pct_of_gross,Refund % of Gross,3.6,5.5,1.9,52.78,0.0,Deterioration
P1218,Website,Watsons,Oral Care,refund_pct_of_gross,Refund % of Gross,0.0,0.0,0.0,,0.0,No Change
P1237,Amazon,Watsons,Oral Care,refund_pct_of_gross,Refund % of Gross,6.2,0.0,-6.2,-100.0,0.1,Improvement
P1237,Flipkart,Watsons,Oral Care,refund_pct_of_gross,Refund % of Gross,0.0,6.3,6.3,,0.1,Deterioration
P1237,JioMart,Watsons,Oral Care,refund_pct_of_gross,Refund % of Gross,10.1,0.0,-10.1,-100.0,0.2,Improvement
P1237,Meesho,Watsons,Oral Care,refund_pct_of_gross,Refund % of Gross,9.0,0.0,-9.0,-100.0,0.2,Improvement
P1237,Website,Watsons,Oral Care,refund_pct_of_gross,Refund % of Gross,0.0,0.0,0.0,,0.0,No Change
P1248,Amazon,Watsons,Skin Care,refund_pct_of_gross,Refund % of Gross,5.9,12.9,7.0,118.64,0.1,Deterioration
P1248,Flipkart,Watsons,Skin Care,refund_pct_of_gross,Refund % of Gross,4.7,0.0,-4.7,-100.0,0.1,Improvement
P1248,JioMart,Watsons,Skin Care,refund_pct_of_gross,Refund % of Gross,0.0,0.0,0.0,,0.0,No Change
P1248,Meesho,Watsons,Skin Care,refund_pct_of_gross,Refund % of Gross,0.0,0.0,0.0,,0.0,No Change
P1248,Website,Watsons,Skin Care,refund_pct_of_gross,Refund % of Gross,0.0,0.0,0.0,,0.0,No Change
P1249,Amazon,Watsons,Oral Care,refund_pct_of_gross,Refund % of Gross,3.1,3.1,0.0,0.0,0.0,No Change
P1249,Flipkart,Watsons,Oral Care,refund_pct_of_gross,Refund % of Gross,0.0,2.9,2.9,,0.1,Deterioration
P1249,JioMart,Watsons,Oral Care,refund_pct_of_gross,Refund % of Gross,9.8,0.0,-9.8,-100.0,0.2,Improvement
P1249,Meesho,Watsons,Oral Care,refund_pct_of_gross,Refund % of Gross,0.0,7.5,7.5,,0.2,Deterioration
P1249,Website,Watsons,Oral Care,refund_pct_of_gross,Refund % of Gross,0.0,0.0,0.0,,0.0,No Change
P1251,Amazon,Watsons,Oral Care,refund_pct_of_gross,Refund % of Gross,11.7,0.0,-11.7,-100.0,0.2,Improvement
P1251,Flipkart,Watsons,Oral Care,refund_pct_of_gross,Refund % of Gross,0.0,10.3,10.3,,0.2,Deterioration
P1251,JioMart,Watsons,Oral Care,refund_pct_of_gross,Refund % of Gross,0.0,0.0,0.0,,0.0,No Change
P1251,Meesho,Watsons,Oral Care,refund_pct_of_gross,Refund % of Gross,0.0,11.1,11.1,,0.2,Deterioration
P1251,Website,Watsons,Oral Care,refund_pct_of_gross,Refund % of Gross,0.0,7.9,7.9,,0.2,Deterioration
P1254,Amazon,Watsons,Oral Care,refund_pct_of_gross,Refund % of Gross,2.5,2.8,0.3,12.0,0.0,Deterioration
P1254,Flipkart,Watsons,Oral Care,refund_pct_of_gross,Refund % of Gross,0.0,12.9,12.9,,0.3,Deterioration
P1254,JioMart,Watsons,Oral Care,refund_pct_of_gross,Refund % of Gross,9.5,0.0,-9.5,-100.0,0.2,Improvement
P1254,Meesho,Watsons,Oral Care,refund_pct_of_gross,Refund % of Gross,7.1,0.0,-7.1,-100.0,0.1,Improvement
P1254,Website,Watsons,Oral Care,refund_pct_of_gross,Refund % of Gross,0.0,0.0,0.0,,0.0,No Change
P0022,Amazon,Ambi Pur,Home & Kitchen,promotion_pct_of_gross,Promotion % of Gross,4.2,3.7,-0.5,-11.9,0.0,Improvement
P0022,Flipkart,Ambi Pur,Home & Kitchen,promotion_pct_of_gross,Promotion % of Gross,2.9,3.2,0.3,10.34,0.0,Deterioration
P0022,JioMart,Ambi Pur,Home & Kitchen,promotion_pct_of_gross,Promotion % of Gross,4.2,6.3,2.1,50.0,0.2,Deterioration
P0022,Meesho,Ambi Pur,Home & Kitchen,promotion_pct_of_gross,Promotion % of Gross,3.5,4.1,0.6,17.14,0.1,Deterioration
P0022,Website,Ambi Pur,Home & Kitchen,promotion_pct_of_gross,Promotion % of Gross,1.9,3.0,1.1,57.89,0.1,Deterioration
P0024,Amazon,AR,Skin Care,promotion_pct_of_gross,Promotion % of Gross,5.2,3.3,-1.9,-36.54,0.2,Improvement
P0024,Flipkart,AR,Skin Care,promotion_pct_of_gross,Promotion % of Gross,4.1,2.6,-1.5,-36.59,0.1,Improvement
P0024,JioMart,AR,Skin Care,promotion_pct_of_gross,Promotion % of Gross,1.8,5.2,3.4,188.89,0.3,Deterioration
P0024,Meesho,AR,Skin Care,promotion_pct_of_gross,Promotion % of Gross,5.0,2.9,-2.1,-42.0,0.2,Improvement
P0024,Website,AR,Skin Care,promotion_pct_of_gross,Promotion % of Gross,2.7,5.2,2.5,92.59,0.2,Deterioration
P0029,Amazon,Axe,Body Care,promotion_pct_of_gross,Promotion % of Gross,3.3,3.4,0.1,3.03,0.0,Deterioration
P0029,Flipkart,Axe,Body Care,promotion_pct_of_gross,Promotion % of Gross,1.8,3.6,1.8,100.0,0.2,Deterioration
P0029,JioMart,Axe,Body Care,promotion_pct_of_gross,Promotion % of Gross,2.8,2.3,-0.5,-17.86,0.0,Improvement
P0029,Meesho,Axe,Body Care,promotion_pct_of_gross,Promotion % of Gross,3.9,4.2,0.3,7.69,0.0,Deterioration
P0029,Website,Axe,Body Care,promotion_pct_of_gross,Promotion % of Gross,5.3,0.0,-5.3,-100.0,0.5,Improvement
P0034,Amazon,Axe,Body Care,promotion_pct_of_gross,Promotion % of Gross,4.2,4.5,0.3,7.14,0.0,Deterioration
P0034,Flipkart,Axe,Body Care,promotion_pct_of_gross,Promotion % of Gross,4.1,7.2,3.1,75.61,0.3,Deterioration
P0034,JioMart,Axe,Body Care,promotion_pct_of_gross,Promotion % of Gross,3.8,4.9,1.1,28.95,0.1,Deterioration
P0034,Meesho,Axe,Body Care,promotion_pct_of_gross,Promotion % of Gross,5.4,4.6,-0.8,-14.81,0.1,Improvement
P0034,Website,Axe,Body Care,promotion_pct_of_gross,Promotion % of Gross,7.7,5.3,-2.4,-31.17,0.2,Improvement
P0039,Amazon,Axe,Body Care,promotion_pct_of_gross,Promotion % of Gross,4.6,2.8,-1.8,-39.13,0.2,Improvement
P0039,Flipkart,Axe,Body Care,promotion_pct_of_gross,Promotion % of Gross,3.2,5.0,1.8,56.25,0.2,Deterioration
P0039,JioMart,Axe,Body Care,promotion_pct_of_gross,Promotion % of Gross,4.1,2.7,-1.4,-34.15,0.1,Improvement
P0039,Meesho,Axe,Body Care,promotion_pct_of_gross,Promotion % of Gross,4.7,3.3,-1.4,-29.79,0.1,Improvement
P0039,Website,Axe,Body Care,promotion_pct_of_gross,Promotion % of Gross,2.6,4.0,1.4,53.85,0.1,Deterioration
P0041,Amazon,Axe,Body Care,promotion_pct_of_gross,Promotion % of Gross,4.6,5.4,0.8,17.39,0.1,Deterioration
P0041,Flipkart,Axe,Body Care,promotion_pct_of_gross,Promotion % of Gross,3.6,5.6,2.0,55.56,0.2,Deterioration
P0041,JioMart,Axe,Body Care,promotion_pct_of_gross,Promotion % of Gross,4.7,3.9,-0.8,-17.02,0.1,Improvement
P0041,Meesho,Axe,Body Care,promotion_pct_of_gross,Promotion % of Gross,2.2,4.5,2.3,104.55,0.2,Deterioration
P0041,Website,Axe,Body Care,promotion_pct_of_gross,Promotion % of Gross,3.8,3.2,-0.6,-15.79,0.1,Improvement
P0042,Amazon,Axe,Body Care,promotion_pct_of_gross,Promotion % of Gross,3.4,4.7,1.3,38.24,0.1,Deterioration
P0042,Flipkart,Axe,Body Care,promotion_pct_of_gross,Promotion % of Gross,3.9,4.6,0.7,17.95,0.1,Deterioration
P0042,JioMart,Axe,Body Care,promotion_pct_of_gross,Promotion % of Gross,2.9,7.1,4.2,144.83,0.4,Deterioration
P0042,Meesho,Axe,Body Care,promotion_pct_of_gross,Promotion % of Gross,4.4,1.9,-2.5,-56.82,0.2,Improvement
P0042,Website,Axe,Body Care,promotion_pct_of_gross,Promotion % of Gross,3.5,3.3,-0.2,-5.71,0.0,Improvement
P0082,Amazon,Biore,Skin Care,promotion_pct_of_gross,Promotion % of Gross,5.4,3.3,-2.1,-38.89,0.2,Improvement
P0082,Flipkart,Biore,Skin Care,promotion_pct_of_gross,Promotion % of Gross,6.8,5.4,-1.4,-20.59,0.1,Improvement
P0082,JioMart,Biore,Skin Care,promotion_pct_of_gross,Promotion % of Gross,5.3,3.9,-1.4,-26.42,0.1,Improvement
P0082,Meesho,Biore,Skin Care,promotion_pct_of_gross,Promotion % of Gross,6.1,5.8,-0.3,-4.92,0.0,Improvement
P0082,Website,Biore,Skin Care,promotion_pct_of_gross,Promotion % of Gross,7.2,7.2,0.0,0.0,0.0,No Change
P0156,Amazon,Colgate,Oral Care,promotion_pct_of_gross,Promotion % of Gross,5.5,4.9,-0.6,-10.91,0.1,Improvement
P0156,Flipkart,Colgate,Oral Care,promotion_pct_of_gross,Promotion % of Gross,3.9,4.6,0.7,17.95,0.1,Deterioration
P0156,JioMart,Colgate,Oral Care,promotion_pct_of_gross,Promotion % of Gross,1.0,3.4,2.4,240.0,0.2,Deterioration
P0156,Meesho,Colgate,Oral Care,promotion_pct_of_gross,Promotion % of Gross,4.7,4.4,-0.3,-6.38,0.0,Improvement
P0156,Website,Colgate,Oral Care,promotion_pct_of_gross,Promotion % of Gross,4.8,1.4,-3.4,-70.83,0.3,Improvement
P0168,Amazon,Colgate,Oral Care,promotion_pct_of_gross,Promotion % of Gross,3.2,5.5,2.3,71.87,0.2,Deterioration
P0168,Flipkart,Colgate,Oral Care,promotion_pct_of_gross,Promotion % of Gross,3.3,3.7,0.4,12.12,0.0,Deterioration
P0168,JioMart,Colgate,Oral Care,promotion_pct_of_gross,Promotion % of Gross,3.1,3.9,0.8,25.81,0.1,Deterioration
P0168,Meesho,Colgate,Oral Care,promotion_pct_of_gross,Promotion % of Gross,4.0,4.2,0.2,5.0,0.0,Deterioration
P0168,Website,Colgate,Oral Care,promotion_pct_of_gross,Promotion % of Gross,5.8,3.0,-2.8,-48.28,0.3,Improvement
P0170,Amazon,Colgate,Oral Care,promotion_pct_of_gross,Promotion % of Gross,3.5,3.2,-0.3,-8.57,0.0,Improvement
P0170,Flipkart,Colgate,Oral Care,promotion_pct_of_gross,Promotion % of Gross,5.6,3.0,-2.6,-46.43,0.2,Improvement
P0170,JioMart,Colgate,Oral Care,promotion_pct_of_gross,Promotion % of Gross,3.3,3.1,-0.2,-6.06,0.0,Improvement
P0170,Meesho,Colgate,Oral Care,promotion_pct_of_gross,Promotion % of Gross,3.2,5.5,2.3,71.87,0.2,Deterioration
P0170,Website,Colgate,Oral Care,promotion_pct_of_gross,Promotion % of Gross,2.7,5.5,2.8,103.7,0.3,Deterioration
P0172,Amazon,Colgate,Oral Care,promotion_pct_of_gross,Promotion % of Gross,4.8,4.2,-0.6,-12.5,0.1,Improvement
P0172,Flipkart,Colgate,Oral Care,promotion_pct_of_gross,Promotion % of Gross,4.6,5.1,0.5,10.87,0.0,Deterioration
P0172,JioMart,Colgate,Oral Care,promotion_pct_of_gross,Promotion % of Gross,2.5,3.0,0.5,20.0,0.0,Deterioration
P0172,Meesho,Colgate,Oral Care,promotion_pct_of_gross,Promotion % of Gross,6.4,2.7,-3.7,-57.81,0.3,Improvement
P0172,Website,Colgate,Oral Care,promotion_pct_of_gross,Promotion % of Gross,3.6,5.2,1.6,44.44,0.1,Deterioration
P0175,Amazon,Colgate,Oral Care,promotion_pct_of_gross,Promotion % of Gross,4.1,4.8,0.7,17.07,0.1,Deterioration
P0175,Flipkart,Colgate,Oral Care,promotion_pct_of_gross,Promotion % of Gross,4.7,4.5,-0.2,-4.26,0.0,Improvement
P0175,JioMart,Colgate,Oral Care,promotion_pct_of_gross,Promotion % of Gross,4.0,3.7,-0.3,-7.5,0.0,Improvement
P0175,Meesho,Colgate,Oral Care,promotion_pct_of_gross,Promotion % of Gross,5.0,3.4,-1.6,-32.0,0.1,Improvement
P0175,Website,Colgate,Oral Care,promotion_pct_of_gross,Promotion % of Gross,1.1,2.6,1.5,136.36,0.1,Deterioration
P0178,Amazon,Colgate,Oral Care,promotion_pct_of_gross,Promotion % of Gross,4.0,4.8,0.8,20.0,0.1,Deterioration
P0178,Flipkart,Colgate,Oral Care,promotion_pct_of_gross,Promotion % of Gross,3.5,3.2,-0.3,-8.57,0.0,Improvement
P0178,JioMart,Colgate,Oral Care,promotion_pct_of_gross,Promotion % of Gross,6.6,1.6,-5.0,-75.76,0.5,Improvement
P0178,Meesho,Colgate,Oral Care,promotion_pct_of_gross,Promotion % of Gross,3.4,5.2,1.8,52.94,0.2,Deterioration
P0178,Website,Colgate,Oral Care,promotion_pct_of_gross,Promotion % of Gross,1.9,4.2,2.3,121.05,0.2,Deterioration
P0212,Amazon,Colgate,Oral Care,promotion_pct_of_gross,Promotion % of Gross,4.0,4.6,0.6,15.0,0.1,Deterioration
P0212,Flipkart,Colgate,Oral Care,promotion_pct_of_gross,Promotion % of Gross,5.6,5.8,0.2,3.57,0.0,Deterioration
P0212,JioMart,Colgate,Oral Care,promotion_pct_of_gross,Promotion % of Gross,5.4,5.4,0.0,0.0,0.0,No Change
P0212,Meesho,Colgate,Oral Care,promotion_pct_of_gross,Promotion % of Gross,4.3,2.6,-1.7,-39.53,0.2,Improvement
P0212,Website,Colgate,Oral Care,promotion_pct_of_gross,Promotion % of Gross,3.9,4.1,0.2,5.13,0.0,Deterioration
P0218,Amazon,Colgate,Oral Care,promotion_pct_of_gross,Promotion % of Gross,4.6,4.1,-0.5,-10.87,0.0,Improvement
P0218,Flipkart,Colgate,Oral Care,promotion_pct_of_gross,Promotion % of Gross,3.2,5.2,2.0,62.5,0.2,Deterioration
P0218,JioMart,Colgate,Oral Care,promotion_pct_of_gross,Promotion % of Gross,4.1,2.8,-1.3,-31.71,0.1,Improvement
P0218,Meesho,Colgate,Oral Care,promotion_pct_of_gross,Promotion % of Gross,4.4,3.4,-1.0,-22.73,0.1,Improvement
P0218,Website,Colgate,Oral Care,promotion_pct_of_gross,Promotion % of Gross,3.6,2.9,-0.7,-19.44,0.1,Improvement
P0225,Amazon,Colgate,Oral Care,promotion_pct_of_gross,Promotion % of Gross,2.7,3.2,0.5,18.52,0.0,Deterioration
P0225,Flipkart,Colgate,Oral Care,promotion_pct_of_gross,Promotion % of Gross,5.4,6.3,0.9,16.67,0.1,Deterioration
P0225,JioMart,Colgate,Oral Care,promotion_pct_of_gross,Promotion % of Gross,2.6,5.3,2.7,103.85,0.3,Deterioration
P0225,Meesho,Colgate,Oral Care,promotion_pct_of_gross,Promotion % of Gross,3.5,5.3,1.8,51.43,0.2,Deterioration
P0225,Website,Colgate,Oral Care,promotion_pct_of_gross,Promotion % of Gross,4.3,5.8,1.5,34.88,0.1,Deterioration
P0230,Amazon,Counterpain,Health & Wellness,promotion_pct_of_gross,Promotion % of Gross,3.3,3.4,0.1,3.03,0.0,Deterioration
P0230,Flipkart,Counterpain,Health & Wellness,promotion_pct_of_gross,Promotion % of Gross,3.9,3.6,-0.3,-7.69,0.0,Improvement
P0230,JioMart,Counterpain,Health & Wellness,promotion_pct_of_gross,Promotion % of Gross,3.0,6.1,3.1,103.33,0.3,Deterioration
P0230,Meesho,Counterpain,Health & Wellness,promotion_pct_of_gross,Promotion % of Gross,6.0,8.0,2.0,33.33,0.2,Deterioration
P0230,Website,Counterpain,Health & Wellness,promotion_pct_of_gross,Promotion % of Gross,5.2,4.4,-0.8,-15.38,0.1,Improvement
P0233,Amazon,Counterpain,Health & Wellness,promotion_pct_of_gross,Promotion % of Gross,4.6,3.2,-1.4,-30.43,0.1,Improvement
P0233,Flipkart,Counterpain,Health & Wellness,promotion_pct_of_gross,Promotion % of Gross,3.3,2.6,-0.7,-21.21,0.1,Improvement
P0233,JioMart,Counterpain,Health & Wellness,promotion_pct_of_gross,Promotion % of Gross,3.3,4.7,1.4,42.42,0.1,Deterioration
P0233,Meesho,Counterpain,Health & Wellness,promotion_pct_of_gross,Promotion % of Gross,4.2,5.9,1.7,40.48,0.2,Deterioration
P0233,Website,Counterpain,Health & Wellness,promotion_pct_of_gross,Promotion % of Gross,5.3,3.3,-2.0,-37.74,0.2,Improvement
P0235,Amazon,Counterpain,Health & Wellness,promotion_pct_of_gross,Promotion % of Gross,4.3,4.1,-0.2,-4.65,0.0,Improvement
P0235,Flipkart,Counterpain,Health & Wellness,promotion_pct_of_gross,Promotion % of Gross,3.1,3.7,0.6,19.35,0.1,Deterioration
P0235,JioMart,Counterpain,Health & Wellness,promotion_pct_of_gross,Promotion % of Gross,3.3,0.9,-2.4,-72.73,0.2,Improvement
P0235,Meesho,Counterpain,Health & Wellness,promotion_pct_of_gross,Promotion % of Gross,4.3,4.8,0.5,11.63,0.0,Deterioration
P0235,Website,Counterpain,Health & Wellness,promotion_pct_of_gross,Promotion % of Gross,7.2,4.6,-2.6,-36.11,0.2,Improvement
P0246,Amazon,Dove,Body Care,promotion_pct_of_gross,Promotion % of Gross,3.7,3.1,-0.6,-16.22,0.1,Improvement
P0246,Flipkart,Dove,Body Care,promotion_pct_of_gross,Promotion % of Gross,4.1,5.6,1.5,36.59,0.1,Deterioration
P0246,JioMart,Dove,Body Care,promotion_pct_of_gross,Promotion % of Gross,4.2,4.2,0.0,0.0,0.0,No Change
P0246,Meesho,Dove,Body Care,promotion_pct_of_gross,Promotion % of Gross,3.6,4.4,0.8,22.22,0.1,Deterioration
P0246,Website,Dove,Body Care,promotion_pct_of_gross,Promotion % of Gross,4.3,5.8,1.5,34.88,0.1,Deterioration
P0252,Amazon,Dove,Hair Care,promotion_pct_of_gross,Promotion % of Gross,4.2,3.3,-0.9,-21.43,0.1,Improvement
P0252,Flipkart,Dove,Hair Care,promotion_pct_of_gross,Promotion % of Gross,3.6,3.7,0.1,2.78,0.0,Deterioration
P0252,JioMart,Dove,Hair Care,promotion_pct_of_gross,Promotion % of Gross,5.3,2.6,-2.7,-50.94,0.3,Improvement
P0252,Meesho,Dove,Hair Care,promotion_pct_of_gross,Promotion % of Gross,4.4,2.6,-1.8,-40.91,0.2,Improvement
P0252,Website,Dove,Hair Care,promotion_pct_of_gross,Promotion % of Gross,3.3,2.1,-1.2,-36.36,0.1,Improvement
P0253,Amazon,Dove,Hair Care,promotion_pct_of_gross,Promotion % of Gross,3.9,3.1,-0.8,-20.51,0.1,Improvement
P0253,Flipkart,Dove,Hair Care,promotion_pct_of_gross,Promotion % of Gross,2.6,1.8,-0.8,-30.77,0.1,Improvement
P0253,JioMart,Dove,Hair Care,promotion_pct_of_gross,Promotion % of Gross,5.3,3.1,-2.2,-41.51,0.2,Improvement
P0253,Meesho,Dove,Hair Care,promotion_pct_of_gross,Promotion % of Gross,3.1,1.6,-1.5,-48.39,0.1,Improvement
P0253,Website,Dove,Hair Care,promotion_pct_of_gross,Promotion % of Gross,0.0,1.4,1.4,,0.1,Deterioration
P0257,Amazon,Dove,Hair Care,promotion_pct_of_gross,Promotion % of Gross,4.2,3.4,-0.8,-19.05,0.1,Improvement
P0257,Flipkart,Dove,Hair Care,promotion_pct_of_gross,Promotion % of Gross,5.2,5.3,0.1,1.92,0.0,Deterioration
P0257,JioMart,Dove,Hair Care,promotion_pct_of_gross,Promotion % of Gross,3.0,1.2,-1.8,-60.0,0.2,Improvement
P0257,Meesho,Dove,Hair Care,promotion_pct_of_gross,Promotion % of Gross,3.2,4.7,1.5,46.88,0.1,Deterioration
P0257,Website,Dove,Hair Care,promotion_pct_of_gross,Promotion % of Gross,5.9,5.0,-0.9,-15.25,0.1,Improvement
P0259,Amazon,Dove,Hair Care,promotion_pct_of_gross,Promotion % of Gross,4.0,3.6,-0.4,-10.0,0.0,Improvement
P0259,Flipkart,Dove,Hair Care,promotion_pct_of_gross,Promotion % of Gross,4.7,2.3,-2.4,-51.06,0.2,Improvement
P0259,JioMart,Dove,Hair Care,promotion_pct_of_gross,Promotion % of Gross,3.5,4.4,0.9,25.71,0.1,Deterioration
P0259,Meesho,Dove,Hair Care,promotion_pct_of_gross,Promotion % of Gross,4.4,5.8,1.4,31.82,0.1,Deterioration
P0259,Website,Dove,Hair Care,promotion_pct_of_gross,Promotion % of Gross,2.6,4.6,2.0,76.92,0.2,Deterioration
P0260,Amazon,Dove,Hair Care,promotion_pct_of_gross,Promotion % of Gross,2.5,4.6,2.1,84.0,0.2,Deterioration
P0260,Flipkart,Dove,Hair Care,promotion_pct_of_gross,Promotion % of Gross,3.2,3.1,-0.1,-3.13,0.0,Improvement
P0260,JioMart,Dove,Hair Care,promotion_pct_of_gross,Promotion % of Gross,5.7,5.3,-0.4,-7.02,0.0,Improvement
P0260,Meesho,Dove,Hair Care,promotion_pct_of_gross,Promotion % of Gross,3.7,5.2,1.5,40.54,0.1,Deterioration
P0260,Website,Dove,Hair Care,promotion_pct_of_gross,Promotion % of Gross,9.3,5.1,-4.2,-45.16,0.4,Improvement
P0261,Amazon,Dove,Hair Care,promotion_pct_of_gross,Promotion % of Gross,3.6,5.9,2.3,63.89,0.2,Deterioration
P0261,Flipkart,Dove,Hair Care,promotion_pct_of_gross,Promotion % of Gross,3.7,4.6,0.9,24.32,0.1,Deterioration
P0261,JioMart,Dove,Hair Care,promotion_pct_of_gross,Promotion % of Gross,4.7,6.2,1.5,31.91,0.1,Deterioration
P0261,Meesho,Dove,Hair Care,promotion_pct_of_gross,Promotion % of Gross,2.6,3.1,0.5,19.23,0.0,Deterioration
P0261,Website,Dove,Hair Care,promotion_pct_of_gross,Promotion % of Gross,2.9,5.4,2.5,86.21,0.2,Deterioration
P0262,Amazon,Dove,Hair Care,promotion_pct_of_gross,Promotion % of Gross,3.8,4.2,0.4,10.53,0.0,Deterioration
P0262,Flipkart,Dove,Hair Care,promotion_pct_of_gross,Promotion % of Gross,4.6,4.8,0.2,4.35,0.0,Deterioration
P0262,JioMart,Dove,Hair Care,promotion_pct_of_gross,Promotion % of Gross,5.6,6.7,1.1,19.64,0.1,Deterioration
P0262,Meesho,Dove,Hair Care,promotion_pct_of_gross,Promotion % of Gross,1.6,3.7,2.1,131.25,0.2,Deterioration
P0262,Website,Dove,Hair Care,promotion_pct_of_gross,Promotion % of Gross,3.8,0.9,-2.9,-76.32,0.3,Improvement
P0263,Amazon,Dove,Hair Care,promotion_pct_of_gross,Promotion % of Gross,2.7,3.6,0.9,33.33,0.1,Deterioration
P0263,Flipkart,Dove,Hair Care,promotion_pct_of_gross,Promotion % of Gross,2.9,4.6,1.7,58.62,0.2,Deterioration
P0263,JioMart,Dove,Hair Care,promotion_pct_of_gross,Promotion % of Gross,1.6,4.3,2.7,168.75,0.3,Deterioration
P0263,Meesho,Dove,Hair Care,promotion_pct_of_gross,Promotion % of Gross,4.0,3.5,-0.5,-12.5,0.0,Improvement
P0263,Website,Dove,Hair Care,promotion_pct_of_gross,Promotion % of Gross,3.2,3.7,0.5,15.62,0.0,Deterioration
P0264,Amazon,Dove,Body Care,promotion_pct_of_gross,Promotion % of Gross,4.5,3.0,-1.5,-33.33,0.1,Improvement
P0264,Flipkart,Dove,Body Care,promotion_pct_of_gross,Promotion % of Gross,2.3,2.6,0.3,13.04,0.0,Deterioration
P0264,JioMart,Dove,Body Care,promotion_pct_of_gross,Promotion % of Gross,3.1,4.6,1.5,48.39,0.1,Deterioration
P0264,Meesho,Dove,Body Care,promotion_pct_of_gross,Promotion % of Gross,3.8,3.4,-0.4,-10.53,0.0,Improvement
P0264,Website,Dove,Body Care,promotion_pct_of_gross,Promotion % of Gross,3.8,5.1,1.3,34.21,0.1,Deterioration
P0270,Amazon,Dove,Hair Care,promotion_pct_of_gross,Promotion % of Gross,4.1,3.2,-0.9,-21.95,0.1,Improvement
P0270,Flipkart,Dove,Hair Care,promotion_pct_of_gross,Promotion % of Gross,2.7,5.7,3.0,111.11,0.3,Deterioration
P0270,JioMart,Dove,Hair Care,promotion_pct_of_gross,Promotion % of Gross,5.4,5.2,-0.2,-3.7,0.0,Improvement
P0270,Meesho,Dove,Hair Care,promotion_pct_of_gross,Promotion % of Gross,5.9,6.3,0.4,6.78,0.0,Deterioration
P0270,Website,Dove,Hair Care,promotion_pct_of_gross,Promotion % of Gross,6.2,0.9,-5.3,-85.48,0.5,Improvement
P0271,Amazon,Dove,Hair Care,promotion_pct_of_gross,Promotion % of Gross,4.0,3.8,-0.2,-5.0,0.0,Improvement
P0271,Flipkart,Dove,Hair Care,promotion_pct_of_gross,Promotion % of Gross,2.5,5.2,2.7,108.0,0.3,Deterioration
P0271,JioMart,Dove,Hair Care,promotion_pct_of_gross,Promotion % of Gross,2.3,6.1,3.8,165.22,0.4,Deterioration
P0271,Meesho,Dove,Hair Care,promotion_pct_of_gross,Promotion % of Gross,4.9,4.1,-0.8,-16.33,0.1,Improvement
P0271,Website,Dove,Hair Care,promotion_pct_of_gross,Promotion % of Gross,2.6,5.6,3.0,115.38,0.3,Deterioration
P0278,Amazon,Dove,Hair Care,promotion_pct_of_gross,Promotion % of Gross,4.0,5.4,1.4,35.0,0.1,Deterioration
P0278,Flipkart,Dove,Hair Care,promotion_pct_of_gross,Promotion % of Gross,7.2,4.3,-2.9,-40.28,0.3,Improvement
P0278,JioMart,Dove,Hair Care,promotion_pct_of_gross,Promotion % of Gross,3.3,5.6,2.3,69.7,0.2,Deterioration
P0278,Meesho,Dove,Hair Care,promotion_pct_of_gross,Promotion % of Gross,1.6,2.8,1.2,75.0,0.1,Deterioration
P0278,Website,Dove,Hair Care,promotion_pct_of_gross,Promotion % of Gross,3.3,3.9,0.6,18.18,0.1,Deterioration
P0279,Amazon,Dove,Body Care,promotion_pct_of_gross,Promotion % of Gross,3.3,4.1,0.8,24.24,0.1,Deterioration
P0279,Flipkart,Dove,Body Care,promotion_pct_of_gross,Promotion % of Gross,4.4,4.7,0.3,6.82,0.0,Deterioration
P0279,JioMart,Dove,Body Care,promotion_pct_of_gross,Promotion % of Gross,6.6,3.2,-3.4,-51.52,0.3,Improvement
P0279,Meesho,Dove,Body Care,promotion_pct_of_gross,Promotion % of Gross,4.4,2.3,-2.1,-47.73,0.2,Improvement
P0279,Website,Dove,Body Care,promotion_pct_of_gross,Promotion % of Gross,4.2,1.2,-3.0,-71.43,0.3,Improvement
P0308,Amazon,Dove,Hair Care,promotion_pct_of_gross,Promotion % of Gross,3.9,3.5,-0.4,-10.26,0.0,Improvement
P0308,Flipkart,Dove,Hair Care,promotion_pct_of_gross,Promotion % of Gross,3.2,4.6,1.4,43.75,0.1,Deterioration
P0308,JioMart,Dove,Hair Care,promotion_pct_of_gross,Promotion % of Gross,3.4,5.0,1.6,47.06,0.1,Deterioration
P0308,Meesho,Dove,Hair Care,promotion_pct_of_gross,Promotion % of Gross,3.1,3.5,0.4,12.9,0.0,Deterioration
P0308,Website,Dove,Hair Care,promotion_pct_of_gross,Promotion % of Gross,3.5,5.2,1.7,48.57,0.2,Deterioration
P0342,Amazon,Fino,Hair Care,promotion_pct_of_gross,Promotion % of Gross,3.4,3.4,0.0,0.0,0.0,No Change
P0342,Flipkart,Fino,Hair Care,promotion_pct_of_gross,Promotion % of Gross,5.9,5.7,-0.2,-3.39,0.0,Improvement
P0342,JioMart,Fino,Hair Care,promotion_pct_of_gross,Promotion % of Gross,4.4,3.2,-1.2,-27.27,0.1,Improvement
P0342,Meesho,Fino,Hair Care,promotion_pct_of_gross,Promotion % of Gross,0.9,4.5,3.6,400.0,0.3,Deterioration
P0342,Website,Fino,Hair Care,promotion_pct_of_gross,Promotion % of Gross,3.8,2.5,-1.3,-34.21,0.1,Improvement
P0343,Amazon,Fino,Hair Care,promotion_pct_of_gross,Promotion % of Gross,4.1,4.8,0.7,17.07,0.1,Deterioration
P0343,Flipkart,Fino,Hair Care,promotion_pct_of_gross,Promotion % of Gross,3.1,4.3,1.2,38.71,0.1,Deterioration
P0343,JioMart,Fino,Hair Care,promotion_pct_of_gross,Promotion % of Gross,5.9,5.8,-0.1,-1.69,0.0,Improvement
P0343,Meesho,Fino,Hair Care,promotion_pct_of_gross,Promotion % of Gross,3.1,2.7,-0.4,-12.9,0.0,Improvement
P0343,Website,Fino,Hair Care,promotion_pct_of_gross,Promotion % of Gross,10.0,4.2,-5.8,-58.0,0.5,Improvement
P0427,Amazon,Kaowmanee,Skin Care,promotion_pct_of_gross,Promotion % of Gross,5.4,4.3,-1.1,-20.37,0.1,Improvement
P0427,Flipkart,Kaowmanee,Skin Care,promotion_pct_of_gross,Promotion % of Gross,4.7,2.1,-2.6,-55.32,0.2,Improvement
P0427,JioMart,Kaowmanee,Skin Care,promotion_pct_of_gross,Promotion % of Gross,3.2,2.2,-1.0,-31.25,0.1,Improvement
P0427,Meesho,Kaowmanee,Skin Care,promotion_pct_of_gross,Promotion % of Gross,3.4,2.8,-0.6,-17.65,0.1,Improvement
P0427,Website,Kaowmanee,Skin Care,promotion_pct_of_gross,Promotion % of Gross,3.6,4.3,0.7,19.44,0.1,Deterioration
P0437,Amazon,L'Oreal Paris,Skin Care,promotion_pct_of_gross,Promotion % of Gross,4.6,2.9,-1.7,-36.96,0.2,Improvement
P0437,Flipkart,L'Oreal Paris,Skin Care,promotion_pct_of_gross,Promotion % of Gross,2.8,2.7,-0.1,-3.57,0.0,Improvement
P0437,JioMart,L'Oreal Paris,Skin Care,promotion_pct_of_gross,Promotion % of Gross,6.0,5.5,-0.5,-8.33,0.0,Improvement
P0437,Meesho,L'Oreal Paris,Skin Care,promotion_pct_of_gross,Promotion % of Gross,0.0,4.6,4.6,,0.4,Deterioration
P0437,Website,L'Oreal Paris,Skin Care,promotion_pct_of_gross,Promotion % of Gross,3.7,1.2,-2.5,-67.57,0.2,Improvement
P0475,Amazon,Listerine,Oral Care,promotion_pct_of_gross,Promotion % of Gross,3.5,3.9,0.4,11.43,0.0,Deterioration
P0475,Flipkart,Listerine,Oral Care,promotion_pct_of_gross,Promotion % of Gross,4.3,4.7,0.4,9.3,0.0,Deterioration
P0475,JioMart,Listerine,Oral Care,promotion_pct_of_gross,Promotion % of Gross,2.3,3.2,0.9,39.13,0.1,Deterioration
P0475,Meesho,Listerine,Oral Care,promotion_pct_of_gross,Promotion % of Gross,4.5,4.0,-0.5,-11.11,0.0,Improvement
P0475,Website,Listerine,Oral Care,promotion_pct_of_gross,Promotion % of Gross,4.4,4.7,0.3,6.82,0.0,Deterioration
P0476,Amazon,Listerine,Oral Care,promotion_pct_of_gross,Promotion % of Gross,4.6,3.3,-1.3,-28.26,0.1,Improvement
P0476,Flipkart,Listerine,Oral Care,promotion_pct_of_gross,Promotion % of Gross,2.6,3.7,1.1,42.31,0.1,Deterioration
P0476,JioMart,Listerine,Oral Care,promotion_pct_of_gross,Promotion % of Gross,4.2,4.4,0.2,4.76,0.0,Deterioration
P0476,Meesho,Listerine,Oral Care,promotion_pct_of_gross,Promotion % of Gross,3.3,3.7,0.4,12.12,0.0,Deterioration
P0476,Website,Listerine,Oral Care,promotion_pct_of_gross,Promotion % of Gross,3.7,3.7,0.0,0.0,0.0,No Change
P0488,Amazon,Listerine,Oral Care,promotion_pct_of_gross,Promotion % of Gross,4.8,3.7,-1.1,-22.92,0.1,Improvement
P0488,Flipkart,Listerine,Oral Care,promotion_pct_of_gross,Promotion % of Gross,5.5,3.1,-2.4,-43.64,0.2,Improvement
P0488,JioMart,Listerine,Oral Care,promotion_pct_of_gross,Promotion % of Gross,3.4,5.3,1.9,55.88,0.2,Deterioration
P0488,Meesho,Listerine,Oral Care,promotion_pct_of_gross,Promotion % of Gross,3.9,4.5,0.6,15.38,0.1,Deterioration
P0488,Website,Listerine,Oral Care,promotion_pct_of_gross,Promotion % of Gross,3.4,4.2,0.8,23.53,0.1,Deterioration
P0528,Amazon,NEXCARE,Skin Care,promotion_pct_of_gross,Promotion % of Gross,3.8,4.8,1.0,26.32,0.1,Deterioration
P0528,Flipkart,NEXCARE,Skin Care,promotion_pct_of_gross,Promotion % of Gross,3.0,3.7,0.7,23.33,0.1,Deterioration
P0528,JioMart,NEXCARE,Skin Care,promotion_pct_of_gross,Promotion % of Gross,3.2,6.4,3.2,100.0,0.3,Deterioration
P0528,Meesho,NEXCARE,Skin Care,promotion_pct_of_gross,Promotion % of Gross,3.2,5.7,2.5,78.12,0.2,Deterioration
P0528,Website,NEXCARE,Skin Care,promotion_pct_of_gross,Promotion % of Gross,7.2,4.5,-2.7,-37.5,0.3,Improvement
P0529,Amazon,NEXCARE,Skin Care,promotion_pct_of_gross,Promotion % of Gross,3.6,4.6,1.0,27.78,0.1,Deterioration
P0529,Flipkart,NEXCARE,Skin Care,promotion_pct_of_gross,Promotion % of Gross,2.9,5.2,2.3,79.31,0.2,Deterioration
P0529,JioMart,NEXCARE,Skin Care,promotion_pct_of_gross,Promotion % of Gross,6.5,4.6,-1.9,-29.23,0.2,Improvement
P0529,Meesho,NEXCARE,Skin Care,promotion_pct_of_gross,Promotion % of Gross,5.5,7.3,1.8,32.73,0.2,Deterioration
P0529,Website,NEXCARE,Skin Care,promotion_pct_of_gross,Promotion % of Gross,2.0,3.5,1.5,75.0,0.1,Deterioration
P0531,Amazon,NEXCARE,Skin Care,promotion_pct_of_gross,Promotion % of Gross,3.1,3.4,0.3,9.68,0.0,Deterioration
P0531,Flipkart,NEXCARE,Skin Care,promotion_pct_of_gross,Promotion % of Gross,3.9,2.9,-1.0,-25.64,0.1,Improvement
P0531,JioMart,NEXCARE,Skin Care,promotion_pct_of_gross,Promotion % of Gross,4.2,5.1,0.9,21.43,0.1,Deterioration
P0531,Meesho,NEXCARE,Skin Care,promotion_pct_of_gross,Promotion % of Gross,5.0,2.6,-2.4,-48.0,0.2,Improvement
P0531,Website,NEXCARE,Skin Care,promotion_pct_of_gross,Promotion % of Gross,3.5,5.5,2.0,57.14,0.2,Deterioration
P0534,Amazon,Nexcare,Skin Care,promotion_pct_of_gross,Promotion % of Gross,4.0,4.5,0.5,12.5,0.0,Deterioration
P0534,Flipkart,Nexcare,Skin Care,promotion_pct_of_gross,Promotion % of Gross,5.6,4.3,-1.3,-23.21,0.1,Improvement
P0534,JioMart,Nexcare,Skin Care,promotion_pct_of_gross,Promotion % of Gross,4.7,3.2,-1.5,-31.91,0.1,Improvement
P0534,Meesho,Nexcare,Skin Care,promotion_pct_of_gross,Promotion % of Gross,4.5,5.2,0.7,15.56,0.1,Deterioration
P0534,Website,Nexcare,Skin Care,promotion_pct_of_gross,Promotion % of Gross,1.0,4.7,3.7,370.0,0.3,Deterioration
P0536,Amazon,NOVOLIFE,Health & Wellness,promotion_pct_of_gross,Promotion % of Gross,4.8,5.4,0.6,12.5,0.1,Deterioration
P0536,Flipkart,NOVOLIFE,Health & Wellness,promotion_pct_of_gross,Promotion % of Gross,4.3,5.1,0.8,18.6,0.1,Deterioration
P0536,JioMart,NOVOLIFE,Health & Wellness,promotion_pct_of_gross,Promotion % of Gross,5.4,3.7,-1.7,-31.48,0.2,Improvement
P0536,Meesho,NOVOLIFE,Health & Wellness,promotion_pct_of_gross,Promotion % of Gross,3.2,2.6,-0.6,-18.75,0.1,Improvement
P0536,Website,NOVOLIFE,Health & Wellness,promotion_pct_of_gross,Promotion % of Gross,2.2,3.4,1.2,54.55,0.1,Deterioration
P0543,Amazon,Ora2,Oral Care,promotion_pct_of_gross,Promotion % of Gross,3.2,4.5,1.3,40.62,0.1,Deterioration
P0543,Flipkart,Ora2,Oral Care,promotion_pct_of_gross,Promotion % of Gross,4.4,4.5,0.1,2.27,0.0,Deterioration
P0543,JioMart,Ora2,Oral Care,promotion_pct_of_gross,Promotion % of Gross,3.1,6.2,3.1,100.0,0.3,Deterioration
P0543,Meesho,Ora2,Oral Care,promotion_pct_of_gross,Promotion % of Gross,3.2,2.3,-0.9,-28.13,0.1,Improvement
P0543,Website,Ora2,Oral Care,promotion_pct_of_gross,Promotion % of Gross,3.7,5.1,1.4,37.84,0.1,Deterioration
P0546,Amazon,Ora2,Oral Care,promotion_pct_of_gross,Promotion % of Gross,4.4,4.6,0.2,4.55,0.0,Deterioration
P0546,Flipkart,Ora2,Oral Care,promotion_pct_of_gross,Promotion % of Gross,4.3,3.9,-0.4,-9.3,0.0,Improvement
P0546,JioMart,Ora2,Oral Care,promotion_pct_of_gross,Promotion % of Gross,2.0,3.5,1.5,75.0,0.1,Deterioration
P0546,Meesho,Ora2,Oral Care,promotion_pct_of_gross,Promotion % of Gross,5.2,5.1,-0.1,-1.92,0.0,Improvement
P0546,Website,Ora2,Oral Care,promotion_pct_of_gross,Promotion % of Gross,2.2,3.9,1.7,77.27,0.2,Deterioration
P0547,Amazon,Oral-B,Oral Care,promotion_pct_of_gross,Promotion % of Gross,4.2,4.1,-0.1,-2.38,0.0,Improvement
P0547,Flipkart,Oral-B,Oral Care,promotion_pct_of_gross,Promotion % of Gross,4.4,2.6,-1.8,-40.91,0.2,Improvement
P0547,JioMart,Oral-B,Oral Care,promotion_pct_of_gross,Promotion % of Gross,2.6,6.1,3.5,134.62,0.3,Deterioration
P0547,Meesho,Oral-B,Oral Care,promotion_pct_of_gross,Promotion % of Gross,4.5,2.8,-1.7,-37.78,0.2,Improvement
P0547,Website,Oral-B,Oral Care,promotion_pct_of_gross,Promotion % of Gross,6.8,3.3,-3.5,-51.47,0.3,Improvement
P0548,Amazon,Oral-B,Oral Care,promotion_pct_of_gross,Promotion % of Gross,3.5,4.2,0.7,20.0,0.1,Deterioration
P0548,Flipkart,Oral-B,Oral Care,promotion_pct_of_gross,Promotion % of Gross,5.4,4.1,-1.3,-24.07,0.1,Improvement
P0548,JioMart,Oral-B,Oral Care,promotion_pct_of_gross,Promotion % of Gross,3.2,5.0,1.8,56.25,0.2,Deterioration
P0548,Meesho,Oral-B,Oral Care,promotion_pct_of_gross,Promotion % of Gross,2.0,7.8,5.8,290.0,0.5,Deterioration
P0548,Website,Oral-B,Oral Care,promotion_pct_of_gross,Promotion % of Gross,2.7,2.8,0.1,3.7,0.0,Deterioration
P0553,Amazon,Oral-B,Oral Care,promotion_pct_of_gross,Promotion % of Gross,4.6,3.3,-1.3,-28.26,0.1,Improvement
P0553,Flipkart,Oral-B,Oral Care,promotion_pct_of_gross,Promotion % of Gross,4.0,2.7,-1.3,-32.5,0.1,Improvement
P0553,JioMart,Oral-B,Oral Care,promotion_pct_of_gross,Promotion % of Gross,2.3,5.9,3.6,156.52,0.3,Deterioration
P0553,Meesho,Oral-B,Oral Care,promotion_pct_of_gross,Promotion % of Gross,6.3,4.9,-1.4,-22.22,0.1,Improvement
P0553,Website,Oral-B,Oral Care,promotion_pct_of_gross,Promotion % of Gross,3.3,3.6,0.3,9.09,0.0,Deterioration
P0554,Amazon,Oral-B,Oral Care,promotion_pct_of_gross,Promotion % of Gross,4.8,4.7,-0.1,-2.08,0.0,Improvement
P0554,Flipkart,Oral-B,Oral Care,promotion_pct_of_gross,Promotion % of Gross,5.6,2.9,-2.7,-48.21,0.3,Improvement
P0554,JioMart,Oral-B,Oral Care,promotion_pct_of_gross,Promotion % of Gross,4.5,3.6,-0.9,-20.0,0.1,Improvement
P0554,Meesho,Oral-B,Oral Care,promotion_pct_of_gross,Promotion % of Gross,2.9,2.9,0.0,0.0,0.0,No Change
P0554,Website,Oral-B,Oral Care,promotion_pct_of_gross,Promotion % of Gross,5.7,2.4,-3.3,-57.89,0.3,Improvement
P0555,Amazon,Oral-B,Oral Care,promotion_pct_of_gross,Promotion % of Gross,4.0,4.2,0.2,5.0,0.0,Deterioration
P0555,Flipkart,Oral-B,Oral Care,promotion_pct_of_gross,Promotion % of Gross,4.7,2.3,-2.4,-51.06,0.2,Improvement
P0555,JioMart,Oral-B,Oral Care,promotion_pct_of_gross,Promotion % of Gross,4.8,2.7,-2.1,-43.75,0.2,Improvement
P0555,Meesho,Oral-B,Oral Care,promotion_pct_of_gross,Promotion % of Gross,4.5,4.9,0.4,8.89,0.0,Deterioration
P0555,Website,Oral-B,Oral Care,promotion_pct_of_gross,Promotion % of Gross,0.9,6.5,5.6,622.22,0.5,Deterioration
P0557,Amazon,Oral-B,Oral Care,promotion_pct_of_gross,Promotion % of Gross,3.7,3.2,-0.5,-13.51,0.0,Improvement
P0557,Flipkart,Oral-B,Oral Care,promotion_pct_of_gross,Promotion % of Gross,2.5,2.3,-0.2,-8.0,0.0,Improvement
P0557,JioMart,Oral-B,Oral Care,promotion_pct_of_gross,Promotion % of Gross,2.8,2.5,-0.3,-10.71,0.0,Improvement
P0557,Meesho,Oral-B,Oral Care,promotion_pct_of_gross,Promotion % of Gross,4.4,3.1,-1.3,-29.55,0.1,Improvement
P0557,Website,Oral-B,Oral Care,promotion_pct_of_gross,Promotion % of Gross,2.6,6.6,4.0,153.85,0.4,Deterioration
P0562,Amazon,Oral-B,Oral Care,promotion_pct_of_gross,Promotion % of Gross,4.0,4.4,0.4,10.0,0.0,Deterioration
P0562,Flipkart,Oral-B,Oral Care,promotion_pct_of_gross,Promotion % of Gross,3.5,6.5,3.0,85.71,0.3,Deterioration
P0562,JioMart,Oral-B,Oral Care,promotion_pct_of_gross,Promotion % of Gross,4.5,2.7,-1.8,-40.0,0.2,Improvement
P0562,Meesho,Oral-B,Oral Care,promotion_pct_of_gross,Promotion % of Gross,2.9,4.5,1.6,55.17,0.1,Deterioration
P0562,Website,Oral-B,Oral Care,promotion_pct_of_gross,Promotion % of Gross,3.0,5.4,2.4,80.0,0.2,Deterioration
P0563,Amazon,Oral-B,Oral Care,promotion_pct_of_gross,Promotion % of Gross,5.6,5.5,-0.1,-1.79,0.0,Improvement
P0563,Flipkart,Oral-B,Oral Care,promotion_pct_of_gross,Promotion % of Gross,3.4,4.4,1.0,29.41,0.1,Deterioration
P0563,JioMart,Oral-B,Oral Care,promotion_pct_of_gross,Promotion % of Gross,6.7,3.0,-3.7,-55.22,0.3,Improvement
P0563,Meesho,Oral-B,Oral Care,promotion_pct_of_gross,Promotion % of Gross,4.6,2.8,-1.8,-39.13,0.2,Improvement
P0563,Website,Oral-B,Oral Care,promotion_pct_of_gross,Promotion % of Gross,2.1,3.1,1.0,47.62,0.1,Deterioration
P0565,Amazon,Pair,Skin Care,promotion_pct_of_gross,Promotion % of Gross,4.0,4.8,0.8,20.0,0.1,Deterioration
P0565,Flipkart,Pair,Skin Care,promotion_pct_of_gross,Promotion % of Gross,3.1,3.1,0.0,0.0,0.0,No Change
P0565,JioMart,Pair,Skin Care,promotion_pct_of_gross,Promotion % of Gross,6.4,1.7,-4.7,-73.44,0.4,Improvement
P0565,Meesho,Pair,Skin Care,promotion_pct_of_gross,Promotion % of Gross,6.4,2.9,-3.5,-54.69,0.3,Improvement
P0565,Website,Pair,Skin Care,promotion_pct_of_gross,Promotion % of Gross,1.7,2.7,1.0,58.82,0.1,Deterioration
P0566,Amazon,Pantene,Hair Care,promotion_pct_of_gross,Promotion % of Gross,4.0,4.6,0.6,15.0,0.1,Deterioration
P0566,Flipkart,Pantene,Hair Care,promotion_pct_of_gross,Promotion % of Gross,2.7,3.8,1.1,40.74,0.1,Deterioration
P0566,JioMart,Pantene,Hair Care,promotion_pct_of_gross,Promotion % of Gross,4.2,3.6,-0.6,-14.29,0.1,Improvement
P0566,Meesho,Pantene,Hair Care,promotion_pct_of_gross,Promotion % of Gross,4.8,3.4,-1.4,-29.17,0.1,Improvement
P0566,Website,Pantene,Hair Care,promotion_pct_of_gross,Promotion % of Gross,3.5,3.2,-0.3,-8.57,0.0,Improvement
P0573,Amazon,Pantene,Hair Care,promotion_pct_of_gross,Promotion % of Gross,4.7,4.2,-0.5,-10.64,0.0,Improvement
P0573,Flipkart,Pantene,Hair Care,promotion_pct_of_gross,Promotion % of Gross,3.7,4.9,1.2,32.43,0.1,Deterioration
P0573,JioMart,Pantene,Hair Care,promotion_pct_of_gross,Promotion % of Gross,5.0,4.9,-0.1,-2.0,0.0,Improvement
P0573,Meesho,Pantene,Hair Care,promotion_pct_of_gross,Promotion % of Gross,3.2,5.3,2.1,65.62,0.2,Deterioration
P0573,Website,Pantene,Hair Care,promotion_pct_of_gross,Promotion % of Gross,4.3,2.7,-1.6,-37.21,0.1,Improvement
P0581,Amazon,Pantene,Hair Care,promotion_pct_of_gross,Promotion % of Gross,3.2,4.0,0.8,25.0,0.1,Deterioration
P0581,Flipkart,Pantene,Hair Care,promotion_pct_of_gross,Promotion % of Gross,3.5,2.9,-0.6,-17.14,0.1,Improvement
P0581,JioMart,Pantene,Hair Care,promotion_pct_of_gross,Promotion % of Gross,2.1,4.9,2.8,133.33,0.3,Deterioration
P0581,Meesho,Pantene,Hair Care,promotion_pct_of_gross,Promotion % of Gross,5.3,5.8,0.5,9.43,0.0,Deterioration
P0581,Website,Pantene,Hair Care,promotion_pct_of_gross,Promotion % of Gross,6.7,6.6,-0.1,-1.49,0.0,Improvement
P0586,Amazon,Pantene,Hair Care,promotion_pct_of_gross,Promotion % of Gross,4.3,4.8,0.5,11.63,0.0,Deterioration
P0586,Flipkart,Pantene,Hair Care,promotion_pct_of_gross,Promotion % of Gross,4.7,3.4,-1.3,-27.66,0.1,Improvement
P0586,JioMart,Pantene,Hair Care,promotion_pct_of_gross,Promotion % of Gross,3.5,4.6,1.1,31.43,0.1,Deterioration
P0586,Meesho,Pantene,Hair Care,promotion_pct_of_gross,Promotion % of Gross,3.5,2.2,-1.3,-37.14,0.1,Improvement
P0586,Website,Pantene,Hair Care,promotion_pct_of_gross,Promotion % of Gross,3.4,5.0,1.6,47.06,0.1,Deterioration
P0590,Amazon,Pantene,Hair Care,promotion_pct_of_gross,Promotion % of Gross,5.1,3.7,-1.4,-27.45,0.1,Improvement
P0590,Flipkart,Pantene,Hair Care,promotion_pct_of_gross,Promotion % of Gross,4.5,4.0,-0.5,-11.11,0.0,Improvement
P0590,JioMart,Pantene,Hair Care,promotion_pct_of_gross,Promotion % of Gross,3.3,4.4,1.1,33.33,0.1,Deterioration
P0590,Meesho,Pantene,Hair Care,promotion_pct_of_gross,Promotion % of Gross,4.7,4.0,-0.7,-14.89,0.1,Improvement
P0590,Website,Pantene,Hair Care,promotion_pct_of_gross,Promotion % of Gross,5.1,6.3,1.2,23.53,0.1,Deterioration
P0594,Amazon,Pantene,Hair Care,promotion_pct_of_gross,Promotion % of Gross,4.3,3.7,-0.6,-13.95,0.1,Improvement
P0594,Flipkart,Pantene,Hair Care,promotion_pct_of_gross,Promotion % of Gross,4.6,3.3,-1.3,-28.26,0.1,Improvement
P0594,JioMart,Pantene,Hair Care,promotion_pct_of_gross,Promotion % of Gross,2.9,4.5,1.6,55.17,0.1,Deterioration
P0594,Meesho,Pantene,Hair Care,promotion_pct_of_gross,Promotion % of Gross,3.6,3.7,0.1,2.78,0.0,Deterioration
P0594,Website,Pantene,Hair Care,promotion_pct_of_gross,Promotion % of Gross,2.5,5.8,3.3,132.0,0.3,Deterioration
P0595,Amazon,Pantene,Hair Care,promotion_pct_of_gross,Promotion % of Gross,3.5,4.5,1.0,28.57,0.1,Deterioration
P0595,Flipkart,Pantene,Hair Care,promotion_pct_of_gross,Promotion % of Gross,2.7,5.9,3.2,118.52,0.3,Deterioration
P0595,JioMart,Pantene,Hair Care,promotion_pct_of_gross,Promotion % of Gross,6.4,4.2,-2.2,-34.38,0.2,Improvement
P0595,Meesho,Pantene,Hair Care,promotion_pct_of_gross,Promotion % of Gross,3.0,3.4,0.4,13.33,0.0,Deterioration
P0595,Website,Pantene,Hair Care,promotion_pct_of_gross,Promotion % of Gross,2.8,3.8,1.0,35.71,0.1,Deterioration
P0598,Amazon,Pantene,Hair Care,promotion_pct_of_gross,Promotion % of Gross,3.4,4.1,0.7,20.59,0.1,Deterioration
P0598,Flipkart,Pantene,Hair Care,promotion_pct_of_gross,Promotion % of Gross,3.4,5.8,2.4,70.59,0.2,Deterioration
P0598,JioMart,Pantene,Hair Care,promotion_pct_of_gross,Promotion % of Gross,5.0,4.1,-0.9,-18.0,0.1,Improvement
P0598,Meesho,Pantene,Hair Care,promotion_pct_of_gross,Promotion % of Gross,4.1,5.5,1.4,34.15,0.1,Deterioration
P0598,Website,Pantene,Hair Care,promotion_pct_of_gross,Promotion % of Gross,3.2,2.7,-0.5,-15.62,0.0,Improvement
P0602,Amazon,Pantene,Hair Care,promotion_pct_of_gross,Promotion % of Gross,4.6,3.5,-1.1,-23.91,0.1,Improvement
P0602,Flipkart,Pantene,Hair Care,promotion_pct_of_gross,Promotion % of Gross,4.3,4.7,0.4,9.3,0.0,Deterioration
P0602,JioMart,Pantene,Hair Care,promotion_pct_of_gross,Promotion % of Gross,4.6,7.5,2.9,63.04,0.3,Deterioration
P0602,Meesho,Pantene,Hair Care,promotion_pct_of_gross,Promotion % of Gross,3.5,4.2,0.7,20.0,0.1,Deterioration
P0602,Website,Pantene,Hair Care,promotion_pct_of_gross,Promotion % of Gross,3.3,2.8,-0.5,-15.15,0.0,Improvement
P0604,Amazon,Pantene,Hair Care,promotion_pct_of_gross,Promotion % of Gross,5.0,3.1,-1.9,-38.0,0.2,Improvement
P0604,Flipkart,Pantene,Hair Care,promotion_pct_of_gross,Promotion % of Gross,4.1,3.6,-0.5,-12.2,0.0,Improvement
P0604,JioMart,Pantene,Hair Care,promotion_pct_of_gross,Promotion % of Gross,3.5,5.1,1.6,45.71,0.1,Deterioration
P0604,Meesho,Pantene,Hair Care,promotion_pct_of_gross,Promotion % of Gross,3.8,2.4,-1.4,-36.84,0.1,Improvement
P0604,Website,Pantene,Hair Care,promotion_pct_of_gross,Promotion % of Gross,6.5,4.3,-2.2,-33.85,0.2,Improvement
P0605,Amazon,Pantene,Hair Care,promotion_pct_of_gross,Promotion % of Gross,3.8,4.5,0.7,18.42,0.1,Deterioration
P0605,Flipkart,Pantene,Hair Care,promotion_pct_of_gross,Promotion % of Gross,3.3,3.7,0.4,12.12,0.0,Deterioration
P0605,JioMart,Pantene,Hair Care,promotion_pct_of_gross,Promotion % of Gross,4.2,4.5,0.3,7.14,0.0,Deterioration
P0605,Meesho,Pantene,Hair Care,promotion_pct_of_gross,Promotion % of Gross,1.9,5.0,3.1,163.16,0.3,Deterioration
P0605,Website,Pantene,Hair Care,promotion_pct_of_gross,Promotion % of Gross,2.9,3.5,0.6,20.69,0.1,Deterioration
P0609,Amazon,Pantene,Hair Care,promotion_pct_of_gross,Promotion % of Gross,3.7,4.4,0.7,18.92,0.1,Deterioration
P0609,Flipkart,Pantene,Hair Care,promotion_pct_of_gross,Promotion % of Gross,6.3,3.9,-2.4,-38.1,0.2,Improvement
P0609,JioMart,Pantene,Hair Care,promotion_pct_of_gross,Promotion % of Gross,5.4,2.6,-2.8,-51.85,0.3,Improvement
P0609,Meesho,Pantene,Hair Care,promotion_pct_of_gross,Promotion % of Gross,2.8,3.9,1.1,39.29,0.1,Deterioration
P0609,Website,Pantene,Hair Care,promotion_pct_of_gross,Promotion % of Gross,6.1,5.6,-0.5,-8.2,0.0,Improvement
P0610,Amazon,Pantene,Hair Care,promotion_pct_of_gross,Promotion % of Gross,4.3,3.5,-0.8,-18.6,0.1,Improvement
P0610,Flipkart,Pantene,Hair Care,promotion_pct_of_gross,Promotion % of Gross,2.4,5.3,2.9,120.83,0.3,Deterioration
P0610,JioMart,Pantene,Hair Care,promotion_pct_of_gross,Promotion % of Gross,5.9,6.9,1.0,16.95,0.1,Deterioration
P0610,Meesho,Pantene,Hair Care,promotion_pct_of_gross,Promotion % of Gross,6.4,4.0,-2.4,-37.5,0.2,Improvement
P0610,Website,Pantene,Hair Care,promotion_pct_of_gross,Promotion % of Gross,2.7,3.4,0.7,25.93,0.1,Deterioration
P0617,Amazon,Pantene,Hair Care,promotion_pct_of_gross,Promotion % of Gross,3.2,3.6,0.4,12.5,0.0,Deterioration
P0617,Flipkart,Pantene,Hair Care,promotion_pct_of_gross,Promotion % of Gross,4.3,4.1,-0.2,-4.65,0.0,Improvement
P0617,JioMart,Pantene,Hair Care,promotion_pct_of_gross,Promotion % of Gross,5.7,3.1,-2.6,-45.61,0.2,Improvement
P0617,Meesho,Pantene,Hair Care,promotion_pct_of_gross,Promotion % of Gross,4.2,5.2,1.0,23.81,0.1,Deterioration
P0617,Website,Pantene,Hair Care,promotion_pct_of_gross,Promotion % of Gross,4.7,5.6,0.9,19.15,0.1,Deterioration
P0679,Amazon,Poy Sian,Health & Wellness,promotion_pct_of_gross,Promotion % of Gross,2.8,3.6,0.8,28.57,0.1,Deterioration
P0679,Flipkart,Poy Sian,Health & Wellness,promotion_pct_of_gross,Promotion % of Gross,4.0,3.8,-0.2,-5.0,0.0,Improvement
P0679,JioMart,Poy Sian,Health & Wellness,promotion_pct_of_gross,Promotion % of Gross,5.4,4.1,-1.3,-24.07,0.1,Improvement
P0679,Meesho,Poy Sian,Health & Wellness,promotion_pct_of_gross,Promotion % of Gross,4.6,4.0,-0.6,-13.04,0.1,Improvement
P0679,Website,Poy Sian,Health & Wellness,promotion_pct_of_gross,Promotion % of Gross,4.9,5.7,0.8,16.33,0.1,Deterioration
P0690,Amazon,Protex,Body Care,promotion_pct_of_gross,Promotion % of Gross,4.0,3.9,-0.1,-2.5,0.0,Improvement
P0690,Flipkart,Protex,Body Care,promotion_pct_of_gross,Promotion % of Gross,4.7,3.8,-0.9,-19.15,0.1,Improvement
P0690,JioMart,Protex,Body Care,promotion_pct_of_gross,Promotion % of Gross,7.6,2.3,-5.3,-69.74,0.5,Improvement
P0690,Meesho,Protex,Body Care,promotion_pct_of_gross,Promotion % of Gross,3.9,4.0,0.1,2.56,0.0,Deterioration
P0690,Website,Protex,Body Care,promotion_pct_of_gross,Promotion % of Gross,1.2,1.4,0.2,16.67,0.0,Deterioration
P0705,Amazon,Protex,Body Care,promotion_pct_of_gross,Promotion % of Gross,3.0,3.4,0.4,13.33,0.0,Deterioration
P0705,Flipkart,Protex,Body Care,promotion_pct_of_gross,Promotion % of Gross,4.9,3.7,-1.2,-24.49,0.1,Improvement
P0705,JioMart,Protex,Body Care,promotion_pct_of_gross,Promotion % of Gross,1.1,4.9,3.8,345.45,0.4,Deterioration
P0705,Meesho,Protex,Body Care,promotion_pct_of_gross,Promotion % of Gross,3.0,2.7,-0.3,-10.0,0.0,Improvement
P0705,Website,Protex,Body Care,promotion_pct_of_gross,Promotion % of Gross,3.0,3.3,0.3,10.0,0.0,Deterioration
P0706,Amazon,Protex,Body Care,promotion_pct_of_gross,Promotion % of Gross,4.6,3.3,-1.3,-28.26,0.1,Improvement
P0706,Flipkart,Protex,Body Care,promotion_pct_of_gross,Promotion % of Gross,2.6,4.1,1.5,57.69,0.1,Deterioration
P0706,JioMart,Protex,Body Care,promotion_pct_of_gross,Promotion % of Gross,4.9,5.1,0.2,4.08,0.0,Deterioration
P0706,Meesho,Protex,Body Care,promotion_pct_of_gross,Promotion % of Gross,3.2,3.9,0.7,21.87,0.1,Deterioration
P0706,Website,Protex,Body Care,promotion_pct_of_gross,Promotion % of Gross,4.1,5.4,1.3,31.71,0.1,Deterioration
P0720,Amazon,Protex,Body Care,promotion_pct_of_gross,Promotion % of Gross,4.4,2.6,-1.8,-40.91,0.2,Improvement
P0720,Flipkart,Protex,Body Care,promotion_pct_of_gross,Promotion % of Gross,4.5,4.3,-0.2,-4.44,0.0,Improvement
P0720,JioMart,Protex,Body Care,promotion_pct_of_gross,Promotion % of Gross,2.4,9.5,7.1,295.83,0.7,Deterioration
P0720,Meesho,Protex,Body Care,promotion_pct_of_gross,Promotion % of Gross,3.6,4.8,1.2,33.33,0.1,Deterioration
P0720,Website,Protex,Body Care,promotion_pct_of_gross,Promotion % of Gross,2.1,3.6,1.5,71.43,0.1,Deterioration
P0744,Amazon,Rexona,Body Care,promotion_pct_of_gross,Promotion % of Gross,5.0,4.6,-0.4,-8.0,0.0,Improvement
P0744,Flipkart,Rexona,Body Care,promotion_pct_of_gross,Promotion % of Gross,6.3,4.3,-2.0,-31.75,0.2,Improvement
P0744,JioMart,Rexona,Body Care,promotion_pct_of_gross,Promotion % of Gross,4.6,2.3,-2.3,-50.0,0.2,Improvement
P0744,Meesho,Rexona,Body Care,promotion_pct_of_gross,Promotion % of Gross,1.8,4.1,2.3,127.78,0.2,Deterioration
P0744,Website,Rexona,Body Care,promotion_pct_of_gross,Promotion % of Gross,1.5,1.6,0.1,6.67,0.0,Deterioration
P0747,Amazon,Rexona,Body Care,promotion_pct_of_gross,Promotion % of Gross,4.0,4.5,0.5,12.5,0.0,Deterioration
P0747,Flipkart,Rexona,Body Care,promotion_pct_of_gross,Promotion % of Gross,3.1,4.2,1.1,35.48,0.1,Deterioration
P0747,JioMart,Rexona,Body Care,promotion_pct_of_gross,Promotion % of Gross,3.5,3.1,-0.4,-11.43,0.0,Improvement
P0747,Meesho,Rexona,Body Care,promotion_pct_of_gross,Promotion % of Gross,2.0,3.9,1.9,95.0,0.2,Deterioration
P0747,Website,Rexona,Body Care,promotion_pct_of_gross,Promotion % of Gross,3.4,3.4,0.0,0.0,0.0,No Change
P0753,Amazon,Rexona,Body Care,promotion_pct_of_gross,Promotion % of Gross,4.3,3.4,-0.9,-20.93,0.1,Improvement
P0753,Flipkart,Rexona,Body Care,promotion_pct_of_gross,Promotion % of Gross,3.8,3.7,-0.1,-2.63,0.0,Improvement
P0753,JioMart,Rexona,Body Care,promotion_pct_of_gross,Promotion % of Gross,4.0,6.4,2.4,60.0,0.2,Deterioration
P0753,Meesho,Rexona,Body Care,promotion_pct_of_gross,Promotion % of Gross,4.7,3.1,-1.6,-34.04,0.1,Improvement
P0753,Website,Rexona,Body Care,promotion_pct_of_gross,Promotion % of Gross,3.7,5.1,1.4,37.84,0.1,Deterioration
P0758,Amazon,Sasi,Lip,promotion_pct_of_gross,Promotion % of Gross,5.3,5.1,-0.2,-3.77,0.0,Improvement
P0758,Flipkart,Sasi,Lip,promotion_pct_of_gross,Promotion % of Gross,3.8,2.7,-1.1,-28.95,0.1,Improvement
P0758,JioMart,Sasi,Lip,promotion_pct_of_gross,Promotion % of Gross,4.1,3.7,-0.4,-9.76,0.0,Improvement
P0758,Meesho,Sasi,Lip,promotion_pct_of_gross,Promotion % of Gross,4.2,1.7,-2.5,-59.52,0.2,Improvement
P0758,Website,Sasi,Lip,promotion_pct_of_gross,Promotion % of Gross,8.1,2.9,-5.2,-64.2,0.5,Improvement
P0763,Amazon,Sasi,Lip,promotion_pct_of_gross,Promotion % of Gross,3.5,4.2,0.7,20.0,0.1,Deterioration
P0763,Flipkart,Sasi,Lip,promotion_pct_of_gross,Promotion % of Gross,4.9,2.2,-2.7,-55.1,0.3,Improvement
P0763,JioMart,Sasi,Lip,promotion_pct_of_gross,Promotion % of Gross,0.5,5.6,5.1,1020.0,0.5,Deterioration
P0763,Meesho,Sasi,Lip,promotion_pct_of_gross,Promotion % of Gross,4.2,4.2,0.0,0.0,0.0,No Change
P0763,Website,Sasi,Lip,promotion_pct_of_gross,Promotion % of Gross,4.8,4.4,-0.4,-8.33,0.0,Improvement
P0770,Amazon,Sasi,Skin Care,promotion_pct_of_gross,Promotion % of Gross,4.2,2.8,-1.4,-33.33,0.1,Improvement
P0770,Flipkart,Sasi,Skin Care,promotion_pct_of_gross,Promotion % of Gross,4.8,5.3,0.5,10.42,0.0,Deterioration
P0770,JioMart,Sasi,Skin Care,promotion_pct_of_gross,Promotion % of Gross,4.4,4.2,-0.2,-4.55,0.0,Improvement
P0770,Meesho,Sasi,Skin Care,promotion_pct_of_gross,Promotion % of Gross,1.3,6.5,5.2,400.0,0.5,Deterioration
P0770,Website,Sasi,Skin Care,promotion_pct_of_gross,Promotion % of Gross,0.0,4.6,4.6,,0.4,Deterioration
P0777,Amazon,Senka,Skin Care,promotion_pct_of_gross,Promotion % of Gross,3.4,4.1,0.7,20.59,0.1,Deterioration
P0777,Flipkart,Senka,Skin Care,promotion_pct_of_gross,Promotion % of Gross,4.4,3.0,-1.4,-31.82,0.1,Improvement
P0777,JioMart,Senka,Skin Care,promotion_pct_of_gross,Promotion % of Gross,5.1,2.8,-2.3,-45.1,0.2,Improvement
P0777,Meesho,Senka,Skin Care,promotion_pct_of_gross,Promotion % of Gross,3.8,4.7,0.9,23.68,0.1,Deterioration
P0777,Website,Senka,Skin Care,promotion_pct_of_gross,Promotion % of Gross,0.8,4.1,3.3,412.5,0.3,Deterioration
P0780,Amazon,Senka,Skin Care,promotion_pct_of_gross,Promotion % of Gross,3.3,5.2,1.9,57.58,0.2,Deterioration
P0780,Flipkart,Senka,Skin Care,promotion_pct_of_gross,Promotion % of Gross,8.1,4.0,-4.1,-50.62,0.4,Improvement
P0780,JioMart,Senka,Skin Care,promotion_pct_of_gross,Promotion % of Gross,4.8,6.5,1.7,35.42,0.2,Deterioration
P0780,Meesho,Senka,Skin Care,promotion_pct_of_gross,Promotion % of Gross,2.5,3.1,0.6,24.0,0.1,Deterioration
P0780,Website,Senka,Skin Care,promotion_pct_of_gross,Promotion % of Gross,5.1,1.6,-3.5,-68.63,0.3,Improvement
P0781,Amazon,Senka,Skin Care,promotion_pct_of_gross,Promotion % of Gross,4.8,4.1,-0.7,-14.58,0.1,Improvement
P0781,Flipkart,Senka,Skin Care,promotion_pct_of_gross,Promotion % of Gross,5.7,3.6,-2.1,-36.84,0.2,Improvement
P0781,JioMart,Senka,Skin Care,promotion_pct_of_gross,Promotion % of Gross,0.9,4.7,3.8,422.22,0.4,Deterioration
P0781,Meesho,Senka,Skin Care,promotion_pct_of_gross,Promotion % of Gross,2.5,4.4,1.9,76.0,0.2,Deterioration
P0781,Website,Senka,Skin Care,promotion_pct_of_gross,Promotion % of Gross,5.8,3.3,-2.5,-43.1,0.2,Improvement
P0783,Amazon,Senka,Skin Care,promotion_pct_of_gross,Promotion % of Gross,4.8,4.3,-0.5,-10.42,0.0,Improvement
P0783,Flipkart,Senka,Skin Care,promotion_pct_of_gross,Promotion % of Gross,4.6,3.8,-0.8,-17.39,0.1,Improvement
P0783,JioMart,Senka,Skin Care,promotion_pct_of_gross,Promotion % of Gross,3.6,1.9,-1.7,-47.22,0.2,Improvement
P0783,Meesho,Senka,Skin Care,promotion_pct_of_gross,Promotion % of Gross,2.5,0.5,-2.0,-80.0,0.2,Improvement
P0783,Website,Senka,Skin Care,promotion_pct_of_gross,Promotion % of Gross,4.2,1.2,-3.0,-71.43,0.3,Improvement
P0795,Amazon,Senka,Skin Care,promotion_pct_of_gross,Promotion % of Gross,4.8,2.4,-2.4,-50.0,0.2,Improvement
P0795,Flipkart,Senka,Skin Care,promotion_pct_of_gross,Promotion % of Gross,4.5,3.2,-1.3,-28.89,0.1,Improvement
P0795,JioMart,Senka,Skin Care,promotion_pct_of_gross,Promotion % of Gross,1.6,5.2,3.6,225.0,0.3,Deterioration
P0795,Meesho,Senka,Skin Care,promotion_pct_of_gross,Promotion % of Gross,3.8,4.0,0.2,5.26,0.0,Deterioration
P0795,Website,Senka,Skin Care,promotion_pct_of_gross,Promotion % of Gross,3.9,1.4,-2.5,-64.1,0.2,Improvement
P0797,Amazon,Sensodyne,Oral Care,promotion_pct_of_gross,Promotion % of Gross,4.5,4.5,0.0,0.0,0.0,No Change
P0797,Flipkart,Sensodyne,Oral Care,promotion_pct_of_gross,Promotion % of Gross,3.8,4.4,0.6,15.79,0.1,Deterioration
P0797,JioMart,Sensodyne,Oral Care,promotion_pct_of_gross,Promotion % of Gross,2.5,7.4,4.9,196.0,0.5,Deterioration
P0797,Meesho,Sensodyne,Oral Care,promotion_pct_of_gross,Promotion % of Gross,1.9,3.4,1.5,78.95,0.1,Deterioration
P0797,Website,Sensodyne,Oral Care,promotion_pct_of_gross,Promotion % of Gross,4.0,2.1,-1.9,-47.5,0.2,Improvement
P0813,Amazon,Sensodyne,Oral Care,promotion_pct_of_gross,Promotion % of Gross,3.0,4.0,1.0,33.33,0.1,Deterioration
P0813,Flipkart,Sensodyne,Oral Care,promotion_pct_of_gross,Promotion % of Gross,4.1,2.0,-2.1,-51.22,0.2,Improvement
P0813,JioMart,Sensodyne,Oral Care,promotion_pct_of_gross,Promotion % of Gross,1.0,5.2,4.2,420.0,0.4,Deterioration
P0813,Meesho,Sensodyne,Oral Care,promotion_pct_of_gross,Promotion % of Gross,4.0,5.7,1.7,42.5,0.2,Deterioration
P0813,Website,Sensodyne,Oral Care,promotion_pct_of_gross,Promotion % of Gross,1.5,3.3,1.8,120.0,0.2,Deterioration
P0840,Amazon,SHIVAMAX,Home & Kitchen,promotion_pct_of_gross,Promotion % of Gross,4.1,4.5,0.4,9.76,0.0,Deterioration
P0840,Flipkart,SHIVAMAX,Home & Kitchen,promotion_pct_of_gross,Promotion % of Gross,4.4,4.1,-0.3,-6.82,0.0,Improvement
P0840,JioMart,SHIVAMAX,Home & Kitchen,promotion_pct_of_gross,Promotion % of Gross,5.5,5.5,0.0,0.0,0.0,No Change
P0840,Meesho,SHIVAMAX,Home & Kitchen,promotion_pct_of_gross,Promotion % of Gross,2.4,3.6,1.2,50.0,0.1,Deterioration
P0840,Website,SHIVAMAX,Home & Kitchen,promotion_pct_of_gross,Promotion % of Gross,3.9,6.5,2.6,66.67,0.2,Deterioration
P0868,Amazon,SHIVAMAX,Home & Kitchen,promotion_pct_of_gross,Promotion % of Gross,4.4,3.7,-0.7,-15.91,0.1,Improvement
P0868,Flipkart,SHIVAMAX,Home & Kitchen,promotion_pct_of_gross,Promotion % of Gross,3.7,4.4,0.7,18.92,0.1,Deterioration
P0868,JioMart,SHIVAMAX,Home & Kitchen,promotion_pct_of_gross,Promotion % of Gross,4.0,3.4,-0.6,-15.0,0.1,Improvement
P0868,Meesho,SHIVAMAX,Home & Kitchen,promotion_pct_of_gross,Promotion % of Gross,5.5,6.6,1.1,20.0,0.1,Deterioration
P0868,Website,SHIVAMAX,Home & Kitchen,promotion_pct_of_gross,Promotion % of Gross,3.8,2.6,-1.2,-31.58,0.1,Improvement
P0889,Amazon,SHIVAMAX,Health & Wellness,promotion_pct_of_gross,Promotion % of Gross,4.5,4.1,-0.4,-8.89,0.0,Improvement
P0889,Flipkart,SHIVAMAX,Health & Wellness,promotion_pct_of_gross,Promotion % of Gross,3.3,6.7,3.4,103.03,0.3,Deterioration
P0889,JioMart,SHIVAMAX,Health & Wellness,promotion_pct_of_gross,Promotion % of Gross,5.5,3.6,-1.9,-34.55,0.2,Improvement
P0889,Meesho,SHIVAMAX,Health & Wellness,promotion_pct_of_gross,Promotion % of Gross,3.0,2.9,-0.1,-3.33,0.0,Improvement
P0889,Website,SHIVAMAX,Health & Wellness,promotion_pct_of_gross,Promotion % of Gross,4.0,3.8,-0.2,-5.0,0.0,Improvement
P0890,Amazon,SHIVAMAX,Health & Wellness,promotion_pct_of_gross,Promotion % of Gross,3.0,3.9,0.9,30.0,0.1,Deterioration
P0890,Flipkart,SHIVAMAX,Health & Wellness,promotion_pct_of_gross,Promotion % of Gross,3.1,5.9,2.8,90.32,0.3,Deterioration
P0890,JioMart,SHIVAMAX,Health & Wellness,promotion_pct_of_gross,Promotion % of Gross,4.2,3.1,-1.1,-26.19,0.1,Improvement
P0890,Meesho,SHIVAMAX,Health & Wellness,promotion_pct_of_gross,Promotion % of Gross,4.3,6.0,1.7,39.53,0.2,Deterioration
P0890,Website,SHIVAMAX,Health & Wellness,promotion_pct_of_gross,Promotion % of Gross,5.6,2.9,-2.7,-48.21,0.3,Improvement
P0906,Amazon,SHIVAMAX,Hair Care,promotion_pct_of_gross,Promotion % of Gross,3.5,3.6,0.1,2.86,0.0,Deterioration
P0906,Flipkart,SHIVAMAX,Hair Care,promotion_pct_of_gross,Promotion % of Gross,3.5,3.1,-0.4,-11.43,0.0,Improvement
P0906,JioMart,SHIVAMAX,Hair Care,promotion_pct_of_gross,Promotion % of Gross,2.4,3.1,0.7,29.17,0.1,Deterioration
P0906,Meesho,SHIVAMAX,Hair Care,promotion_pct_of_gross,Promotion % of Gross,3.8,2.2,-1.6,-42.11,0.1,Improvement
P0906,Website,SHIVAMAX,Hair Care,promotion_pct_of_gross,Promotion % of Gross,2.6,6.0,3.4,130.77,0.3,Deterioration
P0915,Amazon,SHIVAMAX,Health & Wellness,promotion_pct_of_gross,Promotion % of Gross,3.2,3.2,0.0,0.0,0.0,No Change
P0915,Flipkart,SHIVAMAX,Health & Wellness,promotion_pct_of_gross,Promotion % of Gross,4.3,4.0,-0.3,-6.98,0.0,Improvement
P0915,JioMart,SHIVAMAX,Health & Wellness,promotion_pct_of_gross,Promotion % of Gross,2.9,3.8,0.9,31.03,0.1,Deterioration
P0915,Meesho,SHIVAMAX,Health & Wellness,promotion_pct_of_gross,Promotion % of Gross,2.7,4.7,2.0,74.07,0.2,Deterioration
P0915,Website,SHIVAMAX,Health & Wellness,promotion_pct_of_gross,Promotion % of Gross,7.7,4.2,-3.5,-45.45,0.3,Improvement
P0917,Amazon,SHIVAMAX,Home & Kitchen,promotion_pct_of_gross,Promotion % of Gross,4.2,2.9,-1.3,-30.95,0.1,Improvement
P0917,Flipkart,SHIVAMAX,Home & Kitchen,promotion_pct_of_gross,Promotion % of Gross,4.1,5.8,1.7,41.46,0.2,Deterioration
P0917,JioMart,SHIVAMAX,Home & Kitchen,promotion_pct_of_gross,Promotion % of Gross,3.1,5.2,2.1,67.74,0.2,Deterioration
P0917,Meesho,SHIVAMAX,Home & Kitchen,promotion_pct_of_gross,Promotion % of Gross,4.4,3.1,-1.3,-29.55,0.1,Improvement
P0917,Website,SHIVAMAX,Home & Kitchen,promotion_pct_of_gross,Promotion % of Gross,4.1,3.5,-0.6,-14.63,0.1,Improvement
P0922,Amazon,SHIVAMAX,Hair Care,promotion_pct_of_gross,Promotion % of Gross,2.8,2.9,0.1,3.57,0.0,Deterioration
P0922,Flipkart,SHIVAMAX,Hair Care,promotion_pct_of_gross,Promotion % of Gross,3.5,6.5,3.0,85.71,0.3,Deterioration
P0922,JioMart,SHIVAMAX,Hair Care,promotion_pct_of_gross,Promotion % of Gross,3.7,3.8,0.1,2.7,0.0,Deterioration
P0922,Meesho,SHIVAMAX,Hair Care,promotion_pct_of_gross,Promotion % of Gross,7.6,1.4,-6.2,-81.58,0.6,Improvement
P0922,Website,SHIVAMAX,Hair Care,promotion_pct_of_gross,Promotion % of Gross,4.0,2.9,-1.1,-27.5,0.1,Improvement
P0927,Amazon,SHIVAMAX,Home & Kitchen,promotion_pct_of_gross,Promotion % of Gross,3.9,3.8,-0.1,-2.56,0.0,Improvement
P0927,Flipkart,SHIVAMAX,Home & Kitchen,promotion_pct_of_gross,Promotion % of Gross,4.7,4.3,-0.4,-8.51,0.0,Improvement
P0927,JioMart,SHIVAMAX,Home & Kitchen,promotion_pct_of_gross,Promotion % of Gross,5.9,4.4,-1.5,-25.42,0.1,Improvement
P0927,Meesho,SHIVAMAX,Home & Kitchen,promotion_pct_of_gross,Promotion % of Gross,4.5,5.2,0.7,15.56,0.1,Deterioration
P0927,Website,SHIVAMAX,Home & Kitchen,promotion_pct_of_gross,Promotion % of Gross,2.1,2.2,0.1,4.76,0.0,Deterioration
P0931,Amazon,SHIVAMAX,Electronics & Travel Accessories,promotion_pct_of_gross,Promotion % of Gross,4.2,3.4,-0.8,-19.05,0.1,Improvement
P0931,Flipkart,SHIVAMAX,Electronics & Travel Accessories,promotion_pct_of_gross,Promotion % of Gross,3.9,4.9,1.0,25.64,0.1,Deterioration
P0931,JioMart,SHIVAMAX,Electronics & Travel Accessories,promotion_pct_of_gross,Promotion % of Gross,2.6,3.0,0.4,15.38,0.0,Deterioration
P0931,Meesho,SHIVAMAX,Electronics & Travel Accessories,promotion_pct_of_gross,Promotion % of Gross,4.7,2.8,-1.9,-40.43,0.2,Improvement
P0931,Website,SHIVAMAX,Electronics & Travel Accessories,promotion_pct_of_gross,Promotion % of Gross,5.3,3.3,-2.0,-37.74,0.2,Improvement
P0932,Amazon,SHIVAMAX,Electronics & Travel Accessories,promotion_pct_of_gross,Promotion % of Gross,3.3,5.1,1.8,54.55,0.2,Deterioration
P0932,Flipkart,SHIVAMAX,Electronics & Travel Accessories,promotion_pct_of_gross,Promotion % of Gross,4.8,5.5,0.7,14.58,0.1,Deterioration
P0932,JioMart,SHIVAMAX,Electronics & Travel Accessories,promotion_pct_of_gross,Promotion % of Gross,1.5,5.2,3.7,246.67,0.3,Deterioration
P0932,Meesho,SHIVAMAX,Electronics & Travel Accessories,promotion_pct_of_gross,Promotion % of Gross,4.8,3.1,-1.7,-35.42,0.2,Improvement
P0932,Website,SHIVAMAX,Electronics & Travel Accessories,promotion_pct_of_gross,Promotion % of Gross,5.4,8.2,2.8,51.85,0.3,Deterioration
P0944,Amazon,SHIVAMAX,Health & Wellness,promotion_pct_of_gross,Promotion % of Gross,3.6,3.8,0.2,5.56,0.0,Deterioration
P0944,Flipkart,SHIVAMAX,Health & Wellness,promotion_pct_of_gross,Promotion % of Gross,3.7,5.0,1.3,35.14,0.1,Deterioration
P0944,JioMart,SHIVAMAX,Health & Wellness,promotion_pct_of_gross,Promotion % of Gross,2.2,3.0,0.8,36.36,0.1,Deterioration
P0944,Meesho,SHIVAMAX,Health & Wellness,promotion_pct_of_gross,Promotion % of Gross,3.4,5.4,2.0,58.82,0.2,Deterioration
P0944,Website,SHIVAMAX,Health & Wellness,promotion_pct_of_gross,Promotion % of Gross,5.6,1.0,-4.6,-82.14,0.4,Improvement
P1003,Amazon,Snake Brand,Body Care,promotion_pct_of_gross,Promotion % of Gross,3.1,2.9,-0.2,-6.45,0.0,Improvement
P1003,Flipkart,Snake Brand,Body Care,promotion_pct_of_gross,Promotion % of Gross,3.9,3.0,-0.9,-23.08,0.1,Improvement
P1003,JioMart,Snake Brand,Body Care,promotion_pct_of_gross,Promotion % of Gross,4.2,4.7,0.5,11.9,0.0,Deterioration
P1003,Meesho,Snake Brand,Body Care,promotion_pct_of_gross,Promotion % of Gross,5.5,3.7,-1.8,-32.73,0.2,Improvement
P1003,Website,Snake Brand,Body Care,promotion_pct_of_gross,Promotion % of Gross,2.2,4.6,2.4,109.09,0.2,Deterioration
P1026,Amazon,Sunsilk,Hair Care,promotion_pct_of_gross,Promotion % of Gross,4.3,5.6,1.3,30.23,0.1,Deterioration
P1026,Flipkart,Sunsilk,Hair Care,promotion_pct_of_gross,Promotion % of Gross,4.9,4.8,-0.1,-2.04,0.0,Improvement
P1026,JioMart,Sunsilk,Hair Care,promotion_pct_of_gross,Promotion % of Gross,4.8,4.8,0.0,0.0,0.0,No Change
P1026,Meesho,Sunsilk,Hair Care,promotion_pct_of_gross,Promotion % of Gross,5.8,3.6,-2.2,-37.93,0.2,Improvement
P1026,Website,Sunsilk,Hair Care,promotion_pct_of_gross,Promotion % of Gross,6.3,6.8,0.5,7.94,0.0,Deterioration
P1029,Amazon,Sunsilk,Hair Care,promotion_pct_of_gross,Promotion % of Gross,4.7,3.6,-1.1,-23.4,0.1,Improvement
P1029,Flipkart,Sunsilk,Hair Care,promotion_pct_of_gross,Promotion % of Gross,5.8,7.2,1.4,24.14,0.1,Deterioration
P1029,JioMart,Sunsilk,Hair Care,promotion_pct_of_gross,Promotion % of Gross,5.5,1.5,-4.0,-72.73,0.4,Improvement
P1029,Meesho,Sunsilk,Hair Care,promotion_pct_of_gross,Promotion % of Gross,5.9,3.3,-2.6,-44.07,0.2,Improvement
P1029,Website,Sunsilk,Hair Care,promotion_pct_of_gross,Promotion % of Gross,2.9,1.3,-1.6,-55.17,0.1,Improvement
P1032,Amazon,Sunsilk,Hair Care,promotion_pct_of_gross,Promotion % of Gross,4.4,3.4,-1.0,-22.73,0.1,Improvement
P1032,Flipkart,Sunsilk,Hair Care,promotion_pct_of_gross,Promotion % of Gross,6.0,4.1,-1.9,-31.67,0.2,Improvement
P1032,JioMart,Sunsilk,Hair Care,promotion_pct_of_gross,Promotion % of Gross,0.4,6.3,5.9,1475.0,0.5,Deterioration
P1032,Meesho,Sunsilk,Hair Care,promotion_pct_of_gross,Promotion % of Gross,3.1,3.5,0.4,12.9,0.0,Deterioration
P1032,Website,Sunsilk,Hair Care,promotion_pct_of_gross,Promotion % of Gross,4.7,3.6,-1.1,-23.4,0.1,Improvement
P1033,Amazon,Sunsilk,Hair Care,promotion_pct_of_gross,Promotion % of Gross,3.9,4.0,0.1,2.56,0.0,Deterioration
P1033,Flipkart,Sunsilk,Hair Care,promotion_pct_of_gross,Promotion % of Gross,2.8,4.4,1.6,57.14,0.1,Deterioration
P1033,JioMart,Sunsilk,Hair Care,promotion_pct_of_gross,Promotion % of Gross,5.4,5.6,0.2,3.7,0.0,Deterioration
P1033,Meesho,Sunsilk,Hair Care,promotion_pct_of_gross,Promotion % of Gross,3.9,3.1,-0.8,-20.51,0.1,Improvement
P1033,Website,Sunsilk,Hair Care,promotion_pct_of_gross,Promotion % of Gross,2.5,3.2,0.7,28.0,0.1,Deterioration
P1035,Amazon,Sunsilk,Hair Care,promotion_pct_of_gross,Promotion % of Gross,5.3,4.2,-1.1,-20.75,0.1,Improvement
P1035,Flipkart,Sunsilk,Hair Care,promotion_pct_of_gross,Promotion % of Gross,5.3,5.5,0.2,3.77,0.0,Deterioration
P1035,JioMart,Sunsilk,Hair Care,promotion_pct_of_gross,Promotion % of Gross,3.8,4.1,0.3,7.89,0.0,Deterioration
P1035,Meesho,Sunsilk,Hair Care,promotion_pct_of_gross,Promotion % of Gross,2.7,4.3,1.6,59.26,0.1,Deterioration
P1035,Website,Sunsilk,Hair Care,promotion_pct_of_gross,Promotion % of Gross,3.1,4.6,1.5,48.39,0.1,Deterioration
P1038,Amazon,Sunsilk,Hair Care,promotion_pct_of_gross,Promotion % of Gross,3.6,5.9,2.3,63.89,0.2,Deterioration
P1038,Flipkart,Sunsilk,Hair Care,promotion_pct_of_gross,Promotion % of Gross,4.8,3.8,-1.0,-20.83,0.1,Improvement
P1038,JioMart,Sunsilk,Hair Care,promotion_pct_of_gross,Promotion % of Gross,5.1,4.8,-0.3,-5.88,0.0,Improvement
P1038,Meesho,Sunsilk,Hair Care,promotion_pct_of_gross,Promotion % of Gross,2.1,3.8,1.7,80.95,0.2,Deterioration
P1038,Website,Sunsilk,Hair Care,promotion_pct_of_gross,Promotion % of Gross,2.4,1.9,-0.5,-20.83,0.0,Improvement
P1039,Amazon,Sunsilk,Hair Care,promotion_pct_of_gross,Promotion % of Gross,4.1,3.7,-0.4,-9.76,0.0,Improvement
P1039,Flipkart,Sunsilk,Hair Care,promotion_pct_of_gross,Promotion % of Gross,3.3,4.7,1.4,42.42,0.1,Deterioration
P1039,JioMart,Sunsilk,Hair Care,promotion_pct_of_gross,Promotion % of Gross,7.1,5.4,-1.7,-23.94,0.2,Improvement
P1039,Meesho,Sunsilk,Hair Care,promotion_pct_of_gross,Promotion % of Gross,6.4,1.9,-4.5,-70.31,0.4,Improvement
P1039,Website,Sunsilk,Hair Care,promotion_pct_of_gross,Promotion % of Gross,2.7,8.5,5.8,214.81,0.5,Deterioration
P1041,Amazon,Sunsilk,Hair Care,promotion_pct_of_gross,Promotion % of Gross,3.6,3.8,0.2,5.56,0.0,Deterioration
P1041,Flipkart,Sunsilk,Hair Care,promotion_pct_of_gross,Promotion % of Gross,4.6,5.0,0.4,8.7,0.0,Deterioration
P1041,JioMart,Sunsilk,Hair Care,promotion_pct_of_gross,Promotion % of Gross,3.4,4.1,0.7,20.59,0.1,Deterioration
P1041,Meesho,Sunsilk,Hair Care,promotion_pct_of_gross,Promotion % of Gross,2.6,1.7,-0.9,-34.62,0.1,Improvement
P1041,Website,Sunsilk,Hair Care,promotion_pct_of_gross,Promotion % of Gross,4.3,4.3,0.0,0.0,0.0,No Change
P1042,Amazon,Sunsilk,Hair Care,promotion_pct_of_gross,Promotion % of Gross,4.6,5.0,0.4,8.7,0.0,Deterioration
P1042,Flipkart,Sunsilk,Hair Care,promotion_pct_of_gross,Promotion % of Gross,5.3,2.5,-2.8,-52.83,0.3,Improvement
P1042,JioMart,Sunsilk,Hair Care,promotion_pct_of_gross,Promotion % of Gross,3.6,1.7,-1.9,-52.78,0.2,Improvement
P1042,Meesho,Sunsilk,Hair Care,promotion_pct_of_gross,Promotion % of Gross,3.4,4.5,1.1,32.35,0.1,Deterioration
P1042,Website,Sunsilk,Hair Care,promotion_pct_of_gross,Promotion % of Gross,6.0,3.5,-2.5,-41.67,0.2,Improvement
P1043,Amazon,Sunsilk,Hair Care,promotion_pct_of_gross,Promotion % of Gross,4.6,3.8,-0.8,-17.39,0.1,Improvement
P1043,Flipkart,Sunsilk,Hair Care,promotion_pct_of_gross,Promotion % of Gross,4.8,4.3,-0.5,-10.42,0.0,Improvement
P1043,JioMart,Sunsilk,Hair Care,promotion_pct_of_gross,Promotion % of Gross,4.5,4.3,-0.2,-4.44,0.0,Improvement
P1043,Meesho,Sunsilk,Hair Care,promotion_pct_of_gross,Promotion % of Gross,4.2,2.8,-1.4,-33.33,0.1,Improvement
P1043,Website,Sunsilk,Hair Care,promotion_pct_of_gross,Promotion % of Gross,2.9,2.2,-0.7,-24.14,0.1,Improvement
P1044,Amazon,Sunsilk,Hair Care,promotion_pct_of_gross,Promotion % of Gross,4.4,3.2,-1.2,-27.27,0.1,Improvement
P1044,Flipkart,Sunsilk,Hair Care,promotion_pct_of_gross,Promotion % of Gross,4.7,3.4,-1.3,-27.66,0.1,Improvement
P1044,JioMart,Sunsilk,Hair Care,promotion_pct_of_gross,Promotion % of Gross,5.3,4.1,-1.2,-22.64,0.1,Improvement
P1044,Meesho,Sunsilk,Hair Care,promotion_pct_of_gross,Promotion % of Gross,4.4,2.6,-1.8,-40.91,0.2,Improvement
P1044,Website,Sunsilk,Hair Care,promotion_pct_of_gross,Promotion % of Gross,2.0,5.3,3.3,165.0,0.3,Deterioration
P1048,Amazon,Sunsilk,Hair Care,promotion_pct_of_gross,Promotion % of Gross,3.4,3.6,0.2,5.88,0.0,Deterioration
P1048,Flipkart,Sunsilk,Hair Care,promotion_pct_of_gross,Promotion % of Gross,2.4,3.3,0.9,37.5,0.1,Deterioration
P1048,JioMart,Sunsilk,Hair Care,promotion_pct_of_gross,Promotion % of Gross,3.0,3.3,0.3,10.0,0.0,Deterioration
P1048,Meesho,Sunsilk,Hair Care,promotion_pct_of_gross,Promotion % of Gross,2.7,0.0,-2.7,-100.0,0.3,Improvement
P1048,Website,Sunsilk,Hair Care,promotion_pct_of_gross,Promotion % of Gross,2.3,4.6,2.3,100.0,0.2,Deterioration
P1052,Amazon,Sunsilk,Hair Care,promotion_pct_of_gross,Promotion % of Gross,4.8,3.0,-1.8,-37.5,0.2,Improvement
P1052,Flipkart,Sunsilk,Hair Care,promotion_pct_of_gross,Promotion % of Gross,2.1,3.0,0.9,42.86,0.1,Deterioration
P1052,JioMart,Sunsilk,Hair Care,promotion_pct_of_gross,Promotion % of Gross,4.0,3.6,-0.4,-10.0,0.0,Improvement
P1052,Meesho,Sunsilk,Hair Care,promotion_pct_of_gross,Promotion % of Gross,6.3,3.0,-3.3,-52.38,0.3,Improvement
P1052,Website,Sunsilk,Hair Care,promotion_pct_of_gross,Promotion % of Gross,4.8,4.2,-0.6,-12.5,0.1,Improvement
P1067,Amazon,Tiger Balm,Health & Wellness,promotion_pct_of_gross,Promotion % of Gross,4.6,3.2,-1.4,-30.43,0.1,Improvement
P1067,Flipkart,Tiger Balm,Health & Wellness,promotion_pct_of_gross,Promotion % of Gross,3.7,5.0,1.3,35.14,0.1,Deterioration
P1067,JioMart,Tiger Balm,Health & Wellness,promotion_pct_of_gross,Promotion % of Gross,3.3,5.5,2.2,66.67,0.2,Deterioration
P1067,Meesho,Tiger Balm,Health & Wellness,promotion_pct_of_gross,Promotion % of Gross,1.7,4.7,3.0,176.47,0.3,Deterioration
P1067,Website,Tiger Balm,Health & Wellness,promotion_pct_of_gross,Promotion % of Gross,2.9,5.6,2.7,93.1,0.3,Deterioration
P1069,Amazon,Tiger Balm,Health & Wellness,promotion_pct_of_gross,Promotion % of Gross,3.4,4.3,0.9,26.47,0.1,Deterioration
P1069,Flipkart,Tiger Balm,Health & Wellness,promotion_pct_of_gross,Promotion % of Gross,3.0,6.8,3.8,126.67,0.4,Deterioration
P1069,JioMart,Tiger Balm,Health & Wellness,promotion_pct_of_gross,Promotion % of Gross,2.9,2.1,-0.8,-27.59,0.1,Improvement
P1069,Meesho,Tiger Balm,Health & Wellness,promotion_pct_of_gross,Promotion % of Gross,2.4,1.9,-0.5,-20.83,0.0,Improvement
P1069,Website,Tiger Balm,Health & Wellness,promotion_pct_of_gross,Promotion % of Gross,6.3,3.3,-3.0,-47.62,0.3,Improvement
P1070,Amazon,Tiger Balm,Health & Wellness,promotion_pct_of_gross,Promotion % of Gross,4.4,4.7,0.3,6.82,0.0,Deterioration
P1070,Flipkart,Tiger Balm,Health & Wellness,promotion_pct_of_gross,Promotion % of Gross,3.0,5.8,2.8,93.33,0.3,Deterioration
P1070,JioMart,Tiger Balm,Health & Wellness,promotion_pct_of_gross,Promotion % of Gross,2.2,4.0,1.8,81.82,0.2,Deterioration
P1070,Meesho,Tiger Balm,Health & Wellness,promotion_pct_of_gross,Promotion % of Gross,4.4,3.0,-1.4,-31.82,0.1,Improvement
P1070,Website,Tiger Balm,Health & Wellness,promotion_pct_of_gross,Promotion % of Gross,2.6,3.8,1.2,46.15,0.1,Deterioration
P1071,Amazon,Tiger Balm,Health & Wellness,promotion_pct_of_gross,Promotion % of Gross,3.7,2.9,-0.8,-21.62,0.1,Improvement
P1071,Flipkart,Tiger Balm,Health & Wellness,promotion_pct_of_gross,Promotion % of Gross,2.4,2.6,0.2,8.33,0.0,Deterioration
P1071,JioMart,Tiger Balm,Health & Wellness,promotion_pct_of_gross,Promotion % of Gross,6.3,3.9,-2.4,-38.1,0.2,Improvement
P1071,Meesho,Tiger Balm,Health & Wellness,promotion_pct_of_gross,Promotion % of Gross,3.1,4.9,1.8,58.06,0.2,Deterioration
P1071,Website,Tiger Balm,Health & Wellness,promotion_pct_of_gross,Promotion % of Gross,4.0,3.5,-0.5,-12.5,0.0,Improvement
P1072,Amazon,Tiger Balm,Health & Wellness,promotion_pct_of_gross,Promotion % of Gross,3.9,5.1,1.2,30.77,0.1,Deterioration
P1072,Flipkart,Tiger Balm,Health & Wellness,promotion_pct_of_gross,Promotion % of Gross,4.2,6.5,2.3,54.76,0.2,Deterioration
P1072,JioMart,Tiger Balm,Health & Wellness,promotion_pct_of_gross,Promotion % of Gross,4.6,6.5,1.9,41.3,0.2,Deterioration
P1072,Meesho,Tiger Balm,Health & Wellness,promotion_pct_of_gross,Promotion % of Gross,5.1,3.7,-1.4,-27.45,0.1,Improvement
P1072,Website,Tiger Balm,Health & Wellness,promotion_pct_of_gross,Promotion % of Gross,3.5,3.7,0.2,5.71,0.0,Deterioration
P1075,Amazon,Tresemme,Hair Care,promotion_pct_of_gross,Promotion % of Gross,3.9,3.5,-0.4,-10.26,0.0,Improvement
P1075,Flipkart,Tresemme,Hair Care,promotion_pct_of_gross,Promotion % of Gross,5.5,4.4,-1.1,-20.0,0.1,Improvement
P1075,JioMart,Tresemme,Hair Care,promotion_pct_of_gross,Promotion % of Gross,4.3,1.3,-3.0,-69.77,0.3,Improvement
P1075,Meesho,Tresemme,Hair Care,promotion_pct_of_gross,Promotion % of Gross,5.5,4.1,-1.4,-25.45,0.1,Improvement
P1075,Website,Tresemme,Hair Care,promotion_pct_of_gross,Promotion % of Gross,4.9,2.6,-2.3,-46.94,0.2,Improvement
P1080,Amazon,Tresemme,Hair Care,promotion_pct_of_gross,Promotion % of Gross,3.3,3.2,-0.1,-3.03,0.0,Improvement
P1080,Flipkart,Tresemme,Hair Care,promotion_pct_of_gross,Promotion % of Gross,2.6,2.9,0.3,11.54,0.0,Deterioration
P1080,JioMart,Tresemme,Hair Care,promotion_pct_of_gross,Promotion % of Gross,3.5,8.0,4.5,128.57,0.4,Deterioration
P1080,Meesho,Tresemme,Hair Care,promotion_pct_of_gross,Promotion % of Gross,1.5,5.5,4.0,266.67,0.4,Deterioration
P1080,Website,Tresemme,Hair Care,promotion_pct_of_gross,Promotion % of Gross,3.3,0.9,-2.4,-72.73,0.2,Improvement
P1085,Amazon,Tresemme,Hair Care,promotion_pct_of_gross,Promotion % of Gross,3.6,3.6,0.0,0.0,0.0,No Change
P1085,Flipkart,Tresemme,Hair Care,promotion_pct_of_gross,Promotion % of Gross,4.6,4.0,-0.6,-13.04,0.1,Improvement
P1085,JioMart,Tresemme,Hair Care,promotion_pct_of_gross,Promotion % of Gross,6.4,8.5,2.1,32.81,0.2,Deterioration
P1085,Meesho,Tresemme,Hair Care,promotion_pct_of_gross,Promotion % of Gross,2.5,5.4,2.9,116.0,0.3,Deterioration
P1085,Website,Tresemme,Hair Care,promotion_pct_of_gross,Promotion % of Gross,2.7,4.1,1.4,51.85,0.1,Deterioration
P1099,Amazon,Tros,Body Care,promotion_pct_of_gross,Promotion % of Gross,3.5,4.8,1.3,37.14,0.1,Deterioration
P1099,Flipkart,Tros,Body Care,promotion_pct_of_gross,Promotion % of Gross,3.9,2.6,-1.3,-33.33,0.1,Improvement
P1099,JioMart,Tros,Body Care,promotion_pct_of_gross,Promotion % of Gross,3.7,2.6,-1.1,-29.73,0.1,Improvement
P1099,Meesho,Tros,Body Care,promotion_pct_of_gross,Promotion % of Gross,4.1,5.9,1.8,43.9,0.2,Deterioration
P1099,Website,Tros,Body Care,promotion_pct_of_gross,Promotion % of Gross,1.0,1.2,0.2,20.0,0.0,Deterioration
P1100,Amazon,Tros,Body Care,promotion_pct_of_gross,Promotion % of Gross,3.4,3.7,0.3,8.82,0.0,Deterioration
P1100,Flipkart,Tros,Body Care,promotion_pct_of_gross,Promotion % of Gross,4.5,3.8,-0.7,-15.56,0.1,Improvement
P1100,JioMart,Tros,Body Care,promotion_pct_of_gross,Promotion % of Gross,2.5,4.7,2.2,88.0,0.2,Deterioration
P1100,Meesho,Tros,Body Care,promotion_pct_of_gross,Promotion % of Gross,2.9,2.0,-0.9,-31.03,0.1,Improvement
P1100,Website,Tros,Body Care,promotion_pct_of_gross,Promotion % of Gross,4.2,4.0,-0.2,-4.76,0.0,Improvement
P1105,Amazon,Vaseline,Body Care,promotion_pct_of_gross,Promotion % of Gross,2.7,4.7,2.0,74.07,0.2,Deterioration
P1105,Flipkart,Vaseline,Body Care,promotion_pct_of_gross,Promotion % of Gross,2.8,5.6,2.8,100.0,0.3,Deterioration
P1105,JioMart,Vaseline,Body Care,promotion_pct_of_gross,Promotion % of Gross,3.4,3.7,0.3,8.82,0.0,Deterioration
P1105,Meesho,Vaseline,Body Care,promotion_pct_of_gross,Promotion % of Gross,6.5,5.6,-0.9,-13.85,0.1,Improvement
P1105,Website,Vaseline,Body Care,promotion_pct_of_gross,Promotion % of Gross,5.3,5.7,0.4,7.55,0.0,Deterioration
P1107,Amazon,Vaseline,Body Care,promotion_pct_of_gross,Promotion % of Gross,4.0,3.0,-1.0,-25.0,0.1,Improvement
P1107,Flipkart,Vaseline,Body Care,promotion_pct_of_gross,Promotion % of Gross,2.3,3.4,1.1,47.83,0.1,Deterioration
P1107,JioMart,Vaseline,Body Care,promotion_pct_of_gross,Promotion % of Gross,4.5,2.6,-1.9,-42.22,0.2,Improvement
P1107,Meesho,Vaseline,Body Care,promotion_pct_of_gross,Promotion % of Gross,3.1,7.0,3.9,125.81,0.4,Deterioration
P1107,Website,Vaseline,Body Care,promotion_pct_of_gross,Promotion % of Gross,3.3,5.5,2.2,66.67,0.2,Deterioration
P1109,Amazon,Vaseline,Body Care,promotion_pct_of_gross,Promotion % of Gross,4.5,4.0,-0.5,-11.11,0.0,Improvement
P1109,Flipkart,Vaseline,Body Care,promotion_pct_of_gross,Promotion % of Gross,5.9,4.5,-1.4,-23.73,0.1,Improvement
P1109,JioMart,Vaseline,Body Care,promotion_pct_of_gross,Promotion % of Gross,3.1,2.7,-0.4,-12.9,0.0,Improvement
P1109,Meesho,Vaseline,Body Care,promotion_pct_of_gross,Promotion % of Gross,3.1,3.9,0.8,25.81,0.1,Deterioration
P1109,Website,Vaseline,Body Care,promotion_pct_of_gross,Promotion % of Gross,3.7,3.3,-0.4,-10.81,0.0,Improvement
P1112,Amazon,Vaseline,Body Care,promotion_pct_of_gross,Promotion % of Gross,4.4,4.8,0.4,9.09,0.0,Deterioration
P1112,Flipkart,Vaseline,Body Care,promotion_pct_of_gross,Promotion % of Gross,3.8,4.1,0.3,7.89,0.0,Deterioration
P1112,JioMart,Vaseline,Body Care,promotion_pct_of_gross,Promotion % of Gross,5.2,3.4,-1.8,-34.62,0.2,Improvement
P1112,Meesho,Vaseline,Body Care,promotion_pct_of_gross,Promotion % of Gross,4.3,4.0,-0.3,-6.98,0.0,Improvement
P1112,Website,Vaseline,Body Care,promotion_pct_of_gross,Promotion % of Gross,1.5,3.4,1.9,126.67,0.2,Deterioration
P1114,Amazon,Vaseline,Body Care,promotion_pct_of_gross,Promotion % of Gross,5.0,3.7,-1.3,-26.0,0.1,Improvement
P1114,Flipkart,Vaseline,Body Care,promotion_pct_of_gross,Promotion % of Gross,3.8,3.6,-0.2,-5.26,0.0,Improvement
P1114,JioMart,Vaseline,Body Care,promotion_pct_of_gross,Promotion % of Gross,3.0,5.5,2.5,83.33,0.2,Deterioration
P1114,Meesho,Vaseline,Body Care,promotion_pct_of_gross,Promotion % of Gross,4.7,4.8,0.1,2.13,0.0,Deterioration
P1114,Website,Vaseline,Body Care,promotion_pct_of_gross,Promotion % of Gross,4.1,3.6,-0.5,-12.2,0.0,Improvement
P1120,Amazon,Vaseline,Skin Care,promotion_pct_of_gross,Promotion % of Gross,4.9,3.9,-1.0,-20.41,0.1,Improvement
P1120,Flipkart,Vaseline,Skin Care,promotion_pct_of_gross,Promotion % of Gross,4.0,3.8,-0.2,-5.0,0.0,Improvement
P1120,JioMart,Vaseline,Skin Care,promotion_pct_of_gross,Promotion % of Gross,4.3,6.1,1.8,41.86,0.2,Deterioration
P1120,Meesho,Vaseline,Skin Care,promotion_pct_of_gross,Promotion % of Gross,3.7,5.1,1.4,37.84,0.1,Deterioration
P1120,Website,Vaseline,Skin Care,promotion_pct_of_gross,Promotion % of Gross,5.5,3.5,-2.0,-36.36,0.2,Improvement
P1121,Amazon,Vaseline,Body Care,promotion_pct_of_gross,Promotion % of Gross,3.7,3.8,0.1,2.7,0.0,Deterioration
P1121,Flipkart,Vaseline,Body Care,promotion_pct_of_gross,Promotion % of Gross,3.7,2.7,-1.0,-27.03,0.1,Improvement
P1121,JioMart,Vaseline,Body Care,promotion_pct_of_gross,Promotion % of Gross,5.9,2.4,-3.5,-59.32,0.3,Improvement
P1121,Meesho,Vaseline,Body Care,promotion_pct_of_gross,Promotion % of Gross,4.1,2.2,-1.9,-46.34,0.2,Improvement
P1121,Website,Vaseline,Body Care,promotion_pct_of_gross,Promotion % of Gross,2.0,2.7,0.7,35.0,0.1,Deterioration
P1131,Amazon,Vaseline,Skin Care,promotion_pct_of_gross,Promotion % of Gross,2.1,4.4,2.3,109.52,0.2,Deterioration
P1131,Flipkart,Vaseline,Skin Care,promotion_pct_of_gross,Promotion % of Gross,5.4,2.4,-3.0,-55.56,0.3,Improvement
P1131,JioMart,Vaseline,Skin Care,promotion_pct_of_gross,Promotion % of Gross,4.2,2.0,-2.2,-52.38,0.2,Improvement
P1131,Meesho,Vaseline,Skin Care,promotion_pct_of_gross,Promotion % of Gross,5.9,2.9,-3.0,-50.85,0.3,Improvement
P1131,Website,Vaseline,Skin Care,promotion_pct_of_gross,Promotion % of Gross,4.5,3.1,-1.4,-31.11,0.1,Improvement
P1146,Amazon,Vaseline,Body Care,promotion_pct_of_gross,Promotion % of Gross,3.6,2.7,-0.9,-25.0,0.1,Improvement
P1146,Flipkart,Vaseline,Body Care,promotion_pct_of_gross,Promotion % of Gross,4.1,3.9,-0.2,-4.88,0.0,Improvement
P1146,JioMart,Vaseline,Body Care,promotion_pct_of_gross,Promotion % of Gross,4.0,3.8,-0.2,-5.0,0.0,Improvement
P1146,Meesho,Vaseline,Body Care,promotion_pct_of_gross,Promotion % of Gross,4.5,4.7,0.2,4.44,0.0,Deterioration
P1146,Website,Vaseline,Body Care,promotion_pct_of_gross,Promotion % of Gross,5.0,4.6,-0.4,-8.0,0.0,Improvement
P1150,Amazon,Vaseline,Body Care,promotion_pct_of_gross,Promotion % of Gross,3.2,4.0,0.8,25.0,0.1,Deterioration
P1150,Flipkart,Vaseline,Body Care,promotion_pct_of_gross,Promotion % of Gross,3.4,4.5,1.1,32.35,0.1,Deterioration
P1150,JioMart,Vaseline,Body Care,promotion_pct_of_gross,Promotion % of Gross,5.5,2.9,-2.6,-47.27,0.2,Improvement
P1150,Meesho,Vaseline,Body Care,promotion_pct_of_gross,Promotion % of Gross,5.5,3.8,-1.7,-30.91,0.2,Improvement
P1150,Website,Vaseline,Body Care,promotion_pct_of_gross,Promotion % of Gross,6.5,6.6,0.1,1.54,0.0,Deterioration
P1156,Amazon,Vaseline,Body Care,promotion_pct_of_gross,Promotion % of Gross,3.0,4.2,1.2,40.0,0.1,Deterioration
P1156,Flipkart,Vaseline,Body Care,promotion_pct_of_gross,Promotion % of Gross,6.2,5.4,-0.8,-12.9,0.1,Improvement
P1156,JioMart,Vaseline,Body Care,promotion_pct_of_gross,Promotion % of Gross,6.5,5.1,-1.4,-21.54,0.1,Improvement
P1156,Meesho,Vaseline,Body Care,promotion_pct_of_gross,Promotion % of Gross,3.6,2.7,-0.9,-25.0,0.1,Improvement
P1156,Website,Vaseline,Body Care,promotion_pct_of_gross,Promotion % of Gross,2.0,4.2,2.2,110.0,0.2,Deterioration
P1157,Amazon,Vaseline,Skin Care,promotion_pct_of_gross,Promotion % of Gross,3.3,4.0,0.7,21.21,0.1,Deterioration
P1157,Flipkart,Vaseline,Skin Care,promotion_pct_of_gross,Promotion % of Gross,5.4,3.5,-1.9,-35.19,0.2,Improvement
P1157,JioMart,Vaseline,Skin Care,promotion_pct_of_gross,Promotion % of Gross,3.7,4.0,0.3,8.11,0.0,Deterioration
P1157,Meesho,Vaseline,Skin Care,promotion_pct_of_gross,Promotion % of Gross,5.6,4.0,-1.6,-28.57,0.1,Improvement
P1157,Website,Vaseline,Skin Care,promotion_pct_of_gross,Promotion % of Gross,5.2,6.6,1.4,26.92,0.1,Deterioration
P1162,Amazon,Vita Keratin,Hair Care,promotion_pct_of_gross,Promotion % of Gross,3.4,4.3,0.9,26.47,0.1,Deterioration
P1162,Flipkart,Vita Keratin,Hair Care,promotion_pct_of_gross,Promotion % of Gross,3.3,5.3,2.0,60.61,0.2,Deterioration
P1162,JioMart,Vita Keratin,Hair Care,promotion_pct_of_gross,Promotion % of Gross,2.1,1.5,-0.6,-28.57,0.1,Improvement
P1162,Meesho,Vita Keratin,Hair Care,promotion_pct_of_gross,Promotion % of Gross,4.4,2.0,-2.4,-54.55,0.2,Improvement
P1162,Website,Vita Keratin,Hair Care,promotion_pct_of_gross,Promotion % of Gross,4.0,3.4,-0.6,-15.0,0.1,Improvement
P1164,Amazon,Wangprom,Health & Wellness,promotion_pct_of_gross,Promotion % of Gross,4.4,2.3,-2.1,-47.73,0.2,Improvement
P1164,Flipkart,Wangprom,Health & Wellness,promotion_pct_of_gross,Promotion % of Gross,3.0,5.6,2.6,86.67,0.2,Deterioration
P1164,JioMart,Wangprom,Health & Wellness,promotion_pct_of_gross,Promotion % of Gross,2.6,4.5,1.9,73.08,0.2,Deterioration
P1164,Meesho,Wangprom,Health & Wellness,promotion_pct_of_gross,Promotion % of Gross,4.3,3.8,-0.5,-11.63,0.0,Improvement
P1164,Website,Wangprom,Health & Wellness,promotion_pct_of_gross,Promotion % of Gross,4.4,2.1,-2.3,-52.27,0.2,Improvement
P1176,Amazon,Wangprom,Health & Wellness,promotion_pct_of_gross,Promotion % of Gross,3.7,4.1,0.4,10.81,0.0,Deterioration
P1176,Flipkart,Wangprom,Health & Wellness,promotion_pct_of_gross,Promotion % of Gross,4.5,4.3,-0.2,-4.44,0.0,Improvement
P1176,JioMart,Wangprom,Health & Wellness,promotion_pct_of_gross,Promotion % of Gross,2.7,3.9,1.2,44.44,0.1,Deterioration
P1176,Meesho,Wangprom,Health & Wellness,promotion_pct_of_gross,Promotion % of Gross,5.0,5.2,0.2,4.0,0.0,Deterioration
P1176,Website,Wangprom,Health & Wellness,promotion_pct_of_gross,Promotion % of Gross,4.8,3.0,-1.8,-37.5,0.2,Improvement
P1185,Amazon,Watsons,Oral Care,promotion_pct_of_gross,Promotion % of Gross,2.9,4.5,1.6,55.17,0.1,Deterioration
P1185,Flipkart,Watsons,Oral Care,promotion_pct_of_gross,Promotion % of Gross,2.4,4.2,1.8,75.0,0.2,Deterioration
P1185,JioMart,Watsons,Oral Care,promotion_pct_of_gross,Promotion % of Gross,4.9,2.3,-2.6,-53.06,0.2,Improvement
P1185,Meesho,Watsons,Oral Care,promotion_pct_of_gross,Promotion % of Gross,3.1,2.8,-0.3,-9.68,0.0,Improvement
P1185,Website,Watsons,Oral Care,promotion_pct_of_gross,Promotion % of Gross,3.8,2.1,-1.7,-44.74,0.2,Improvement
P1190,Amazon,Watsons,Oral Care,promotion_pct_of_gross,Promotion % of Gross,3.8,3.3,-0.5,-13.16,0.0,Improvement
P1190,Flipkart,Watsons,Oral Care,promotion_pct_of_gross,Promotion % of Gross,4.5,3.9,-0.6,-13.33,0.1,Improvement
P1190,JioMart,Watsons,Oral Care,promotion_pct_of_gross,Promotion % of Gross,5.5,2.7,-2.8,-50.91,0.3,Improvement
P1190,Meesho,Watsons,Oral Care,promotion_pct_of_gross,Promotion % of Gross,1.9,3.3,1.4,73.68,0.1,Deterioration
P1190,Website,Watsons,Oral Care,promotion_pct_of_gross,Promotion % of Gross,5.1,3.4,-1.7,-33.33,0.2,Improvement
P1196,Amazon,Watsons,Oral Care,promotion_pct_of_gross,Promotion % of Gross,4.4,3.2,-1.2,-27.27,0.1,Improvement
P1196,Flipkart,Watsons,Oral Care,promotion_pct_of_gross,Promotion % of Gross,4.4,6.1,1.7,38.64,0.2,Deterioration
P1196,JioMart,Watsons,Oral Care,promotion_pct_of_gross,Promotion % of Gross,4.8,4.1,-0.7,-14.58,0.1,Improvement
P1196,Meesho,Watsons,Oral Care,promotion_pct_of_gross,Promotion % of Gross,4.3,3.6,-0.7,-16.28,0.1,Improvement
P1196,Website,Watsons,Oral Care,promotion_pct_of_gross,Promotion % of Gross,6.1,3.9,-2.2,-36.07,0.2,Improvement
P1200,Amazon,Watsons,Oral Care,promotion_pct_of_gross,Promotion % of Gross,4.7,3.4,-1.3,-27.66,0.1,Improvement
P1200,Flipkart,Watsons,Oral Care,promotion_pct_of_gross,Promotion % of Gross,6.7,5.5,-1.2,-17.91,0.1,Improvement
P1200,JioMart,Watsons,Oral Care,promotion_pct_of_gross,Promotion % of Gross,5.1,4.5,-0.6,-11.76,0.1,Improvement
P1200,Meesho,Watsons,Oral Care,promotion_pct_of_gross,Promotion % of Gross,3.7,3.9,0.2,5.41,0.0,Deterioration
P1200,Website,Watsons,Oral Care,promotion_pct_of_gross,Promotion % of Gross,3.0,3.3,0.3,10.0,0.0,Deterioration
P1214,Amazon,Watsons,Oral Care,promotion_pct_of_gross,Promotion % of Gross,4.2,3.5,-0.7,-16.67,0.1,Improvement
P1214,Flipkart,Watsons,Oral Care,promotion_pct_of_gross,Promotion % of Gross,3.2,3.6,0.4,12.5,0.0,Deterioration
P1214,JioMart,Watsons,Oral Care,promotion_pct_of_gross,Promotion % of Gross,3.8,6.5,2.7,71.05,0.3,Deterioration
P1214,Meesho,Watsons,Oral Care,promotion_pct_of_gross,Promotion % of Gross,5.0,5.5,0.5,10.0,0.0,Deterioration
P1214,Website,Watsons,Oral Care,promotion_pct_of_gross,Promotion % of Gross,4.6,3.3,-1.3,-28.26,0.1,Improvement
P1218,Amazon,Watsons,Oral Care,promotion_pct_of_gross,Promotion % of Gross,4.1,3.5,-0.6,-14.63,0.1,Improvement
P1218,Flipkart,Watsons,Oral Care,promotion_pct_of_gross,Promotion % of Gross,4.4,4.1,-0.3,-6.82,0.0,Improvement
P1218,JioMart,Watsons,Oral Care,promotion_pct_of_gross,Promotion % of Gross,4.8,3.7,-1.1,-22.92,0.1,Improvement
P1218,Meesho,Watsons,Oral Care,promotion_pct_of_gross,Promotion % of Gross,4.1,4.1,0.0,0.0,0.0,No Change
P1218,Website,Watsons,Oral Care,promotion_pct_of_gross,Promotion % of Gross,6.1,2.6,-3.5,-57.38,0.3,Improvement
P1237,Amazon,Watsons,Oral Care,promotion_pct_of_gross,Promotion % of Gross,4.6,3.6,-1.0,-21.74,0.1,Improvement
P1237,Flipkart,Watsons,Oral Care,promotion_pct_of_gross,Promotion % of Gross,5.9,1.8,-4.1,-69.49,0.4,Improvement
P1237,JioMart,Watsons,Oral Care,promotion_pct_of_gross,Promotion % of Gross,4.9,6.7,1.8,36.73,0.2,Deterioration
P1237,Meesho,Watsons,Oral Care,promotion_pct_of_gross,Promotion % of Gross,2.6,3.0,0.4,15.38,0.0,Deterioration
P1237,Website,Watsons,Oral Care,promotion_pct_of_gross,Promotion % of Gross,5.5,3.6,-1.9,-34.55,0.2,Improvement
P1248,Amazon,Watsons,Skin Care,promotion_pct_of_gross,Promotion % of Gross,5.0,4.8,-0.2,-4.0,0.0,Improvement
P1248,Flipkart,Watsons,Skin Care,promotion_pct_of_gross,Promotion % of Gross,4.5,3.5,-1.0,-22.22,0.1,Improvement
P1248,JioMart,Watsons,Skin Care,promotion_pct_of_gross,Promotion % of Gross,5.2,2.4,-2.8,-53.85,0.3,Improvement
P1248,Meesho,Watsons,Skin Care,promotion_pct_of_gross,Promotion % of Gross,4.7,2.2,-2.5,-53.19,0.2,Improvement
P1248,Website,Watsons,Skin Care,promotion_pct_of_gross,Promotion % of Gross,4.2,2.4,-1.8,-42.86,0.2,Improvement
P1249,Amazon,Watsons,Oral Care,promotion_pct_of_gross,Promotion % of Gross,3.7,3.7,0.0,0.0,0.0,No Change
P1249,Flipkart,Watsons,Oral Care,promotion_pct_of_gross,Promotion % of Gross,2.5,2.9,0.4,16.0,0.0,Deterioration
P1249,JioMart,Watsons,Oral Care,promotion_pct_of_gross,Promotion % of Gross,4.6,2.5,-2.1,-45.65,0.2,Improvement
P1249,Meesho,Watsons,Oral Care,promotion_pct_of_gross,Promotion % of Gross,4.6,3.4,-1.2,-26.09,0.1,Improvement
P1249,Website,Watsons,Oral Care,promotion_pct_of_gross,Promotion % of Gross,5.3,2.4,-2.9,-54.72,0.3,Improvement
P1251,Amazon,Watsons,Oral Care,promotion_pct_of_gross,Promotion % of Gross,5.3,4.2,-1.1,-20.75,0.1,Improvement
P1251,Flipkart,Watsons,Oral Care,promotion_pct_of_gross,Promotion % of Gross,4.9,2.0,-2.9,-59.18,0.3,Improvement
P1251,JioMart,Watsons,Oral Care,promotion_pct_of_gross,Promotion % of Gross,4.0,2.2,-1.8,-45.0,0.2,Improvement
P1251,Meesho,Watsons,Oral Care,promotion_pct_of_gross,Promotion % of Gross,4.1,4.1,0.0,0.0,0.0,No Change
P1251,Website,Watsons,Oral Care,promotion_pct_of_gross,Promotion % of Gross,3.2,6.0,2.8,87.5,0.3,Deterioration
P1254,Amazon,Watsons,Oral Care,promotion_pct_of_gross,Promotion % of Gross,4.1,3.8,-0.3,-7.32,0.0,Improvement
P1254,Flipkart,Watsons,Oral Care,promotion_pct_of_gross,Promotion % of Gross,4.2,4.9,0.7,16.67,0.1,Deterioration
P1254,JioMart,Watsons,Oral Care,promotion_pct_of_gross,Promotion % of Gross,5.4,7.3,1.9,35.19,0.2,Deterioration
P1254,Meesho,Watsons,Oral Care,promotion_pct_of_gross,Promotion % of Gross,3.1,4.9,1.8,58.06,0.2,Deterioration
P1254,Website,Watsons,Oral Care,promotion_pct_of_gross,Promotion % of Gross,5.7,4.0,-1.7,-29.82,0.2,Improvement
P0022,Amazon,Ambi Pur,Home & Kitchen,net_to_gross_pct,Net-to-Gross %,85.0,84.5,-0.5,-0.59,0.0,Deterioration
P0022,Flipkart,Ambi Pur,Home & Kitchen,net_to_gross_pct,Net-to-Gross %,66.7,96.7,30.0,44.98,0.5,Improvement
P0022,JioMart,Ambi Pur,Home & Kitchen,net_to_gross_pct,Net-to-Gross %,89.3,94.5,5.2,5.82,0.1,Improvement
P0022,Meesho,Ambi Pur,Home & Kitchen,net_to_gross_pct,Net-to-Gross %,98.0,90.9,-7.1,-7.24,0.1,Deterioration
P0022,Website,Ambi Pur,Home & Kitchen,net_to_gross_pct,Net-to-Gross %,105.8,109.6,3.8,3.59,0.1,Improvement
P0024,Amazon,AR,Skin Care,net_to_gross_pct,Net-to-Gross %,71.9,76.1,4.2,5.84,0.1,Improvement
P0024,Flipkart,AR,Skin Care,net_to_gross_pct,Net-to-Gross %,88.4,95.0,6.6,7.47,0.1,Improvement
P0024,JioMart,AR,Skin Care,net_to_gross_pct,Net-to-Gross %,82.6,94.3,11.7,14.16,0.2,Improvement
P0024,Meesho,AR,Skin Care,net_to_gross_pct,Net-to-Gross %,99.0,80.9,-18.1,-18.28,0.3,Deterioration
P0024,Website,AR,Skin Care,net_to_gross_pct,Net-to-Gross %,111.8,103.5,-8.3,-7.42,0.1,Deterioration
P0029,Amazon,Axe,Body Care,net_to_gross_pct,Net-to-Gross %,72.1,86.5,14.4,19.97,0.3,Improvement
P0029,Flipkart,Axe,Body Care,net_to_gross_pct,Net-to-Gross %,90.0,84.9,-5.1,-5.67,0.1,Deterioration
P0029,JioMart,Axe,Body Care,net_to_gross_pct,Net-to-Gross %,102.1,103.2,1.1,1.08,0.0,Improvement
P0029,Meesho,Axe,Body Care,net_to_gross_pct,Net-to-Gross %,79.2,95.8,16.6,20.96,0.3,Improvement
P0029,Website,Axe,Body Care,net_to_gross_pct,Net-to-Gross %,83.0,113.8,30.8,37.11,0.5,Improvement
P0034,Amazon,Axe,Body Care,net_to_gross_pct,Net-to-Gross %,81.8,82.6,0.8,0.98,0.0,Improvement
P0034,Flipkart,Axe,Body Care,net_to_gross_pct,Net-to-Gross %,72.6,92.6,20.0,27.55,0.3,Improvement
P0034,JioMart,Axe,Body Care,net_to_gross_pct,Net-to-Gross %,87.4,83.8,-3.6,-4.12,0.1,Deterioration
P0034,Meesho,Axe,Body Care,net_to_gross_pct,Net-to-Gross %,83.9,91.0,7.1,8.46,0.1,Improvement
P0034,Website,Axe,Body Care,net_to_gross_pct,Net-to-Gross %,103.2,94.4,-8.8,-8.53,0.2,Deterioration
P0039,Amazon,Axe,Body Care,net_to_gross_pct,Net-to-Gross %,79.7,73.8,-5.9,-7.4,0.1,Deterioration
P0039,Flipkart,Axe,Body Care,net_to_gross_pct,Net-to-Gross %,95.1,92.2,-2.9,-3.05,0.1,Deterioration
P0039,JioMart,Axe,Body Care,net_to_gross_pct,Net-to-Gross %,89.0,97.2,8.2,9.21,0.1,Improvement
P0039,Meesho,Axe,Body Care,net_to_gross_pct,Net-to-Gross %,100.2,93.9,-6.3,-6.29,0.1,Deterioration
P0039,Website,Axe,Body Care,net_to_gross_pct,Net-to-Gross %,109.1,105.5,-3.6,-3.3,0.1,Deterioration
P0041,Amazon,Axe,Body Care,net_to_gross_pct,Net-to-Gross %,74.7,74.0,-0.7,-0.94,0.0,Deterioration
P0041,Flipkart,Axe,Body Care,net_to_gross_pct,Net-to-Gross %,79.4,95.8,16.4,20.65,0.3,Improvement
P0041,JioMart,Axe,Body Care,net_to_gross_pct,Net-to-Gross %,95.5,91.2,-4.3,-4.5,0.1,Deterioration
P0041,Meesho,Axe,Body Care,net_to_gross_pct,Net-to-Gross %,100.6,97.4,-3.2,-3.18,0.1,Deterioration
P0041,Website,Axe,Body Care,net_to_gross_pct,Net-to-Gross %,109.2,105.7,-3.5,-3.21,0.1,Deterioration
P0042,Amazon,Axe,Body Care,net_to_gross_pct,Net-to-Gross %,89.0,79.0,-10.0,-11.24,0.2,Deterioration
P0042,Flipkart,Axe,Body Care,net_to_gross_pct,Net-to-Gross %,89.8,93.3,3.5,3.9,0.1,Improvement
P0042,JioMart,Axe,Body Care,net_to_gross_pct,Net-to-Gross %,96.5,95.3,-1.2,-1.24,0.0,Deterioration
P0042,Meesho,Axe,Body Care,net_to_gross_pct,Net-to-Gross %,98.9,102.3,3.4,3.44,0.1,Improvement
P0042,Website,Axe,Body Care,net_to_gross_pct,Net-to-Gross %,107.4,89.8,-17.6,-16.39,0.3,Deterioration
P0082,Amazon,Biore,Skin Care,net_to_gross_pct,Net-to-Gross %,83.8,77.8,-6.0,-7.16,0.1,Deterioration
P0082,Flipkart,Biore,Skin Care,net_to_gross_pct,Net-to-Gross %,85.7,95.9,10.2,11.9,0.2,Improvement
P0082,JioMart,Biore,Skin Care,net_to_gross_pct,Net-to-Gross %,99.0,101.2,2.2,2.22,0.0,Improvement
P0082,Meesho,Biore,Skin Care,net_to_gross_pct,Net-to-Gross %,95.3,95.8,0.5,0.52,0.0,Improvement
P0082,Website,Biore,Skin Care,net_to_gross_pct,Net-to-Gross %,105.6,110.0,4.4,4.17,0.1,Improvement
P0156,Amazon,Colgate,Oral Care,net_to_gross_pct,Net-to-Gross %,79.1,78.4,-0.7,-0.88,0.0,Deterioration
P0156,Flipkart,Colgate,Oral Care,net_to_gross_pct,Net-to-Gross %,91.2,82.6,-8.6,-9.43,0.2,Deterioration
P0156,JioMart,Colgate,Oral Care,net_to_gross_pct,Net-to-Gross %,97.1,97.9,0.8,0.82,0.0,Improvement
P0156,Meesho,Colgate,Oral Care,net_to_gross_pct,Net-to-Gross %,94.2,95.6,1.4,1.49,0.0,Improvement
P0156,Website,Colgate,Oral Care,net_to_gross_pct,Net-to-Gross %,108.7,110.4,1.7,1.56,0.0,Improvement
P0168,Amazon,Colgate,Oral Care,net_to_gross_pct,Net-to-Gross %,78.9,80.7,1.8,2.28,0.0,Improvement
P0168,Flipkart,Colgate,Oral Care,net_to_gross_pct,Net-to-Gross %,93.7,97.3,3.6,3.84,0.1,Improvement
P0168,JioMart,Colgate,Oral Care,net_to_gross_pct,Net-to-Gross %,100.0,98.9,-1.1,-1.1,0.0,Deterioration
P0168,Meesho,Colgate,Oral Care,net_to_gross_pct,Net-to-Gross %,99.2,91.6,-7.6,-7.66,0.1,Deterioration
P0168,Website,Colgate,Oral Care,net_to_gross_pct,Net-to-Gross %,76.6,104.9,28.3,36.95,0.5,Improvement
P0170,Amazon,Colgate,Oral Care,net_to_gross_pct,Net-to-Gross %,69.8,75.5,5.7,8.17,0.1,Improvement
P0170,Flipkart,Colgate,Oral Care,net_to_gross_pct,Net-to-Gross %,88.7,89.4,0.7,0.79,0.0,Improvement
P0170,JioMart,Colgate,Oral Care,net_to_gross_pct,Net-to-Gross %,100.4,101.4,1.0,1.0,0.0,Improvement
P0170,Meesho,Colgate,Oral Care,net_to_gross_pct,Net-to-Gross %,66.7,102.2,35.5,53.22,0.6,Improvement
P0170,Website,Colgate,Oral Care,net_to_gross_pct,Net-to-Gross %,97.0,108.1,11.1,11.44,0.2,Improvement
P0172,Amazon,Colgate,Oral Care,net_to_gross_pct,Net-to-Gross %,82.5,82.6,0.1,0.12,0.0,Improvement
P0172,Flipkart,Colgate,Oral Care,net_to_gross_pct,Net-to-Gross %,88.4,83.7,-4.7,-5.32,0.1,Deterioration
P0172,JioMart,Colgate,Oral Care,net_to_gross_pct,Net-to-Gross %,101.1,97.1,-4.0,-3.96,0.1,Deterioration
P0172,Meesho,Colgate,Oral Care,net_to_gross_pct,Net-to-Gross %,94.9,91.9,-3.0,-3.16,0.1,Deterioration
P0172,Website,Colgate,Oral Care,net_to_gross_pct,Net-to-Gross %,109.8,103.9,-5.9,-5.37,0.1,Deterioration
P0175,Amazon,Colgate,Oral Care,net_to_gross_pct,Net-to-Gross %,81.5,78.3,-3.2,-3.93,0.1,Deterioration
P0175,Flipkart,Colgate,Oral Care,net_to_gross_pct,Net-to-Gross %,82.9,90.2,7.3,8.81,0.1,Improvement
P0175,JioMart,Colgate,Oral Care,net_to_gross_pct,Net-to-Gross %,96.9,100.5,3.6,3.72,0.1,Improvement
P0175,Meesho,Colgate,Oral Care,net_to_gross_pct,Net-to-Gross %,88.9,101.2,12.3,13.84,0.2,Improvement
P0175,Website,Colgate,Oral Care,net_to_gross_pct,Net-to-Gross %,103.0,92.0,-11.0,-10.68,0.2,Deterioration
P0178,Amazon,Colgate,Oral Care,net_to_gross_pct,Net-to-Gross %,80.2,80.0,-0.2,-0.25,0.0,Deterioration
P0178,Flipkart,Colgate,Oral Care,net_to_gross_pct,Net-to-Gross %,95.7,86.0,-9.7,-10.14,0.2,Deterioration
P0178,JioMart,Colgate,Oral Care,net_to_gross_pct,Net-to-Gross %,91.9,93.2,1.3,1.41,0.0,Improvement
P0178,Meesho,Colgate,Oral Care,net_to_gross_pct,Net-to-Gross %,97.7,88.7,-9.0,-9.21,0.2,Deterioration
P0178,Website,Colgate,Oral Care,net_to_gross_pct,Net-to-Gross %,111.0,108.0,-3.0,-2.7,0.1,Deterioration
P0212,Amazon,Colgate,Oral Care,net_to_gross_pct,Net-to-Gross %,76.3,80.5,4.2,5.5,0.1,Improvement
P0212,Flipkart,Colgate,Oral Care,net_to_gross_pct,Net-to-Gross %,92.3,94.1,1.8,1.95,0.0,Improvement
P0212,JioMart,Colgate,Oral Care,net_to_gross_pct,Net-to-Gross %,100.3,80.8,-19.5,-19.44,0.3,Deterioration
P0212,Meesho,Colgate,Oral Care,net_to_gross_pct,Net-to-Gross %,87.8,101.5,13.7,15.6,0.2,Improvement
P0212,Website,Colgate,Oral Care,net_to_gross_pct,Net-to-Gross %,88.9,108.7,19.8,22.27,0.3,Improvement
P0218,Amazon,Colgate,Oral Care,net_to_gross_pct,Net-to-Gross %,74.7,78.2,3.5,4.69,0.1,Improvement
P0218,Flipkart,Colgate,Oral Care,net_to_gross_pct,Net-to-Gross %,70.5,100.4,29.9,42.41,0.5,Improvement
P0218,JioMart,Colgate,Oral Care,net_to_gross_pct,Net-to-Gross %,73.8,104.4,30.6,41.46,0.5,Improvement
P0218,Meesho,Colgate,Oral Care,net_to_gross_pct,Net-to-Gross %,87.3,99.6,12.3,14.09,0.2,Improvement
P0218,Website,Colgate,Oral Care,net_to_gross_pct,Net-to-Gross %,110.7,114.2,3.5,3.16,0.1,Improvement
P0225,Amazon,Colgate,Oral Care,net_to_gross_pct,Net-to-Gross %,77.1,80.3,3.2,4.15,0.1,Improvement
P0225,Flipkart,Colgate,Oral Care,net_to_gross_pct,Net-to-Gross %,91.6,87.5,-4.1,-4.48,0.1,Deterioration
P0225,JioMart,Colgate,Oral Care,net_to_gross_pct,Net-to-Gross %,106.9,100.2,-6.7,-6.27,0.1,Deterioration
P0225,Meesho,Colgate,Oral Care,net_to_gross_pct,Net-to-Gross %,101.9,96.5,-5.4,-5.3,0.1,Deterioration
P0225,Website,Colgate,Oral Care,net_to_gross_pct,Net-to-Gross %,110.0,92.6,-17.4,-15.82,0.3,Deterioration
P0230,Amazon,Counterpain,Health & Wellness,net_to_gross_pct,Net-to-Gross %,85.9,82.3,-3.6,-4.19,0.1,Deterioration
P0230,Flipkart,Counterpain,Health & Wellness,net_to_gross_pct,Net-to-Gross %,89.2,92.2,3.0,3.36,0.1,Improvement
P0230,JioMart,Counterpain,Health & Wellness,net_to_gross_pct,Net-to-Gross %,91.8,73.4,-18.4,-20.04,0.3,Deterioration
P0230,Meesho,Counterpain,Health & Wellness,net_to_gross_pct,Net-to-Gross %,94.9,88.0,-6.9,-7.27,0.1,Deterioration
P0230,Website,Counterpain,Health & Wellness,net_to_gross_pct,Net-to-Gross %,108.3,97.6,-10.7,-9.88,0.2,Deterioration
P0233,Amazon,Counterpain,Health & Wellness,net_to_gross_pct,Net-to-Gross %,78.7,74.9,-3.8,-4.83,0.1,Deterioration
P0233,Flipkart,Counterpain,Health & Wellness,net_to_gross_pct,Net-to-Gross %,92.2,87.5,-4.7,-5.1,0.1,Deterioration
P0233,JioMart,Counterpain,Health & Wellness,net_to_gross_pct,Net-to-Gross %,106.1,90.0,-16.1,-15.17,0.3,Deterioration
P0233,Meesho,Counterpain,Health & Wellness,net_to_gross_pct,Net-to-Gross %,95.5,100.3,4.8,5.03,0.1,Improvement
P0233,Website,Counterpain,Health & Wellness,net_to_gross_pct,Net-to-Gross %,115.4,95.2,-20.2,-17.5,0.4,Deterioration
P0235,Amazon,Counterpain,Health & Wellness,net_to_gross_pct,Net-to-Gross %,86.1,86.6,0.5,0.58,0.0,Improvement
P0235,Flipkart,Counterpain,Health & Wellness,net_to_gross_pct,Net-to-Gross %,92.8,88.6,-4.2,-4.53,0.1,Deterioration
P0235,JioMart,Counterpain,Health & Wellness,net_to_gross_pct,Net-to-Gross %,99.7,95.5,-4.2,-4.21,0.1,Deterioration
P0235,Meesho,Counterpain,Health & Wellness,net_to_gross_pct,Net-to-Gross %,91.4,86.9,-4.5,-4.92,0.1,Deterioration
P0235,Website,Counterpain,Health & Wellness,net_to_gross_pct,Net-to-Gross %,104.4,107.8,3.4,3.26,0.1,Improvement
P0246,Amazon,Dove,Body Care,net_to_gross_pct,Net-to-Gross %,78.6,80.7,2.1,2.67,0.0,Improvement
P0246,Flipkart,Dove,Body Care,net_to_gross_pct,Net-to-Gross %,91.6,95.1,3.5,3.82,0.1,Improvement
P0246,JioMart,Dove,Body Care,net_to_gross_pct,Net-to-Gross %,103.9,102.1,-1.8,-1.73,0.0,Deterioration
P0246,Meesho,Dove,Body Care,net_to_gross_pct,Net-to-Gross %,95.0,91.7,-3.3,-3.47,0.1,Deterioration
P0246,Website,Dove,Body Care,net_to_gross_pct,Net-to-Gross %,104.5,110.4,5.9,5.65,0.1,Improvement
P0252,Amazon,Dove,Hair Care,net_to_gross_pct,Net-to-Gross %,74.9,86.7,11.8,15.75,0.2,Improvement
P0252,Flipkart,Dove,Hair Care,net_to_gross_pct,Net-to-Gross %,81.6,94.4,12.8,15.69,0.2,Improvement
P0252,JioMart,Dove,Hair Care,net_to_gross_pct,Net-to-Gross %,100.4,101.7,1.3,1.29,0.0,Improvement
P0252,Meesho,Dove,Hair Care,net_to_gross_pct,Net-to-Gross %,91.2,100.7,9.5,10.42,0.2,Improvement
P0252,Website,Dove,Hair Care,net_to_gross_pct,Net-to-Gross %,105.7,95.5,-10.2,-9.65,0.2,Deterioration
P0253,Amazon,Dove,Hair Care,net_to_gross_pct,Net-to-Gross %,75.7,63.5,-12.2,-16.12,0.2,Deterioration
P0253,Flipkart,Dove,Hair Care,net_to_gross_pct,Net-to-Gross %,90.9,91.7,0.8,0.88,0.0,Improvement
P0253,JioMart,Dove,Hair Care,net_to_gross_pct,Net-to-Gross %,98.3,99.0,0.7,0.71,0.0,Improvement
P0253,Meesho,Dove,Hair Care,net_to_gross_pct,Net-to-Gross %,97.0,103.4,6.4,6.6,0.1,Improvement
P0253,Website,Dove,Hair Care,net_to_gross_pct,Net-to-Gross %,112.2,93.9,-18.3,-16.31,0.3,Deterioration
P0257,Amazon,Dove,Hair Care,net_to_gross_pct,Net-to-Gross %,80.1,73.7,-6.4,-7.99,0.1,Deterioration
P0257,Flipkart,Dove,Hair Care,net_to_gross_pct,Net-to-Gross %,94.4,90.9,-3.5,-3.71,0.1,Deterioration
P0257,JioMart,Dove,Hair Care,net_to_gross_pct,Net-to-Gross %,104.1,102.3,-1.8,-1.73,0.0,Deterioration
P0257,Meesho,Dove,Hair Care,net_to_gross_pct,Net-to-Gross %,96.7,97.9,1.2,1.24,0.0,Improvement
P0257,Website,Dove,Hair Care,net_to_gross_pct,Net-to-Gross %,107.4,99.1,-8.3,-7.73,0.1,Deterioration
P0259,Amazon,Dove,Hair Care,net_to_gross_pct,Net-to-Gross %,80.0,75.0,-5.0,-6.25,0.1,Deterioration
P0259,Flipkart,Dove,Hair Care,net_to_gross_pct,Net-to-Gross %,88.4,89.8,1.4,1.58,0.0,Improvement
P0259,JioMart,Dove,Hair Care,net_to_gross_pct,Net-to-Gross %,101.3,94.4,-6.9,-6.81,0.1,Deterioration
P0259,Meesho,Dove,Hair Care,net_to_gross_pct,Net-to-Gross %,96.5,88.7,-7.8,-8.08,0.1,Deterioration
P0259,Website,Dove,Hair Care,net_to_gross_pct,Net-to-Gross %,110.2,109.9,-0.3,-0.27,0.0,Deterioration
P0260,Amazon,Dove,Hair Care,net_to_gross_pct,Net-to-Gross %,87.2,88.0,0.8,0.92,0.0,Improvement
P0260,Flipkart,Dove,Hair Care,net_to_gross_pct,Net-to-Gross %,77.3,96.2,18.9,24.45,0.3,Improvement
P0260,JioMart,Dove,Hair Care,net_to_gross_pct,Net-to-Gross %,98.1,82.3,-15.8,-16.11,0.3,Deterioration
P0260,Meesho,Dove,Hair Care,net_to_gross_pct,Net-to-Gross %,83.4,97.7,14.3,17.15,0.2,Improvement
P0260,Website,Dove,Hair Care,net_to_gross_pct,Net-to-Gross %,100.6,90.2,-10.4,-10.34,0.2,Deterioration
P0261,Amazon,Dove,Hair Care,net_to_gross_pct,Net-to-Gross %,85.2,62.1,-23.1,-27.11,0.4,Deterioration
P0261,Flipkart,Dove,Hair Care,net_to_gross_pct,Net-to-Gross %,91.2,88.5,-2.7,-2.96,0.0,Deterioration
P0261,JioMart,Dove,Hair Care,net_to_gross_pct,Net-to-Gross %,97.1,104.2,7.1,7.31,0.1,Improvement
P0261,Meesho,Dove,Hair Care,net_to_gross_pct,Net-to-Gross %,97.7,100.3,2.6,2.66,0.0,Improvement
P0261,Website,Dove,Hair Care,net_to_gross_pct,Net-to-Gross %,108.5,110.6,2.1,1.94,0.0,Improvement
P0262,Amazon,Dove,Hair Care,net_to_gross_pct,Net-to-Gross %,77.6,77.0,-0.6,-0.77,0.0,Deterioration
P0262,Flipkart,Dove,Hair Care,net_to_gross_pct,Net-to-Gross %,94.0,94.7,0.7,0.74,0.0,Improvement
P0262,JioMart,Dove,Hair Care,net_to_gross_pct,Net-to-Gross %,95.3,94.9,-0.4,-0.42,0.0,Deterioration
P0262,Meesho,Dove,Hair Care,net_to_gross_pct,Net-to-Gross %,96.0,59.5,-36.5,-38.02,0.6,Deterioration
P0262,Website,Dove,Hair Care,net_to_gross_pct,Net-to-Gross %,97.7,100.5,2.8,2.87,0.0,Improvement
P0263,Amazon,Dove,Hair Care,net_to_gross_pct,Net-to-Gross %,76.4,86.1,9.7,12.7,0.2,Improvement
P0263,Flipkart,Dove,Hair Care,net_to_gross_pct,Net-to-Gross %,88.4,95.2,6.8,7.69,0.1,Improvement
P0263,JioMart,Dove,Hair Care,net_to_gross_pct,Net-to-Gross %,90.4,97.1,6.7,7.41,0.1,Improvement
P0263,Meesho,Dove,Hair Care,net_to_gross_pct,Net-to-Gross %,98.9,93.8,-5.1,-5.16,0.1,Deterioration
P0263,Website,Dove,Hair Care,net_to_gross_pct,Net-to-Gross %,110.9,108.5,-2.4,-2.16,0.0,Deterioration
P0264,Amazon,Dove,Body Care,net_to_gross_pct,Net-to-Gross %,85.0,82.9,-2.1,-2.47,0.0,Deterioration
P0264,Flipkart,Dove,Body Care,net_to_gross_pct,Net-to-Gross %,96.4,86.6,-9.8,-10.17,0.2,Deterioration
P0264,JioMart,Dove,Body Care,net_to_gross_pct,Net-to-Gross %,99.5,97.5,-2.0,-2.01,0.0,Deterioration
P0264,Meesho,Dove,Body Care,net_to_gross_pct,Net-to-Gross %,98.9,97.8,-1.1,-1.11,0.0,Deterioration
P0264,Website,Dove,Body Care,net_to_gross_pct,Net-to-Gross %,95.9,109.5,13.6,14.18,0.2,Improvement
P0270,Amazon,Dove,Hair Care,net_to_gross_pct,Net-to-Gross %,80.5,79.3,-1.2,-1.49,0.0,Deterioration
P0270,Flipkart,Dove,Hair Care,net_to_gross_pct,Net-to-Gross %,91.4,95.8,4.4,4.81,0.1,Improvement
P0270,JioMart,Dove,Hair Care,net_to_gross_pct,Net-to-Gross %,88.4,83.7,-4.7,-5.32,0.1,Deterioration
P0270,Meesho,Dove,Hair Care,net_to_gross_pct,Net-to-Gross %,92.0,91.9,-0.1,-0.11,0.0,Deterioration
P0270,Website,Dove,Hair Care,net_to_gross_pct,Net-to-Gross %,106.5,106.1,-0.4,-0.38,0.0,Deterioration
P0271,Amazon,Dove,Hair Care,net_to_gross_pct,Net-to-Gross %,71.4,78.6,7.2,10.08,0.1,Improvement
P0271,Flipkart,Dove,Hair Care,net_to_gross_pct,Net-to-Gross %,79.6,95.7,16.1,20.23,0.3,Improvement
P0271,JioMart,Dove,Hair Care,net_to_gross_pct,Net-to-Gross %,101.9,102.3,0.4,0.39,0.0,Improvement
P0271,Meesho,Dove,Hair Care,net_to_gross_pct,Net-to-Gross %,101.5,98.7,-2.8,-2.76,0.0,Deterioration
P0271,Website,Dove,Hair Care,net_to_gross_pct,Net-to-Gross %,119.2,104.0,-15.2,-12.75,0.3,Deterioration
P0278,Amazon,Dove,Hair Care,net_to_gross_pct,Net-to-Gross %,65.5,63.5,-2.0,-3.05,0.0,Deterioration
P0278,Flipkart,Dove,Hair Care,net_to_gross_pct,Net-to-Gross %,96.4,92.2,-4.2,-4.36,0.1,Deterioration
P0278,JioMart,Dove,Hair Care,net_to_gross_pct,Net-to-Gross %,100.3,88.0,-12.3,-12.26,0.2,Deterioration
P0278,Meesho,Dove,Hair Care,net_to_gross_pct,Net-to-Gross %,96.3,101.1,4.8,4.98,0.1,Improvement
P0278,Website,Dove,Hair Care,net_to_gross_pct,Net-to-Gross %,106.0,108.9,2.9,2.74,0.1,Improvement
P0279,Amazon,Dove,Body Care,net_to_gross_pct,Net-to-Gross %,87.0,83.4,-3.6,-4.14,0.1,Deterioration
P0279,Flipkart,Dove,Body Care,net_to_gross_pct,Net-to-Gross %,96.6,81.7,-14.9,-15.42,0.3,Deterioration
P0279,JioMart,Dove,Body Care,net_to_gross_pct,Net-to-Gross %,97.1,96.4,-0.7,-0.72,0.0,Deterioration
P0279,Meesho,Dove,Body Care,net_to_gross_pct,Net-to-Gross %,93.0,94.0,1.0,1.08,0.0,Improvement
P0279,Website,Dove,Body Care,net_to_gross_pct,Net-to-Gross %,106.9,113.6,6.7,6.27,0.1,Improvement
P0308,Amazon,Dove,Hair Care,net_to_gross_pct,Net-to-Gross %,80.3,73.2,-7.1,-8.84,0.1,Deterioration
P0308,Flipkart,Dove,Hair Care,net_to_gross_pct,Net-to-Gross %,96.9,93.5,-3.4,-3.51,0.1,Deterioration
P0308,JioMart,Dove,Hair Care,net_to_gross_pct,Net-to-Gross %,98.2,93.0,-5.2,-5.3,0.1,Deterioration
P0308,Meesho,Dove,Hair Care,net_to_gross_pct,Net-to-Gross %,96.6,87.9,-8.7,-9.01,0.2,Deterioration
P0308,Website,Dove,Hair Care,net_to_gross_pct,Net-to-Gross %,105.9,105.9,0.0,0.0,0.0,No Change
P0342,Amazon,Fino,Hair Care,net_to_gross_pct,Net-to-Gross %,81.4,84.1,2.7,3.32,0.0,Improvement
P0342,Flipkart,Fino,Hair Care,net_to_gross_pct,Net-to-Gross %,81.2,82.9,1.7,2.09,0.0,Improvement
P0342,JioMart,Fino,Hair Care,net_to_gross_pct,Net-to-Gross %,95.2,102.4,7.2,7.56,0.1,Improvement
P0342,Meesho,Fino,Hair Care,net_to_gross_pct,Net-to-Gross %,95.2,87.4,-7.8,-8.19,0.1,Deterioration
P0342,Website,Fino,Hair Care,net_to_gross_pct,Net-to-Gross %,101.5,107.8,6.3,6.21,0.1,Improvement
P0343,Amazon,Fino,Hair Care,net_to_gross_pct,Net-to-Gross %,81.7,84.1,2.4,2.94,0.0,Improvement
P0343,Flipkart,Fino,Hair Care,net_to_gross_pct,Net-to-Gross %,87.2,80.9,-6.3,-7.22,0.1,Deterioration
P0343,JioMart,Fino,Hair Care,net_to_gross_pct,Net-to-Gross %,81.8,91.8,10.0,12.22,0.2,Improvement
P0343,Meesho,Fino,Hair Care,net_to_gross_pct,Net-to-Gross %,100.7,95.6,-5.1,-5.06,0.1,Deterioration
P0343,Website,Fino,Hair Care,net_to_gross_pct,Net-to-Gross %,68.2,99.8,31.6,46.33,0.6,Improvement
P0427,Amazon,Kaowmanee,Skin Care,net_to_gross_pct,Net-to-Gross %,64.3,71.6,7.3,11.35,0.1,Improvement
P0427,Flipkart,Kaowmanee,Skin Care,net_to_gross_pct,Net-to-Gross %,91.3,100.7,9.4,10.3,0.2,Improvement
P0427,JioMart,Kaowmanee,Skin Care,net_to_gross_pct,Net-to-Gross %,94.3,99.5,5.2,5.51,0.1,Improvement
P0427,Meesho,Kaowmanee,Skin Care,net_to_gross_pct,Net-to-Gross %,100.8,106.7,5.9,5.85,0.1,Improvement
P0427,Website,Kaowmanee,Skin Care,net_to_gross_pct,Net-to-Gross %,89.6,100.7,11.1,12.39,0.2,Improvement
P0437,Amazon,L'Oreal Paris,Skin Care,net_to_gross_pct,Net-to-Gross %,80.3,80.7,0.4,0.5,0.0,Improvement
P0437,Flipkart,L'Oreal Paris,Skin Care,net_to_gross_pct,Net-to-Gross %,84.6,91.3,6.7,7.92,0.1,Improvement
P0437,JioMart,L'Oreal Paris,Skin Care,net_to_gross_pct,Net-to-Gross %,94.7,81.2,-13.5,-14.26,0.2,Deterioration
P0437,Meesho,L'Oreal Paris,Skin Care,net_to_gross_pct,Net-to-Gross %,90.8,89.1,-1.7,-1.87,0.0,Deterioration
P0437,Website,L'Oreal Paris,Skin Care,net_to_gross_pct,Net-to-Gross %,109.6,108.8,-0.8,-0.73,0.0,Deterioration
P0475,Amazon,Listerine,Oral Care,net_to_gross_pct,Net-to-Gross %,74.5,79.8,5.3,7.11,0.1,Improvement
P0475,Flipkart,Listerine,Oral Care,net_to_gross_pct,Net-to-Gross %,93.9,93.0,-0.9,-0.96,0.0,Deterioration
P0475,JioMart,Listerine,Oral Care,net_to_gross_pct,Net-to-Gross %,107.8,100.8,-7.0,-6.49,0.1,Deterioration
P0475,Meesho,Listerine,Oral Care,net_to_gross_pct,Net-to-Gross %,95.5,104.0,8.5,8.9,0.1,Improvement
P0475,Website,Listerine,Oral Care,net_to_gross_pct,Net-to-Gross %,97.0,103.8,6.8,7.01,0.1,Improvement
P0476,Amazon,Listerine,Oral Care,net_to_gross_pct,Net-to-Gross %,72.8,74.5,1.7,2.34,0.0,Improvement
P0476,Flipkart,Listerine,Oral Care,net_to_gross_pct,Net-to-Gross %,91.5,92.4,0.9,0.98,0.0,Improvement
P0476,JioMart,Listerine,Oral Care,net_to_gross_pct,Net-to-Gross %,98.6,104.9,6.3,6.39,0.1,Improvement
P0476,Meesho,Listerine,Oral Care,net_to_gross_pct,Net-to-Gross %,97.4,95.9,-1.5,-1.54,0.0,Deterioration
P0476,Website,Listerine,Oral Care,net_to_gross_pct,Net-to-Gross %,92.5,92.0,-0.5,-0.54,0.0,Deterioration
P0488,Amazon,Listerine,Oral Care,net_to_gross_pct,Net-to-Gross %,80.1,82.8,2.7,3.37,0.0,Improvement
P0488,Flipkart,Listerine,Oral Care,net_to_gross_pct,Net-to-Gross %,94.6,96.4,1.8,1.9,0.0,Improvement
P0488,JioMart,Listerine,Oral Care,net_to_gross_pct,Net-to-Gross %,103.0,96.3,-6.7,-6.5,0.1,Deterioration
P0488,Meesho,Listerine,Oral Care,net_to_gross_pct,Net-to-Gross %,95.1,80.2,-14.9,-15.67,0.3,Deterioration
P0488,Website,Listerine,Oral Care,net_to_gross_pct,Net-to-Gross %,106.3,97.7,-8.6,-8.09,0.2,Deterioration
P0528,Amazon,NEXCARE,Skin Care,net_to_gross_pct,Net-to-Gross %,83.1,78.8,-4.3,-5.17,0.1,Deterioration
P0528,Flipkart,NEXCARE,Skin Care,net_to_gross_pct,Net-to-Gross %,94.8,94.8,0.0,0.0,0.0,No Change
P0528,JioMart,NEXCARE,Skin Care,net_to_gross_pct,Net-to-Gross %,91.4,95.4,4.0,4.38,0.1,Improvement
P0528,Meesho,NEXCARE,Skin Care,net_to_gross_pct,Net-to-Gross %,91.1,94.5,3.4,3.73,0.1,Improvement
P0528,Website,NEXCARE,Skin Care,net_to_gross_pct,Net-to-Gross %,80.5,97.1,16.6,20.62,0.3,Improvement
P0529,Amazon,NEXCARE,Skin Care,net_to_gross_pct,Net-to-Gross %,85.9,85.3,-0.6,-0.7,0.0,Deterioration
P0529,Flipkart,NEXCARE,Skin Care,net_to_gross_pct,Net-to-Gross %,91.8,86.0,-5.8,-6.32,0.1,Deterioration
P0529,JioMart,NEXCARE,Skin Care,net_to_gross_pct,Net-to-Gross %,99.9,98.6,-1.3,-1.3,0.0,Deterioration
P0529,Meesho,NEXCARE,Skin Care,net_to_gross_pct,Net-to-Gross %,96.8,95.3,-1.5,-1.55,0.0,Deterioration
P0529,Website,NEXCARE,Skin Care,net_to_gross_pct,Net-to-Gross %,90.2,97.1,6.9,7.65,0.1,Improvement
P0531,Amazon,NEXCARE,Skin Care,net_to_gross_pct,Net-to-Gross %,77.8,76.8,-1.0,-1.29,0.0,Deterioration
P0531,Flipkart,NEXCARE,Skin Care,net_to_gross_pct,Net-to-Gross %,94.5,89.8,-4.7,-4.97,0.1,Deterioration
P0531,JioMart,NEXCARE,Skin Care,net_to_gross_pct,Net-to-Gross %,103.6,79.7,-23.9,-23.07,0.4,Deterioration
P0531,Meesho,NEXCARE,Skin Care,net_to_gross_pct,Net-to-Gross %,86.8,73.9,-12.9,-14.86,0.2,Deterioration
P0531,Website,NEXCARE,Skin Care,net_to_gross_pct,Net-to-Gross %,86.5,105.6,19.1,22.08,0.3,Improvement
P0534,Amazon,Nexcare,Skin Care,net_to_gross_pct,Net-to-Gross %,82.9,76.5,-6.4,-7.72,0.1,Deterioration
P0534,Flipkart,Nexcare,Skin Care,net_to_gross_pct,Net-to-Gross %,85.9,87.7,1.8,2.1,0.0,Improvement
P0534,JioMart,Nexcare,Skin Care,net_to_gross_pct,Net-to-Gross %,99.1,63.4,-35.7,-36.02,0.6,Deterioration
P0534,Meesho,Nexcare,Skin Care,net_to_gross_pct,Net-to-Gross %,95.0,92.9,-2.1,-2.21,0.0,Deterioration
P0534,Website,Nexcare,Skin Care,net_to_gross_pct,Net-to-Gross %,102.1,100.2,-1.9,-1.86,0.0,Deterioration
P0536,Amazon,NOVOLIFE,Health & Wellness,net_to_gross_pct,Net-to-Gross %,66.5,69.8,3.3,4.96,0.1,Improvement
P0536,Flipkart,NOVOLIFE,Health & Wellness,net_to_gross_pct,Net-to-Gross %,92.8,93.1,0.3,0.32,0.0,Improvement
P0536,JioMart,NOVOLIFE,Health & Wellness,net_to_gross_pct,Net-to-Gross %,97.6,110.4,12.8,13.11,0.2,Improvement
P0536,Meesho,NOVOLIFE,Health & Wellness,net_to_gross_pct,Net-to-Gross %,105.5,77.4,-28.1,-26.64,0.5,Deterioration
P0536,Website,NOVOLIFE,Health & Wellness,net_to_gross_pct,Net-to-Gross %,106.5,112.9,6.4,6.01,0.1,Improvement
P0543,Amazon,Ora2,Oral Care,net_to_gross_pct,Net-to-Gross %,86.0,84.0,-2.0,-2.33,0.0,Deterioration
P0543,Flipkart,Ora2,Oral Care,net_to_gross_pct,Net-to-Gross %,97.8,76.2,-21.6,-22.09,0.4,Deterioration
P0543,JioMart,Ora2,Oral Care,net_to_gross_pct,Net-to-Gross %,100.1,87.1,-13.0,-12.99,0.2,Deterioration
P0543,Meesho,Ora2,Oral Care,net_to_gross_pct,Net-to-Gross %,100.2,98.8,-1.4,-1.4,0.0,Deterioration
P0543,Website,Ora2,Oral Care,net_to_gross_pct,Net-to-Gross %,95.8,108.1,12.3,12.84,0.2,Improvement
P0546,Amazon,Ora2,Oral Care,net_to_gross_pct,Net-to-Gross %,85.1,84.1,-1.0,-1.18,0.0,Deterioration
P0546,Flipkart,Ora2,Oral Care,net_to_gross_pct,Net-to-Gross %,88.0,93.3,5.3,6.02,0.1,Improvement
P0546,JioMart,Ora2,Oral Care,net_to_gross_pct,Net-to-Gross %,99.2,95.6,-3.6,-3.63,0.1,Deterioration
P0546,Meesho,Ora2,Oral Care,net_to_gross_pct,Net-to-Gross %,94.2,86.8,-7.4,-7.86,0.1,Deterioration
P0546,Website,Ora2,Oral Care,net_to_gross_pct,Net-to-Gross %,112.9,92.3,-20.6,-18.25,0.4,Deterioration
P0547,Amazon,Oral-B,Oral Care,net_to_gross_pct,Net-to-Gross %,81.2,86.7,5.5,6.77,0.1,Improvement
P0547,Flipkart,Oral-B,Oral Care,net_to_gross_pct,Net-to-Gross %,87.7,86.8,-0.9,-1.03,0.0,Deterioration
P0547,JioMart,Oral-B,Oral Care,net_to_gross_pct,Net-to-Gross %,99.6,84.2,-15.4,-15.46,0.3,Deterioration
P0547,Meesho,Oral-B,Oral Care,net_to_gross_pct,Net-to-Gross %,88.9,98.5,9.6,10.8,0.2,Improvement
P0547,Website,Oral-B,Oral Care,net_to_gross_pct,Net-to-Gross %,83.6,104.8,21.2,25.36,0.4,Improvement
P0548,Amazon,Oral-B,Oral Care,net_to_gross_pct,Net-to-Gross %,83.5,87.0,3.5,4.19,0.1,Improvement
P0548,Flipkart,Oral-B,Oral Care,net_to_gross_pct,Net-to-Gross %,93.1,96.5,3.4,3.65,0.1,Improvement
P0548,JioMart,Oral-B,Oral Care,net_to_gross_pct,Net-to-Gross %,96.9,95.1,-1.8,-1.86,0.0,Deterioration
P0548,Meesho,Oral-B,Oral Care,net_to_gross_pct,Net-to-Gross %,98.4,87.9,-10.5,-10.67,0.2,Deterioration
P0548,Website,Oral-B,Oral Care,net_to_gross_pct,Net-to-Gross %,109.6,108.3,-1.3,-1.19,0.0,Deterioration
P0553,Amazon,Oral-B,Oral Care,net_to_gross_pct,Net-to-Gross %,80.1,90.6,10.5,13.11,0.2,Improvement
P0553,Flipkart,Oral-B,Oral Care,net_to_gross_pct,Net-to-Gross %,90.7,96.8,6.1,6.73,0.1,Improvement
P0553,JioMart,Oral-B,Oral Care,net_to_gross_pct,Net-to-Gross %,90.3,99.7,9.4,10.41,0.2,Improvement
P0553,Meesho,Oral-B,Oral Care,net_to_gross_pct,Net-to-Gross %,96.7,90.9,-5.8,-6.0,0.1,Deterioration
P0553,Website,Oral-B,Oral Care,net_to_gross_pct,Net-to-Gross %,111.1,91.9,-19.2,-17.28,0.3,Deterioration
P0554,Amazon,Oral-B,Oral Care,net_to_gross_pct,Net-to-Gross %,80.3,80.1,-0.2,-0.25,0.0,Deterioration
P0554,Flipkart,Oral-B,Oral Care,net_to_gross_pct,Net-to-Gross %,89.0,90.0,1.0,1.12,0.0,Improvement
P0554,JioMart,Oral-B,Oral Care,net_to_gross_pct,Net-to-Gross %,104.0,100.4,-3.6,-3.46,0.1,Deterioration
P0554,Meesho,Oral-B,Oral Care,net_to_gross_pct,Net-to-Gross %,88.8,80.4,-8.4,-9.46,0.1,Deterioration
P0554,Website,Oral-B,Oral Care,net_to_gross_pct,Net-to-Gross %,103.0,83.3,-19.7,-19.13,0.3,Deterioration
P0555,Amazon,Oral-B,Oral Care,net_to_gross_pct,Net-to-Gross %,77.6,74.8,-2.8,-3.61,0.0,Deterioration
P0555,Flipkart,Oral-B,Oral Care,net_to_gross_pct,Net-to-Gross %,91.9,89.6,-2.3,-2.5,0.0,Deterioration
P0555,JioMart,Oral-B,Oral Care,net_to_gross_pct,Net-to-Gross %,90.7,102.3,11.6,12.79,0.2,Improvement
P0555,Meesho,Oral-B,Oral Care,net_to_gross_pct,Net-to-Gross %,104.5,101.1,-3.4,-3.25,0.1,Deterioration
P0555,Website,Oral-B,Oral Care,net_to_gross_pct,Net-to-Gross %,119.9,107.7,-12.2,-10.18,0.2,Deterioration
P0557,Amazon,Oral-B,Oral Care,net_to_gross_pct,Net-to-Gross %,74.0,83.8,9.8,13.24,0.2,Improvement
P0557,Flipkart,Oral-B,Oral Care,net_to_gross_pct,Net-to-Gross %,88.3,87.1,-1.2,-1.36,0.0,Deterioration
P0557,JioMart,Oral-B,Oral Care,net_to_gross_pct,Net-to-Gross %,100.9,96.0,-4.9,-4.86,0.1,Deterioration
P0557,Meesho,Oral-B,Oral Care,net_to_gross_pct,Net-to-Gross %,94.4,70.1,-24.3,-25.74,0.4,Deterioration
P0557,Website,Oral-B,Oral Care,net_to_gross_pct,Net-to-Gross %,90.1,109.8,19.7,21.86,0.3,Improvement
P0562,Amazon,Oral-B,Oral Care,net_to_gross_pct,Net-to-Gross %,80.7,83.1,2.4,2.97,0.0,Improvement
P0562,Flipkart,Oral-B,Oral Care,net_to_gross_pct,Net-to-Gross %,95.0,93.8,-1.2,-1.26,0.0,Deterioration
P0562,JioMart,Oral-B,Oral Care,net_to_gross_pct,Net-to-Gross %,74.1,102.0,27.9,37.65,0.5,Improvement
P0562,Meesho,Oral-B,Oral Care,net_to_gross_pct,Net-to-Gross %,99.1,88.1,-11.0,-11.1,0.2,Deterioration
P0562,Website,Oral-B,Oral Care,net_to_gross_pct,Net-to-Gross %,107.3,97.6,-9.7,-9.04,0.2,Deterioration
P0563,Amazon,Oral-B,Oral Care,net_to_gross_pct,Net-to-Gross %,74.9,77.9,3.0,4.01,0.1,Improvement
P0563,Flipkart,Oral-B,Oral Care,net_to_gross_pct,Net-to-Gross %,91.9,85.4,-6.5,-7.07,0.1,Deterioration
P0563,JioMart,Oral-B,Oral Care,net_to_gross_pct,Net-to-Gross %,99.4,103.0,3.6,3.62,0.1,Improvement
P0563,Meesho,Oral-B,Oral Care,net_to_gross_pct,Net-to-Gross %,97.0,42.4,-54.6,-56.29,1.0,Deterioration
P0563,Website,Oral-B,Oral Care,net_to_gross_pct,Net-to-Gross %,94.2,104.2,10.0,10.62,0.2,Improvement
P0565,Amazon,Pair,Skin Care,net_to_gross_pct,Net-to-Gross %,86.8,82.6,-4.2,-4.84,0.1,Deterioration
P0565,Flipkart,Pair,Skin Care,net_to_gross_pct,Net-to-Gross %,89.4,84.9,-4.5,-5.03,0.1,Deterioration
P0565,JioMart,Pair,Skin Care,net_to_gross_pct,Net-to-Gross %,96.5,99.1,2.6,2.69,0.0,Improvement
P0565,Meesho,Pair,Skin Care,net_to_gross_pct,Net-to-Gross %,86.2,92.5,6.3,7.31,0.1,Improvement
P0565,Website,Pair,Skin Care,net_to_gross_pct,Net-to-Gross %,108.4,111.6,3.2,2.95,0.1,Improvement
P0566,Amazon,Pantene,Hair Care,net_to_gross_pct,Net-to-Gross %,80.5,76.9,-3.6,-4.47,0.1,Deterioration
P0566,Flipkart,Pantene,Hair Care,net_to_gross_pct,Net-to-Gross %,92.4,92.0,-0.4,-0.43,0.0,Deterioration
P0566,JioMart,Pantene,Hair Care,net_to_gross_pct,Net-to-Gross %,101.8,99.7,-2.1,-2.06,0.0,Deterioration
P0566,Meesho,Pantene,Hair Care,net_to_gross_pct,Net-to-Gross %,90.2,94.8,4.6,5.1,0.1,Improvement
P0566,Website,Pantene,Hair Care,net_to_gross_pct,Net-to-Gross %,108.2,108.8,0.6,0.55,0.0,Improvement
P0573,Amazon,Pantene,Hair Care,net_to_gross_pct,Net-to-Gross %,77.1,86.6,9.5,12.32,0.2,Improvement
P0573,Flipkart,Pantene,Hair Care,net_to_gross_pct,Net-to-Gross %,91.9,93.0,1.1,1.2,0.0,Improvement
P0573,JioMart,Pantene,Hair Care,net_to_gross_pct,Net-to-Gross %,95.6,93.1,-2.5,-2.62,0.0,Deterioration
P0573,Meesho,Pantene,Hair Care,net_to_gross_pct,Net-to-Gross %,92.1,96.0,3.9,4.23,0.1,Improvement
P0573,Website,Pantene,Hair Care,net_to_gross_pct,Net-to-Gross %,103.3,104.2,0.9,0.87,0.0,Improvement
P0581,Amazon,Pantene,Hair Care,net_to_gross_pct,Net-to-Gross %,79.4,83.3,3.9,4.91,0.1,Improvement
P0581,Flipkart,Pantene,Hair Care,net_to_gross_pct,Net-to-Gross %,83.3,98.0,14.7,17.65,0.3,Improvement
P0581,JioMart,Pantene,Hair Care,net_to_gross_pct,Net-to-Gross %,100.9,96.5,-4.4,-4.36,0.1,Deterioration
P0581,Meesho,Pantene,Hair Care,net_to_gross_pct,Net-to-Gross %,92.4,94.3,1.9,2.06,0.0,Improvement
P0581,Website,Pantene,Hair Care,net_to_gross_pct,Net-to-Gross %,72.8,84.6,11.8,16.21,0.2,Improvement
P0586,Amazon,Pantene,Hair Care,net_to_gross_pct,Net-to-Gross %,81.9,76.0,-5.9,-7.2,0.1,Deterioration
P0586,Flipkart,Pantene,Hair Care,net_to_gross_pct,Net-to-Gross %,79.7,83.8,4.1,5.14,0.1,Improvement
P0586,JioMart,Pantene,Hair Care,net_to_gross_pct,Net-to-Gross %,82.1,101.5,19.4,23.63,0.3,Improvement
P0586,Meesho,Pantene,Hair Care,net_to_gross_pct,Net-to-Gross %,98.7,100.9,2.2,2.23,0.0,Improvement
P0586,Website,Pantene,Hair Care,net_to_gross_pct,Net-to-Gross %,105.8,106.6,0.8,0.76,0.0,Improvement
P0590,Amazon,Pantene,Hair Care,net_to_gross_pct,Net-to-Gross %,86.3,79.8,-6.5,-7.53,0.1,Deterioration
P0590,Flipkart,Pantene,Hair Care,net_to_gross_pct,Net-to-Gross %,70.7,87.6,16.9,23.9,0.3,Improvement
P0590,JioMart,Pantene,Hair Care,net_to_gross_pct,Net-to-Gross %,90.8,104.6,13.8,15.2,0.2,Improvement
P0590,Meesho,Pantene,Hair Care,net_to_gross_pct,Net-to-Gross %,99.7,94.1,-5.6,-5.62,0.1,Deterioration
P0590,Website,Pantene,Hair Care,net_to_gross_pct,Net-to-Gross %,89.3,103.7,14.4,16.13,0.3,Improvement
P0594,Amazon,Pantene,Hair Care,net_to_gross_pct,Net-to-Gross %,74.7,81.2,6.5,8.7,0.1,Improvement
P0594,Flipkart,Pantene,Hair Care,net_to_gross_pct,Net-to-Gross %,96.1,97.8,1.7,1.77,0.0,Improvement
P0594,JioMart,Pantene,Hair Care,net_to_gross_pct,Net-to-Gross %,103.4,83.1,-20.3,-19.63,0.4,Deterioration
P0594,Meesho,Pantene,Hair Care,net_to_gross_pct,Net-to-Gross %,89.1,98.6,9.5,10.66,0.2,Improvement
P0594,Website,Pantene,Hair Care,net_to_gross_pct,Net-to-Gross %,103.9,105.5,1.6,1.54,0.0,Improvement
P0595,Amazon,Pantene,Hair Care,net_to_gross_pct,Net-to-Gross %,80.9,74.4,-6.5,-8.03,0.1,Deterioration
P0595,Flipkart,Pantene,Hair Care,net_to_gross_pct,Net-to-Gross %,95.0,65.4,-29.6,-31.16,0.5,Deterioration
P0595,JioMart,Pantene,Hair Care,net_to_gross_pct,Net-to-Gross %,90.0,101.2,11.2,12.44,0.2,Improvement
P0595,Meesho,Pantene,Hair Care,net_to_gross_pct,Net-to-Gross %,90.7,82.1,-8.6,-9.48,0.2,Deterioration
P0595,Website,Pantene,Hair Care,net_to_gross_pct,Net-to-Gross %,91.5,111.1,19.6,21.42,0.3,Improvement
P0598,Amazon,Pantene,Hair Care,net_to_gross_pct,Net-to-Gross %,74.2,78.7,4.5,6.06,0.1,Improvement
P0598,Flipkart,Pantene,Hair Care,net_to_gross_pct,Net-to-Gross %,80.9,95.4,14.5,17.92,0.3,Improvement
P0598,JioMart,Pantene,Hair Care,net_to_gross_pct,Net-to-Gross %,105.7,97.9,-7.8,-7.38,0.1,Deterioration
P0598,Meesho,Pantene,Hair Care,net_to_gross_pct,Net-to-Gross %,101.6,94.9,-6.7,-6.59,0.1,Deterioration
P0598,Website,Pantene,Hair Care,net_to_gross_pct,Net-to-Gross %,106.7,110.3,3.6,3.37,0.1,Improvement
P0602,Amazon,Pantene,Hair Care,net_to_gross_pct,Net-to-Gross %,79.8,85.1,5.3,6.64,0.1,Improvement
P0602,Flipkart,Pantene,Hair Care,net_to_gross_pct,Net-to-Gross %,92.9,83.3,-9.6,-10.33,0.2,Deterioration
P0602,JioMart,Pantene,Hair Care,net_to_gross_pct,Net-to-Gross %,97.1,98.0,0.9,0.93,0.0,Improvement
P0602,Meesho,Pantene,Hair Care,net_to_gross_pct,Net-to-Gross %,94.9,95.0,0.1,0.11,0.0,Improvement
P0602,Website,Pantene,Hair Care,net_to_gross_pct,Net-to-Gross %,105.5,107.0,1.5,1.42,0.0,Improvement
P0604,Amazon,Pantene,Hair Care,net_to_gross_pct,Net-to-Gross %,84.5,74.3,-10.2,-12.07,0.2,Deterioration
P0604,Flipkart,Pantene,Hair Care,net_to_gross_pct,Net-to-Gross %,95.6,93.5,-2.1,-2.2,0.0,Deterioration
P0604,JioMart,Pantene,Hair Care,net_to_gross_pct,Net-to-Gross %,105.0,98.2,-6.8,-6.48,0.1,Deterioration
P0604,Meesho,Pantene,Hair Care,net_to_gross_pct,Net-to-Gross %,84.1,93.9,9.8,11.65,0.2,Improvement
P0604,Website,Pantene,Hair Care,net_to_gross_pct,Net-to-Gross %,97.0,105.6,8.6,8.87,0.2,Improvement
P0605,Amazon,Pantene,Hair Care,net_to_gross_pct,Net-to-Gross %,85.6,80.4,-5.2,-6.07,0.1,Deterioration
P0605,Flipkart,Pantene,Hair Care,net_to_gross_pct,Net-to-Gross %,77.4,90.9,13.5,17.44,0.2,Improvement
P0605,JioMart,Pantene,Hair Care,net_to_gross_pct,Net-to-Gross %,102.0,98.2,-3.8,-3.73,0.1,Deterioration
P0605,Meesho,Pantene,Hair Care,net_to_gross_pct,Net-to-Gross %,101.1,96.4,-4.7,-4.65,0.1,Deterioration
P0605,Website,Pantene,Hair Care,net_to_gross_pct,Net-to-Gross %,102.4,104.1,1.7,1.66,0.0,Improvement
P0609,Amazon,Pantene,Hair Care,net_to_gross_pct,Net-to-Gross %,84.9,86.3,1.4,1.65,0.0,Improvement
P0609,Flipkart,Pantene,Hair Care,net_to_gross_pct,Net-to-Gross %,93.1,85.6,-7.5,-8.06,0.1,Deterioration
P0609,JioMart,Pantene,Hair Care,net_to_gross_pct,Net-to-Gross %,98.6,101.3,2.7,2.74,0.0,Improvement
P0609,Meesho,Pantene,Hair Care,net_to_gross_pct,Net-to-Gross %,97.4,92.1,-5.3,-5.44,0.1,Deterioration
P0609,Website,Pantene,Hair Care,net_to_gross_pct,Net-to-Gross %,100.3,80.6,-19.7,-19.64,0.3,Deterioration
P0610,Amazon,Pantene,Hair Care,net_to_gross_pct,Net-to-Gross %,84.0,82.3,-1.7,-2.02,0.0,Deterioration
P0610,Flipkart,Pantene,Hair Care,net_to_gross_pct,Net-to-Gross %,86.5,89.5,3.0,3.47,0.1,Improvement
P0610,JioMart,Pantene,Hair Care,net_to_gross_pct,Net-to-Gross %,88.0,97.2,9.2,10.45,0.2,Improvement
P0610,Meesho,Pantene,Hair Care,net_to_gross_pct,Net-to-Gross %,89.6,97.3,7.7,8.59,0.1,Improvement
P0610,Website,Pantene,Hair Care,net_to_gross_pct,Net-to-Gross %,112.5,110.1,-2.4,-2.13,0.0,Deterioration
P0617,Amazon,Pantene,Hair Care,net_to_gross_pct,Net-to-Gross %,74.5,83.1,8.6,11.54,0.2,Improvement
P0617,Flipkart,Pantene,Hair Care,net_to_gross_pct,Net-to-Gross %,89.8,89.6,-0.2,-0.22,0.0,Deterioration
P0617,JioMart,Pantene,Hair Care,net_to_gross_pct,Net-to-Gross %,80.2,96.3,16.1,20.07,0.3,Improvement
P0617,Meesho,Pantene,Hair Care,net_to_gross_pct,Net-to-Gross %,91.5,93.8,2.3,2.51,0.0,Improvement
P0617,Website,Pantene,Hair Care,net_to_gross_pct,Net-to-Gross %,107.8,98.1,-9.7,-9.0,0.2,Deterioration
P0679,Amazon,Poy Sian,Health & Wellness,net_to_gross_pct,Net-to-Gross %,73.1,76.7,3.6,4.92,0.1,Improvement
P0679,Flipkart,Poy Sian,Health & Wellness,net_to_gross_pct,Net-to-Gross %,97.5,92.2,-5.3,-5.44,0.1,Deterioration
P0679,JioMart,Poy Sian,Health & Wellness,net_to_gross_pct,Net-to-Gross %,100.4,97.6,-2.8,-2.79,0.0,Deterioration
P0679,Meesho,Poy Sian,Health & Wellness,net_to_gross_pct,Net-to-Gross %,101.1,98.2,-2.9,-2.87,0.1,Deterioration
P0679,Website,Poy Sian,Health & Wellness,net_to_gross_pct,Net-to-Gross %,105.9,96.1,-9.8,-9.25,0.2,Deterioration
P0690,Amazon,Protex,Body Care,net_to_gross_pct,Net-to-Gross %,77.0,71.0,-6.0,-7.79,0.1,Deterioration
P0690,Flipkart,Protex,Body Care,net_to_gross_pct,Net-to-Gross %,99.2,90.5,-8.7,-8.77,0.2,Deterioration
P0690,JioMart,Protex,Body Care,net_to_gross_pct,Net-to-Gross %,100.2,106.5,6.3,6.29,0.1,Improvement
P0690,Meesho,Protex,Body Care,net_to_gross_pct,Net-to-Gross %,103.6,85.9,-17.7,-17.08,0.3,Deterioration
P0690,Website,Protex,Body Care,net_to_gross_pct,Net-to-Gross %,111.8,98.6,-13.2,-11.81,0.2,Deterioration
P0705,Amazon,Protex,Body Care,net_to_gross_pct,Net-to-Gross %,73.4,79.3,5.9,8.04,0.1,Improvement
P0705,Flipkart,Protex,Body Care,net_to_gross_pct,Net-to-Gross %,92.4,97.7,5.3,5.74,0.1,Improvement
P0705,JioMart,Protex,Body Care,net_to_gross_pct,Net-to-Gross %,103.5,99.6,-3.9,-3.77,0.1,Deterioration
P0705,Meesho,Protex,Body Care,net_to_gross_pct,Net-to-Gross %,96.8,91.5,-5.3,-5.48,0.1,Deterioration
P0705,Website,Protex,Body Care,net_to_gross_pct,Net-to-Gross %,111.8,113.7,1.9,1.7,0.0,Improvement
P0706,Amazon,Protex,Body Care,net_to_gross_pct,Net-to-Gross %,75.0,83.2,8.2,10.93,0.1,Improvement
P0706,Flipkart,Protex,Body Care,net_to_gross_pct,Net-to-Gross %,96.5,86.5,-10.0,-10.36,0.2,Deterioration
P0706,JioMart,Protex,Body Care,net_to_gross_pct,Net-to-Gross %,59.4,92.7,33.3,56.06,0.6,Improvement
P0706,Meesho,Protex,Body Care,net_to_gross_pct,Net-to-Gross %,96.3,91.8,-4.5,-4.67,0.1,Deterioration
P0706,Website,Protex,Body Care,net_to_gross_pct,Net-to-Gross %,114.1,111.0,-3.1,-2.72,0.1,Deterioration
P0720,Amazon,Protex,Body Care,net_to_gross_pct,Net-to-Gross %,77.5,81.5,4.0,5.16,0.1,Improvement
P0720,Flipkart,Protex,Body Care,net_to_gross_pct,Net-to-Gross %,97.8,91.2,-6.6,-6.75,0.1,Deterioration
P0720,JioMart,Protex,Body Care,net_to_gross_pct,Net-to-Gross %,104.2,100.4,-3.8,-3.65,0.1,Deterioration
P0720,Meesho,Protex,Body Care,net_to_gross_pct,Net-to-Gross %,86.9,97.0,10.1,11.62,0.2,Improvement
P0720,Website,Protex,Body Care,net_to_gross_pct,Net-to-Gross %,114.8,116.4,1.6,1.39,0.0,Improvement
P0744,Amazon,Rexona,Body Care,net_to_gross_pct,Net-to-Gross %,82.6,80.6,-2.0,-2.42,0.0,Deterioration
P0744,Flipkart,Rexona,Body Care,net_to_gross_pct,Net-to-Gross %,90.9,93.4,2.5,2.75,0.0,Improvement
P0744,JioMart,Rexona,Body Care,net_to_gross_pct,Net-to-Gross %,92.2,93.4,1.2,1.3,0.0,Improvement
P0744,Meesho,Rexona,Body Care,net_to_gross_pct,Net-to-Gross %,100.7,96.0,-4.7,-4.67,0.1,Deterioration
P0744,Website,Rexona,Body Care,net_to_gross_pct,Net-to-Gross %,109.9,108.5,-1.4,-1.27,0.0,Deterioration
P0747,Amazon,Rexona,Body Care,net_to_gross_pct,Net-to-Gross %,84.0,78.4,-5.6,-6.67,0.1,Deterioration
P0747,Flipkart,Rexona,Body Care,net_to_gross_pct,Net-to-Gross %,99.1,93.1,-6.0,-6.05,0.1,Deterioration
P0747,JioMart,Rexona,Body Care,net_to_gross_pct,Net-to-Gross %,94.3,88.1,-6.2,-6.57,0.1,Deterioration
P0747,Meesho,Rexona,Body Care,net_to_gross_pct,Net-to-Gross %,96.6,90.3,-6.3,-6.52,0.1,Deterioration
P0747,Website,Rexona,Body Care,net_to_gross_pct,Net-to-Gross %,111.4,107.3,-4.1,-3.68,0.1,Deterioration
P0753,Amazon,Rexona,Body Care,net_to_gross_pct,Net-to-Gross %,81.1,82.6,1.5,1.85,0.0,Improvement
P0753,Flipkart,Rexona,Body Care,net_to_gross_pct,Net-to-Gross %,69.7,90.0,20.3,29.12,0.4,Improvement
P0753,JioMart,Rexona,Body Care,net_to_gross_pct,Net-to-Gross %,99.7,89.6,-10.1,-10.13,0.2,Deterioration
P0753,Meesho,Rexona,Body Care,net_to_gross_pct,Net-to-Gross %,91.8,93.0,1.2,1.31,0.0,Improvement
P0753,Website,Rexona,Body Care,net_to_gross_pct,Net-to-Gross %,104.0,106.7,2.7,2.6,0.0,Improvement
P0758,Amazon,Sasi,Lip,net_to_gross_pct,Net-to-Gross %,78.8,79.7,0.9,1.14,0.0,Improvement
P0758,Flipkart,Sasi,Lip,net_to_gross_pct,Net-to-Gross %,92.3,101.4,9.1,9.86,0.2,Improvement
P0758,JioMart,Sasi,Lip,net_to_gross_pct,Net-to-Gross %,106.7,99.9,-6.8,-6.37,0.1,Deterioration
P0758,Meesho,Sasi,Lip,net_to_gross_pct,Net-to-Gross %,94.0,74.3,-19.7,-20.96,0.3,Deterioration
P0758,Website,Sasi,Lip,net_to_gross_pct,Net-to-Gross %,103.5,102.0,-1.5,-1.45,0.0,Deterioration
P0763,Amazon,Sasi,Lip,net_to_gross_pct,Net-to-Gross %,76.2,73.4,-2.8,-3.67,0.0,Deterioration
P0763,Flipkart,Sasi,Lip,net_to_gross_pct,Net-to-Gross %,91.7,98.7,7.0,7.63,0.1,Improvement
P0763,JioMart,Sasi,Lip,net_to_gross_pct,Net-to-Gross %,101.4,98.9,-2.5,-2.47,0.0,Deterioration
P0763,Meesho,Sasi,Lip,net_to_gross_pct,Net-to-Gross %,90.2,97.2,7.0,7.76,0.1,Improvement
P0763,Website,Sasi,Lip,net_to_gross_pct,Net-to-Gross %,104.5,105.3,0.8,0.77,0.0,Improvement
P0770,Amazon,Sasi,Skin Care,net_to_gross_pct,Net-to-Gross %,81.0,69.5,-11.5,-14.2,0.2,Deterioration
P0770,Flipkart,Sasi,Skin Care,net_to_gross_pct,Net-to-Gross %,95.1,97.9,2.8,2.94,0.0,Improvement
P0770,JioMart,Sasi,Skin Care,net_to_gross_pct,Net-to-Gross %,98.2,104.1,5.9,6.01,0.1,Improvement
P0770,Meesho,Sasi,Skin Care,net_to_gross_pct,Net-to-Gross %,101.9,98.3,-3.6,-3.53,0.1,Deterioration
P0770,Website,Sasi,Skin Care,net_to_gross_pct,Net-to-Gross %,112.9,100.0,-12.9,-11.43,0.2,Deterioration
P0777,Amazon,Senka,Skin Care,net_to_gross_pct,Net-to-Gross %,87.4,78.2,-9.2,-10.53,0.2,Deterioration
P0777,Flipkart,Senka,Skin Care,net_to_gross_pct,Net-to-Gross %,90.8,97.4,6.6,7.27,0.1,Improvement
P0777,JioMart,Senka,Skin Care,net_to_gross_pct,Net-to-Gross %,98.7,102.9,4.2,4.26,0.1,Improvement
P0777,Meesho,Senka,Skin Care,net_to_gross_pct,Net-to-Gross %,91.6,84.7,-6.9,-7.53,0.1,Deterioration
P0777,Website,Senka,Skin Care,net_to_gross_pct,Net-to-Gross %,101.8,108.1,6.3,6.19,0.1,Improvement
P0780,Amazon,Senka,Skin Care,net_to_gross_pct,Net-to-Gross %,84.8,81.5,-3.3,-3.89,0.1,Deterioration
P0780,Flipkart,Senka,Skin Care,net_to_gross_pct,Net-to-Gross %,60.3,93.2,32.9,54.56,0.6,Improvement
P0780,JioMart,Senka,Skin Care,net_to_gross_pct,Net-to-Gross %,88.9,88.2,-0.7,-0.79,0.0,Deterioration
P0780,Meesho,Senka,Skin Care,net_to_gross_pct,Net-to-Gross %,84.7,98.2,13.5,15.94,0.2,Improvement
P0780,Website,Senka,Skin Care,net_to_gross_pct,Net-to-Gross %,105.7,112.3,6.6,6.24,0.1,Improvement
P0781,Amazon,Senka,Skin Care,net_to_gross_pct,Net-to-Gross %,84.0,86.1,2.1,2.5,0.0,Improvement
P0781,Flipkart,Senka,Skin Care,net_to_gross_pct,Net-to-Gross %,93.2,87.7,-5.5,-5.9,0.1,Deterioration
P0781,JioMart,Senka,Skin Care,net_to_gross_pct,Net-to-Gross %,98.3,99.5,1.2,1.22,0.0,Improvement
P0781,Meesho,Senka,Skin Care,net_to_gross_pct,Net-to-Gross %,98.8,78.0,-20.8,-21.05,0.4,Deterioration
P0781,Website,Senka,Skin Care,net_to_gross_pct,Net-to-Gross %,96.6,102.5,5.9,6.11,0.1,Improvement
P0783,Amazon,Senka,Skin Care,net_to_gross_pct,Net-to-Gross %,78.0,78.8,0.8,1.03,0.0,Improvement
P0783,Flipkart,Senka,Skin Care,net_to_gross_pct,Net-to-Gross %,95.7,100.8,5.1,5.33,0.1,Improvement
P0783,JioMart,Senka,Skin Care,net_to_gross_pct,Net-to-Gross %,104.7,90.1,-14.6,-13.94,0.3,Deterioration
P0783,Meesho,Senka,Skin Care,net_to_gross_pct,Net-to-Gross %,98.8,95.0,-3.8,-3.85,0.1,Deterioration
P0783,Website,Senka,Skin Care,net_to_gross_pct,Net-to-Gross %,107.4,93.1,-14.3,-13.31,0.2,Deterioration
P0795,Amazon,Senka,Skin Care,net_to_gross_pct,Net-to-Gross %,79.9,82.4,2.5,3.13,0.0,Improvement
P0795,Flipkart,Senka,Skin Care,net_to_gross_pct,Net-to-Gross %,82.0,97.0,15.0,18.29,0.3,Improvement
P0795,JioMart,Senka,Skin Care,net_to_gross_pct,Net-to-Gross %,89.0,94.2,5.2,5.84,0.1,Improvement
P0795,Meesho,Senka,Skin Care,net_to_gross_pct,Net-to-Gross %,97.2,94.2,-3.0,-3.09,0.1,Deterioration
P0795,Website,Senka,Skin Care,net_to_gross_pct,Net-to-Gross %,103.5,107.2,3.7,3.57,0.1,Improvement
P0797,Amazon,Sensodyne,Oral Care,net_to_gross_pct,Net-to-Gross %,63.2,84.9,21.7,34.34,0.4,Improvement
P0797,Flipkart,Sensodyne,Oral Care,net_to_gross_pct,Net-to-Gross %,94.1,94.2,0.1,0.11,0.0,Improvement
P0797,JioMart,Sensodyne,Oral Care,net_to_gross_pct,Net-to-Gross %,97.5,65.7,-31.8,-32.62,0.6,Deterioration
P0797,Meesho,Sensodyne,Oral Care,net_to_gross_pct,Net-to-Gross %,92.5,95.5,3.0,3.24,0.1,Improvement
P0797,Website,Sensodyne,Oral Care,net_to_gross_pct,Net-to-Gross %,106.9,113.7,6.8,6.36,0.1,Improvement
P0813,Amazon,Sensodyne,Oral Care,net_to_gross_pct,Net-to-Gross %,80.7,84.3,3.6,4.46,0.1,Improvement
P0813,Flipkart,Sensodyne,Oral Care,net_to_gross_pct,Net-to-Gross %,96.5,100.2,3.7,3.83,0.1,Improvement
P0813,JioMart,Sensodyne,Oral Care,net_to_gross_pct,Net-to-Gross %,87.3,98.4,11.1,12.71,0.2,Improvement
P0813,Meesho,Sensodyne,Oral Care,net_to_gross_pct,Net-to-Gross %,83.9,95.7,11.8,14.06,0.2,Improvement
P0813,Website,Sensodyne,Oral Care,net_to_gross_pct,Net-to-Gross %,103.3,99.7,-3.6,-3.48,0.1,Deterioration
P0840,Amazon,SHIVAMAX,Home & Kitchen,net_to_gross_pct,Net-to-Gross %,71.2,78.5,7.3,10.25,0.1,Improvement
P0840,Flipkart,SHIVAMAX,Home & Kitchen,net_to_gross_pct,Net-to-Gross %,78.6,89.7,11.1,14.12,0.2,Improvement
P0840,JioMart,SHIVAMAX,Home & Kitchen,net_to_gross_pct,Net-to-Gross %,86.9,82.2,-4.7,-5.41,0.1,Deterioration
P0840,Meesho,SHIVAMAX,Home & Kitchen,net_to_gross_pct,Net-to-Gross %,101.2,93.1,-8.1,-8.0,0.1,Deterioration
P0840,Website,SHIVAMAX,Home & Kitchen,net_to_gross_pct,Net-to-Gross %,112.5,85.9,-26.6,-23.64,0.5,Deterioration
P0868,Amazon,SHIVAMAX,Home & Kitchen,net_to_gross_pct,Net-to-Gross %,67.2,73.2,6.0,8.93,0.1,Improvement
P0868,Flipkart,SHIVAMAX,Home & Kitchen,net_to_gross_pct,Net-to-Gross %,93.8,99.7,5.9,6.29,0.1,Improvement
P0868,JioMart,SHIVAMAX,Home & Kitchen,net_to_gross_pct,Net-to-Gross %,71.8,99.9,28.1,39.14,0.5,Improvement
P0868,Meesho,SHIVAMAX,Home & Kitchen,net_to_gross_pct,Net-to-Gross %,96.3,91.8,-4.5,-4.67,0.1,Deterioration
P0868,Website,SHIVAMAX,Home & Kitchen,net_to_gross_pct,Net-to-Gross %,111.0,101.4,-9.6,-8.65,0.2,Deterioration
P0889,Amazon,SHIVAMAX,Health & Wellness,net_to_gross_pct,Net-to-Gross %,64.7,72.5,7.8,12.06,0.1,Improvement
P0889,Flipkart,SHIVAMAX,Health & Wellness,net_to_gross_pct,Net-to-Gross %,94.7,89.7,-5.0,-5.28,0.1,Deterioration
P0889,JioMart,SHIVAMAX,Health & Wellness,net_to_gross_pct,Net-to-Gross %,107.8,103.1,-4.7,-4.36,0.1,Deterioration
P0889,Meesho,SHIVAMAX,Health & Wellness,net_to_gross_pct,Net-to-Gross %,98.9,100.8,1.9,1.92,0.0,Improvement
P0889,Website,SHIVAMAX,Health & Wellness,net_to_gross_pct,Net-to-Gross %,121.8,113.0,-8.8,-7.22,0.2,Deterioration
P0890,Amazon,SHIVAMAX,Health & Wellness,net_to_gross_pct,Net-to-Gross %,78.6,71.3,-7.3,-9.29,0.1,Deterioration
P0890,Flipkart,SHIVAMAX,Health & Wellness,net_to_gross_pct,Net-to-Gross %,98.4,83.8,-14.6,-14.84,0.3,Deterioration
P0890,JioMart,SHIVAMAX,Health & Wellness,net_to_gross_pct,Net-to-Gross %,92.6,99.0,6.4,6.91,0.1,Improvement
P0890,Meesho,SHIVAMAX,Health & Wellness,net_to_gross_pct,Net-to-Gross %,104.3,97.6,-6.7,-6.42,0.1,Deterioration
P0890,Website,SHIVAMAX,Health & Wellness,net_to_gross_pct,Net-to-Gross %,94.5,109.7,15.2,16.08,0.3,Improvement
P0906,Amazon,SHIVAMAX,Hair Care,net_to_gross_pct,Net-to-Gross %,83.2,81.1,-2.1,-2.52,0.0,Deterioration
P0906,Flipkart,SHIVAMAX,Hair Care,net_to_gross_pct,Net-to-Gross %,88.8,95.5,6.7,7.55,0.1,Improvement
P0906,JioMart,SHIVAMAX,Hair Care,net_to_gross_pct,Net-to-Gross %,93.4,98.4,5.0,5.35,0.1,Improvement
P0906,Meesho,SHIVAMAX,Hair Care,net_to_gross_pct,Net-to-Gross %,86.8,84.2,-2.6,-3.0,0.0,Deterioration
P0906,Website,SHIVAMAX,Hair Care,net_to_gross_pct,Net-to-Gross %,100.6,82.0,-18.6,-18.49,0.3,Deterioration
P0915,Amazon,SHIVAMAX,Health & Wellness,net_to_gross_pct,Net-to-Gross %,66.5,67.2,0.7,1.05,0.0,Improvement
P0915,Flipkart,SHIVAMAX,Health & Wellness,net_to_gross_pct,Net-to-Gross %,98.3,103.2,4.9,4.98,0.1,Improvement
P0915,JioMart,SHIVAMAX,Health & Wellness,net_to_gross_pct,Net-to-Gross %,68.2,98.0,29.8,43.7,0.5,Improvement
P0915,Meesho,SHIVAMAX,Health & Wellness,net_to_gross_pct,Net-to-Gross %,85.2,97.0,11.8,13.85,0.2,Improvement
P0915,Website,SHIVAMAX,Health & Wellness,net_to_gross_pct,Net-to-Gross %,109.9,109.2,-0.7,-0.64,0.0,Deterioration
P0917,Amazon,SHIVAMAX,Home & Kitchen,net_to_gross_pct,Net-to-Gross %,54.1,71.0,16.9,31.24,0.3,Improvement
P0917,Flipkart,SHIVAMAX,Home & Kitchen,net_to_gross_pct,Net-to-Gross %,93.3,96.7,3.4,3.64,0.1,Improvement
P0917,JioMart,SHIVAMAX,Home & Kitchen,net_to_gross_pct,Net-to-Gross %,103.5,102.9,-0.6,-0.58,0.0,Deterioration
P0917,Meesho,SHIVAMAX,Home & Kitchen,net_to_gross_pct,Net-to-Gross %,90.6,92.0,1.4,1.55,0.0,Improvement
P0917,Website,SHIVAMAX,Home & Kitchen,net_to_gross_pct,Net-to-Gross %,106.6,116.8,10.2,9.57,0.2,Improvement
P0922,Amazon,SHIVAMAX,Hair Care,net_to_gross_pct,Net-to-Gross %,74.1,85.5,11.4,15.38,0.2,Improvement
P0922,Flipkart,SHIVAMAX,Hair Care,net_to_gross_pct,Net-to-Gross %,92.8,90.1,-2.7,-2.91,0.0,Deterioration
P0922,JioMart,SHIVAMAX,Hair Care,net_to_gross_pct,Net-to-Gross %,92.9,99.4,6.5,7.0,0.1,Improvement
P0922,Meesho,SHIVAMAX,Hair Care,net_to_gross_pct,Net-to-Gross %,73.3,85.8,12.5,17.05,0.2,Improvement
P0922,Website,SHIVAMAX,Hair Care,net_to_gross_pct,Net-to-Gross %,106.0,105.1,-0.9,-0.85,0.0,Deterioration
P0927,Amazon,SHIVAMAX,Home & Kitchen,net_to_gross_pct,Net-to-Gross %,65.4,64.5,-0.9,-1.38,0.0,Deterioration
P0927,Flipkart,SHIVAMAX,Home & Kitchen,net_to_gross_pct,Net-to-Gross %,101.3,97.4,-3.9,-3.85,0.1,Deterioration
P0927,JioMart,SHIVAMAX,Home & Kitchen,net_to_gross_pct,Net-to-Gross %,100.0,74.3,-25.7,-25.7,0.4,Deterioration
P0927,Meesho,SHIVAMAX,Home & Kitchen,net_to_gross_pct,Net-to-Gross %,101.6,79.3,-22.3,-21.95,0.4,Deterioration
P0927,Website,SHIVAMAX,Home & Kitchen,net_to_gross_pct,Net-to-Gross %,113.4,84.1,-29.3,-25.84,0.5,Deterioration
P0931,Amazon,SHIVAMAX,Electronics & Travel Accessories,net_to_gross_pct,Net-to-Gross %,75.7,81.2,5.5,7.27,0.1,Improvement
P0931,Flipkart,SHIVAMAX,Electronics & Travel Accessories,net_to_gross_pct,Net-to-Gross %,92.1,90.9,-1.2,-1.3,0.0,Deterioration
P0931,JioMart,SHIVAMAX,Electronics & Travel Accessories,net_to_gross_pct,Net-to-Gross %,102.2,94.8,-7.4,-7.24,0.1,Deterioration
P0931,Meesho,SHIVAMAX,Electronics & Travel Accessories,net_to_gross_pct,Net-to-Gross %,91.9,96.7,4.8,5.22,0.1,Improvement
P0931,Website,SHIVAMAX,Electronics & Travel Accessories,net_to_gross_pct,Net-to-Gross %,103.2,104.6,1.4,1.36,0.0,Improvement
P0932,Amazon,SHIVAMAX,Electronics & Travel Accessories,net_to_gross_pct,Net-to-Gross %,59.1,65.4,6.3,10.66,0.1,Improvement
P0932,Flipkart,SHIVAMAX,Electronics & Travel Accessories,net_to_gross_pct,Net-to-Gross %,90.4,90.7,0.3,0.33,0.0,Improvement
P0932,JioMart,SHIVAMAX,Electronics & Travel Accessories,net_to_gross_pct,Net-to-Gross %,101.3,103.6,2.3,2.27,0.0,Improvement
P0932,Meesho,SHIVAMAX,Electronics & Travel Accessories,net_to_gross_pct,Net-to-Gross %,97.2,100.8,3.6,3.7,0.1,Improvement
P0932,Website,SHIVAMAX,Electronics & Travel Accessories,net_to_gross_pct,Net-to-Gross %,112.8,108.6,-4.2,-3.72,0.1,Deterioration
P0944,Amazon,SHIVAMAX,Health & Wellness,net_to_gross_pct,Net-to-Gross %,72.0,73.9,1.9,2.64,0.0,Improvement
P0944,Flipkart,SHIVAMAX,Health & Wellness,net_to_gross_pct,Net-to-Gross %,95.4,72.8,-22.6,-23.69,0.4,Deterioration
P0944,JioMart,SHIVAMAX,Health & Wellness,net_to_gross_pct,Net-to-Gross %,101.3,109.8,8.5,8.39,0.1,Improvement
P0944,Meesho,SHIVAMAX,Health & Wellness,net_to_gross_pct,Net-to-Gross %,86.7,87.5,0.8,0.92,0.0,Improvement
P0944,Website,SHIVAMAX,Health & Wellness,net_to_gross_pct,Net-to-Gross %,107.8,115.7,7.9,7.33,0.1,Improvement
P1003,Amazon,Snake Brand,Body Care,net_to_gross_pct,Net-to-Gross %,81.2,79.2,-2.0,-2.46,0.0,Deterioration
P1003,Flipkart,Snake Brand,Body Care,net_to_gross_pct,Net-to-Gross %,98.1,97.9,-0.2,-0.2,0.0,Deterioration
P1003,JioMart,Snake Brand,Body Care,net_to_gross_pct,Net-to-Gross %,89.4,99.9,10.5,11.74,0.2,Improvement
P1003,Meesho,Snake Brand,Body Care,net_to_gross_pct,Net-to-Gross %,86.7,94.9,8.2,9.46,0.1,Improvement
P1003,Website,Snake Brand,Body Care,net_to_gross_pct,Net-to-Gross %,109.6,112.3,2.7,2.46,0.0,Improvement
P1026,Amazon,Sunsilk,Hair Care,net_to_gross_pct,Net-to-Gross %,73.4,69.4,-4.0,-5.45,0.1,Deterioration
P1026,Flipkart,Sunsilk,Hair Care,net_to_gross_pct,Net-to-Gross %,98.8,95.6,-3.2,-3.24,0.1,Deterioration
P1026,JioMart,Sunsilk,Hair Care,net_to_gross_pct,Net-to-Gross %,101.8,98.7,-3.1,-3.05,0.1,Deterioration
P1026,Meesho,Sunsilk,Hair Care,net_to_gross_pct,Net-to-Gross %,102.9,99.2,-3.7,-3.6,0.1,Deterioration
P1026,Website,Sunsilk,Hair Care,net_to_gross_pct,Net-to-Gross %,110.5,108.8,-1.7,-1.54,0.0,Deterioration
P1029,Amazon,Sunsilk,Hair Care,net_to_gross_pct,Net-to-Gross %,72.2,72.5,0.3,0.42,0.0,Improvement
P1029,Flipkart,Sunsilk,Hair Care,net_to_gross_pct,Net-to-Gross %,80.4,96.4,16.0,19.9,0.3,Improvement
P1029,JioMart,Sunsilk,Hair Care,net_to_gross_pct,Net-to-Gross %,89.4,96.6,7.2,8.05,0.1,Improvement
P1029,Meesho,Sunsilk,Hair Care,net_to_gross_pct,Net-to-Gross %,74.7,90.4,15.7,21.02,0.3,Improvement
P1029,Website,Sunsilk,Hair Care,net_to_gross_pct,Net-to-Gross %,111.2,114.9,3.7,3.33,0.1,Improvement
P1032,Amazon,Sunsilk,Hair Care,net_to_gross_pct,Net-to-Gross %,71.6,75.4,3.8,5.31,0.1,Improvement
P1032,Flipkart,Sunsilk,Hair Care,net_to_gross_pct,Net-to-Gross %,86.9,98.2,11.3,13.0,0.2,Improvement
P1032,JioMart,Sunsilk,Hair Care,net_to_gross_pct,Net-to-Gross %,106.7,91.0,-15.7,-14.71,0.3,Deterioration
P1032,Meesho,Sunsilk,Hair Care,net_to_gross_pct,Net-to-Gross %,100.0,84.7,-15.3,-15.3,0.3,Deterioration
P1032,Website,Sunsilk,Hair Care,net_to_gross_pct,Net-to-Gross %,111.2,110.8,-0.4,-0.36,0.0,Deterioration
P1033,Amazon,Sunsilk,Hair Care,net_to_gross_pct,Net-to-Gross %,61.2,79.5,18.3,29.9,0.3,Improvement
P1033,Flipkart,Sunsilk,Hair Care,net_to_gross_pct,Net-to-Gross %,84.6,90.7,6.1,7.21,0.1,Improvement
P1033,JioMart,Sunsilk,Hair Care,net_to_gross_pct,Net-to-Gross %,91.6,100.6,9.0,9.83,0.2,Improvement
P1033,Meesho,Sunsilk,Hair Care,net_to_gross_pct,Net-to-Gross %,95.3,93.9,-1.4,-1.47,0.0,Deterioration
P1033,Website,Sunsilk,Hair Care,net_to_gross_pct,Net-to-Gross %,112.1,104.2,-7.9,-7.05,0.1,Deterioration
P1035,Amazon,Sunsilk,Hair Care,net_to_gross_pct,Net-to-Gross %,77.3,75.0,-2.3,-2.98,0.0,Deterioration
P1035,Flipkart,Sunsilk,Hair Care,net_to_gross_pct,Net-to-Gross %,88.1,81.7,-6.4,-7.26,0.1,Deterioration
P1035,JioMart,Sunsilk,Hair Care,net_to_gross_pct,Net-to-Gross %,103.7,102.8,-0.9,-0.87,0.0,Deterioration
P1035,Meesho,Sunsilk,Hair Care,net_to_gross_pct,Net-to-Gross %,101.2,96.6,-4.6,-4.55,0.1,Deterioration
P1035,Website,Sunsilk,Hair Care,net_to_gross_pct,Net-to-Gross %,96.1,113.7,17.6,18.31,0.3,Improvement
P1038,Amazon,Sunsilk,Hair Care,net_to_gross_pct,Net-to-Gross %,73.6,70.1,-3.5,-4.76,0.1,Deterioration
P1038,Flipkart,Sunsilk,Hair Care,net_to_gross_pct,Net-to-Gross %,92.4,93.7,1.3,1.41,0.0,Improvement
P1038,JioMart,Sunsilk,Hair Care,net_to_gross_pct,Net-to-Gross %,88.8,103.3,14.5,16.33,0.3,Improvement
P1038,Meesho,Sunsilk,Hair Care,net_to_gross_pct,Net-to-Gross %,95.8,84.7,-11.1,-11.59,0.2,Deterioration
P1038,Website,Sunsilk,Hair Care,net_to_gross_pct,Net-to-Gross %,92.0,103.8,11.8,12.83,0.2,Improvement
P1039,Amazon,Sunsilk,Hair Care,net_to_gross_pct,Net-to-Gross %,77.6,73.7,-3.9,-5.03,0.1,Deterioration
P1039,Flipkart,Sunsilk,Hair Care,net_to_gross_pct,Net-to-Gross %,99.3,80.0,-19.3,-19.44,0.3,Deterioration
P1039,JioMart,Sunsilk,Hair Care,net_to_gross_pct,Net-to-Gross %,92.8,103.0,10.2,10.99,0.2,Improvement
P1039,Meesho,Sunsilk,Hair Care,net_to_gross_pct,Net-to-Gross %,95.2,100.8,5.6,5.88,0.1,Improvement
P1039,Website,Sunsilk,Hair Care,net_to_gross_pct,Net-to-Gross %,86.7,98.5,11.8,13.61,0.2,Improvement
P1041,Amazon,Sunsilk,Hair Care,net_to_gross_pct,Net-to-Gross %,71.6,81.3,9.7,13.55,0.2,Improvement
P1041,Flipkart,Sunsilk,Hair Care,net_to_gross_pct,Net-to-Gross %,88.0,99.8,11.8,13.41,0.2,Improvement
P1041,JioMart,Sunsilk,Hair Care,net_to_gross_pct,Net-to-Gross %,107.4,87.9,-19.5,-18.16,0.3,Deterioration
P1041,Meesho,Sunsilk,Hair Care,net_to_gross_pct,Net-to-Gross %,103.4,66.7,-36.7,-35.49,0.6,Deterioration
P1041,Website,Sunsilk,Hair Care,net_to_gross_pct,Net-to-Gross %,105.1,114.5,9.4,8.94,0.2,Improvement
P1042,Amazon,Sunsilk,Hair Care,net_to_gross_pct,Net-to-Gross %,66.5,85.6,19.1,28.72,0.3,Improvement
P1042,Flipkart,Sunsilk,Hair Care,net_to_gross_pct,Net-to-Gross %,90.7,95.2,4.5,4.96,0.1,Improvement
P1042,JioMart,Sunsilk,Hair Care,net_to_gross_pct,Net-to-Gross %,77.8,79.9,2.1,2.7,0.0,Improvement
P1042,Meesho,Sunsilk,Hair Care,net_to_gross_pct,Net-to-Gross %,98.1,88.0,-10.1,-10.3,0.2,Deterioration
P1042,Website,Sunsilk,Hair Care,net_to_gross_pct,Net-to-Gross %,107.6,96.8,-10.8,-10.04,0.2,Deterioration
P1043,Amazon,Sunsilk,Hair Care,net_to_gross_pct,Net-to-Gross %,85.0,82.1,-2.9,-3.41,0.1,Deterioration
P1043,Flipkart,Sunsilk,Hair Care,net_to_gross_pct,Net-to-Gross %,95.7,94.4,-1.3,-1.36,0.0,Deterioration
P1043,JioMart,Sunsilk,Hair Care,net_to_gross_pct,Net-to-Gross %,96.1,99.6,3.5,3.64,0.1,Improvement
P1043,Meesho,Sunsilk,Hair Care,net_to_gross_pct,Net-to-Gross %,78.4,91.9,13.5,17.22,0.2,Improvement
P1043,Website,Sunsilk,Hair Care,net_to_gross_pct,Net-to-Gross %,84.3,94.1,9.8,11.63,0.2,Improvement
P1044,Amazon,Sunsilk,Hair Care,net_to_gross_pct,Net-to-Gross %,79.7,86.5,6.8,8.53,0.1,Improvement
P1044,Flipkart,Sunsilk,Hair Care,net_to_gross_pct,Net-to-Gross %,84.7,93.2,8.5,10.04,0.1,Improvement
P1044,JioMart,Sunsilk,Hair Care,net_to_gross_pct,Net-to-Gross %,69.7,97.8,28.1,40.32,0.5,Improvement
P1044,Meesho,Sunsilk,Hair Care,net_to_gross_pct,Net-to-Gross %,98.1,77.6,-20.5,-20.9,0.4,Deterioration
P1044,Website,Sunsilk,Hair Care,net_to_gross_pct,Net-to-Gross %,78.3,105.8,27.5,35.12,0.5,Improvement
P1048,Amazon,Sunsilk,Hair Care,net_to_gross_pct,Net-to-Gross %,79.1,82.8,3.7,4.68,0.1,Improvement
P1048,Flipkart,Sunsilk,Hair Care,net_to_gross_pct,Net-to-Gross %,95.0,92.9,-2.1,-2.21,0.0,Deterioration
P1048,JioMart,Sunsilk,Hair Care,net_to_gross_pct,Net-to-Gross %,97.9,98.6,0.7,0.72,0.0,Improvement
P1048,Meesho,Sunsilk,Hair Care,net_to_gross_pct,Net-to-Gross %,101.1,68.5,-32.6,-32.25,0.6,Deterioration
P1048,Website,Sunsilk,Hair Care,net_to_gross_pct,Net-to-Gross %,106.1,104.7,-1.4,-1.32,0.0,Deterioration
P1052,Amazon,Sunsilk,Hair Care,net_to_gross_pct,Net-to-Gross %,73.2,78.1,4.9,6.69,0.1,Improvement
P1052,Flipkart,Sunsilk,Hair Care,net_to_gross_pct,Net-to-Gross %,98.8,90.1,-8.7,-8.81,0.2,Deterioration
P1052,JioMart,Sunsilk,Hair Care,net_to_gross_pct,Net-to-Gross %,97.9,86.3,-11.6,-11.85,0.2,Deterioration
P1052,Meesho,Sunsilk,Hair Care,net_to_gross_pct,Net-to-Gross %,91.9,92.4,0.5,0.54,0.0,Improvement
P1052,Website,Sunsilk,Hair Care,net_to_gross_pct,Net-to-Gross %,113.9,109.2,-4.7,-4.13,0.1,Deterioration
P1067,Amazon,Tiger Balm,Health & Wellness,net_to_gross_pct,Net-to-Gross %,80.4,80.4,0.0,0.0,0.0,No Change
P1067,Flipkart,Tiger Balm,Health & Wellness,net_to_gross_pct,Net-to-Gross %,91.7,84.3,-7.4,-8.07,0.1,Deterioration
P1067,JioMart,Tiger Balm,Health & Wellness,net_to_gross_pct,Net-to-Gross %,104.6,99.7,-4.9,-4.68,0.1,Deterioration
P1067,Meesho,Tiger Balm,Health & Wellness,net_to_gross_pct,Net-to-Gross %,99.8,94.9,-4.9,-4.91,0.1,Deterioration
P1067,Website,Tiger Balm,Health & Wellness,net_to_gross_pct,Net-to-Gross %,102.4,102.7,0.3,0.29,0.0,Improvement
P1069,Amazon,Tiger Balm,Health & Wellness,net_to_gross_pct,Net-to-Gross %,79.6,82.2,2.6,3.27,0.0,Improvement
P1069,Flipkart,Tiger Balm,Health & Wellness,net_to_gross_pct,Net-to-Gross %,90.2,81.0,-9.2,-10.2,0.2,Deterioration
P1069,JioMart,Tiger Balm,Health & Wellness,net_to_gross_pct,Net-to-Gross %,101.5,104.0,2.5,2.46,0.0,Improvement
P1069,Meesho,Tiger Balm,Health & Wellness,net_to_gross_pct,Net-to-Gross %,98.3,86.9,-11.4,-11.6,0.2,Deterioration
P1069,Website,Tiger Balm,Health & Wellness,net_to_gross_pct,Net-to-Gross %,109.5,103.4,-6.1,-5.57,0.1,Deterioration
P1070,Amazon,Tiger Balm,Health & Wellness,net_to_gross_pct,Net-to-Gross %,70.4,71.8,1.4,1.99,0.0,Improvement
P1070,Flipkart,Tiger Balm,Health & Wellness,net_to_gross_pct,Net-to-Gross %,88.7,89.2,0.5,0.56,0.0,Improvement
P1070,JioMart,Tiger Balm,Health & Wellness,net_to_gross_pct,Net-to-Gross %,104.1,89.0,-15.1,-14.51,0.3,Deterioration
P1070,Meesho,Tiger Balm,Health & Wellness,net_to_gross_pct,Net-to-Gross %,98.4,98.8,0.4,0.41,0.0,Improvement
P1070,Website,Tiger Balm,Health & Wellness,net_to_gross_pct,Net-to-Gross %,116.7,113.6,-3.1,-2.66,0.1,Deterioration
P1071,Amazon,Tiger Balm,Health & Wellness,net_to_gross_pct,Net-to-Gross %,69.4,73.4,4.0,5.76,0.1,Improvement
P1071,Flipkart,Tiger Balm,Health & Wellness,net_to_gross_pct,Net-to-Gross %,99.8,89.9,-9.9,-9.92,0.2,Deterioration
P1071,JioMart,Tiger Balm,Health & Wellness,net_to_gross_pct,Net-to-Gross %,94.9,96.1,1.2,1.26,0.0,Improvement
P1071,Meesho,Tiger Balm,Health & Wellness,net_to_gross_pct,Net-to-Gross %,109.2,100.3,-8.9,-8.15,0.2,Deterioration
P1071,Website,Tiger Balm,Health & Wellness,net_to_gross_pct,Net-to-Gross %,108.9,116.3,7.4,6.8,0.1,Improvement
P1072,Amazon,Tiger Balm,Health & Wellness,net_to_gross_pct,Net-to-Gross %,73.9,75.4,1.5,2.03,0.0,Improvement
P1072,Flipkart,Tiger Balm,Health & Wellness,net_to_gross_pct,Net-to-Gross %,79.4,88.1,8.7,10.96,0.2,Improvement
P1072,JioMart,Tiger Balm,Health & Wellness,net_to_gross_pct,Net-to-Gross %,95.7,82.5,-13.2,-13.79,0.2,Deterioration
P1072,Meesho,Tiger Balm,Health & Wellness,net_to_gross_pct,Net-to-Gross %,95.5,79.8,-15.7,-16.44,0.3,Deterioration
P1072,Website,Tiger Balm,Health & Wellness,net_to_gross_pct,Net-to-Gross %,110.1,89.3,-20.8,-18.89,0.4,Deterioration
P1075,Amazon,Tresemme,Hair Care,net_to_gross_pct,Net-to-Gross %,84.4,83.5,-0.9,-1.07,0.0,Deterioration
P1075,Flipkart,Tresemme,Hair Care,net_to_gross_pct,Net-to-Gross %,88.6,93.0,4.4,4.97,0.1,Improvement
P1075,JioMart,Tresemme,Hair Care,net_to_gross_pct,Net-to-Gross %,73.7,101.7,28.0,37.99,0.5,Improvement
P1075,Meesho,Tresemme,Hair Care,net_to_gross_pct,Net-to-Gross %,93.5,86.6,-6.9,-7.38,0.1,Deterioration
P1075,Website,Tresemme,Hair Care,net_to_gross_pct,Net-to-Gross %,107.1,109.1,2.0,1.87,0.0,Improvement
P1080,Amazon,Tresemme,Hair Care,net_to_gross_pct,Net-to-Gross %,82.0,81.8,-0.2,-0.24,0.0,Deterioration
P1080,Flipkart,Tresemme,Hair Care,net_to_gross_pct,Net-to-Gross %,88.4,96.5,8.1,9.16,0.1,Improvement
P1080,JioMart,Tresemme,Hair Care,net_to_gross_pct,Net-to-Gross %,101.4,94.1,-7.3,-7.2,0.1,Deterioration
P1080,Meesho,Tresemme,Hair Care,net_to_gross_pct,Net-to-Gross %,102.0,97.1,-4.9,-4.8,0.1,Deterioration
P1080,Website,Tresemme,Hair Care,net_to_gross_pct,Net-to-Gross %,108.8,101.5,-7.3,-6.71,0.1,Deterioration
P1085,Amazon,Tresemme,Hair Care,net_to_gross_pct,Net-to-Gross %,75.4,85.7,10.3,13.66,0.2,Improvement
P1085,Flipkart,Tresemme,Hair Care,net_to_gross_pct,Net-to-Gross %,91.7,93.7,2.0,2.18,0.0,Improvement
P1085,JioMart,Tresemme,Hair Care,net_to_gross_pct,Net-to-Gross %,79.1,94.5,15.4,19.47,0.3,Improvement
P1085,Meesho,Tresemme,Hair Care,net_to_gross_pct,Net-to-Gross %,98.6,89.3,-9.3,-9.43,0.2,Deterioration
P1085,Website,Tresemme,Hair Care,net_to_gross_pct,Net-to-Gross %,59.7,107.7,48.0,80.4,0.8,Improvement
P1099,Amazon,Tros,Body Care,net_to_gross_pct,Net-to-Gross %,74.0,70.6,-3.4,-4.59,0.1,Deterioration
P1099,Flipkart,Tros,Body Care,net_to_gross_pct,Net-to-Gross %,99.0,93.3,-5.7,-5.76,0.1,Deterioration
P1099,JioMart,Tros,Body Care,net_to_gross_pct,Net-to-Gross %,101.4,76.7,-24.7,-24.36,0.4,Deterioration
P1099,Meesho,Tros,Body Care,net_to_gross_pct,Net-to-Gross %,91.4,102.1,10.7,11.71,0.2,Improvement
P1099,Website,Tros,Body Care,net_to_gross_pct,Net-to-Gross %,113.1,110.1,-3.0,-2.65,0.1,Deterioration
P1100,Amazon,Tros,Body Care,net_to_gross_pct,Net-to-Gross %,73.3,78.8,5.5,7.5,0.1,Improvement
P1100,Flipkart,Tros,Body Care,net_to_gross_pct,Net-to-Gross %,82.8,87.0,4.2,5.07,0.1,Improvement
P1100,JioMart,Tros,Body Care,net_to_gross_pct,Net-to-Gross %,104.3,104.0,-0.3,-0.29,0.0,Deterioration
P1100,Meesho,Tros,Body Care,net_to_gross_pct,Net-to-Gross %,91.1,102.6,11.5,12.62,0.2,Improvement
P1100,Website,Tros,Body Care,net_to_gross_pct,Net-to-Gross %,101.4,110.2,8.8,8.68,0.2,Improvement
P1105,Amazon,Vaseline,Body Care,net_to_gross_pct,Net-to-Gross %,81.3,84.6,3.3,4.06,0.1,Improvement
P1105,Flipkart,Vaseline,Body Care,net_to_gross_pct,Net-to-Gross %,93.5,88.4,-5.1,-5.45,0.1,Deterioration
P1105,JioMart,Vaseline,Body Care,net_to_gross_pct,Net-to-Gross %,103.9,74.3,-29.6,-28.49,0.5,Deterioration
P1105,Meesho,Vaseline,Body Care,net_to_gross_pct,Net-to-Gross %,60.0,96.7,36.7,61.17,0.6,Improvement
P1105,Website,Vaseline,Body Care,net_to_gross_pct,Net-to-Gross %,104.1,96.3,-7.8,-7.49,0.1,Deterioration
P1107,Amazon,Vaseline,Body Care,net_to_gross_pct,Net-to-Gross %,76.7,72.4,-4.3,-5.61,0.1,Deterioration
P1107,Flipkart,Vaseline,Body Care,net_to_gross_pct,Net-to-Gross %,97.4,97.3,-0.1,-0.1,0.0,Deterioration
P1107,JioMart,Vaseline,Body Care,net_to_gross_pct,Net-to-Gross %,95.1,100.4,5.3,5.57,0.1,Improvement
P1107,Meesho,Vaseline,Body Care,net_to_gross_pct,Net-to-Gross %,88.5,98.5,10.0,11.3,0.2,Improvement
P1107,Website,Vaseline,Body Care,net_to_gross_pct,Net-to-Gross %,117.9,105.4,-12.5,-10.6,0.2,Deterioration
P1109,Amazon,Vaseline,Body Care,net_to_gross_pct,Net-to-Gross %,82.2,80.3,-1.9,-2.31,0.0,Deterioration
P1109,Flipkart,Vaseline,Body Care,net_to_gross_pct,Net-to-Gross %,90.8,82.9,-7.9,-8.7,0.1,Deterioration
P1109,JioMart,Vaseline,Body Care,net_to_gross_pct,Net-to-Gross %,101.3,100.9,-0.4,-0.39,0.0,Deterioration
P1109,Meesho,Vaseline,Body Care,net_to_gross_pct,Net-to-Gross %,90.2,94.7,4.5,4.99,0.1,Improvement
P1109,Website,Vaseline,Body Care,net_to_gross_pct,Net-to-Gross %,111.0,104.7,-6.3,-5.68,0.1,Deterioration
P1112,Amazon,Vaseline,Body Care,net_to_gross_pct,Net-to-Gross %,79.3,74.5,-4.8,-6.05,0.1,Deterioration
P1112,Flipkart,Vaseline,Body Care,net_to_gross_pct,Net-to-Gross %,97.9,95.6,-2.3,-2.35,0.0,Deterioration
P1112,JioMart,Vaseline,Body Care,net_to_gross_pct,Net-to-Gross %,99.5,92.2,-7.3,-7.34,0.1,Deterioration
P1112,Meesho,Vaseline,Body Care,net_to_gross_pct,Net-to-Gross %,94.6,100.2,5.6,5.92,0.1,Improvement
P1112,Website,Vaseline,Body Care,net_to_gross_pct,Net-to-Gross %,113.9,96.3,-17.6,-15.45,0.3,Deterioration
P1114,Amazon,Vaseline,Body Care,net_to_gross_pct,Net-to-Gross %,82.4,74.4,-8.0,-9.71,0.1,Deterioration
P1114,Flipkart,Vaseline,Body Care,net_to_gross_pct,Net-to-Gross %,98.8,98.2,-0.6,-0.61,0.0,Deterioration
P1114,JioMart,Vaseline,Body Care,net_to_gross_pct,Net-to-Gross %,93.2,91.4,-1.8,-1.93,0.0,Deterioration
P1114,Meesho,Vaseline,Body Care,net_to_gross_pct,Net-to-Gross %,87.6,91.8,4.2,4.79,0.1,Improvement
P1114,Website,Vaseline,Body Care,net_to_gross_pct,Net-to-Gross %,112.7,103.5,-9.2,-8.16,0.2,Deterioration
P1120,Amazon,Vaseline,Skin Care,net_to_gross_pct,Net-to-Gross %,82.5,87.1,4.6,5.58,0.1,Improvement
P1120,Flipkart,Vaseline,Skin Care,net_to_gross_pct,Net-to-Gross %,82.7,97.4,14.7,17.78,0.3,Improvement
P1120,JioMart,Vaseline,Skin Care,net_to_gross_pct,Net-to-Gross %,97.1,97.3,0.2,0.21,0.0,Improvement
P1120,Meesho,Vaseline,Skin Care,net_to_gross_pct,Net-to-Gross %,97.8,91.7,-6.1,-6.24,0.1,Deterioration
P1120,Website,Vaseline,Skin Care,net_to_gross_pct,Net-to-Gross %,102.8,110.7,7.9,7.68,0.1,Improvement
P1121,Amazon,Vaseline,Body Care,net_to_gross_pct,Net-to-Gross %,79.5,78.5,-1.0,-1.26,0.0,Deterioration
P1121,Flipkart,Vaseline,Body Care,net_to_gross_pct,Net-to-Gross %,78.0,77.9,-0.1,-0.13,0.0,Deterioration
P1121,JioMart,Vaseline,Body Care,net_to_gross_pct,Net-to-Gross %,93.2,109.5,16.3,17.49,0.3,Improvement
P1121,Meesho,Vaseline,Body Care,net_to_gross_pct,Net-to-Gross %,94.5,99.6,5.1,5.4,0.1,Improvement
P1121,Website,Vaseline,Body Care,net_to_gross_pct,Net-to-Gross %,95.7,110.5,14.8,15.46,0.3,Improvement
P1131,Amazon,Vaseline,Skin Care,net_to_gross_pct,Net-to-Gross %,85.8,79.0,-6.8,-7.93,0.1,Deterioration
P1131,Flipkart,Vaseline,Skin Care,net_to_gross_pct,Net-to-Gross %,78.5,98.8,20.3,25.86,0.4,Improvement
P1131,JioMart,Vaseline,Skin Care,net_to_gross_pct,Net-to-Gross %,92.1,100.3,8.2,8.9,0.1,Improvement
P1131,Meesho,Vaseline,Skin Care,net_to_gross_pct,Net-to-Gross %,95.0,95.1,0.1,0.11,0.0,Improvement
P1131,Website,Vaseline,Skin Care,net_to_gross_pct,Net-to-Gross %,107.6,102.8,-4.8,-4.46,0.1,Deterioration
P1146,Amazon,Vaseline,Body Care,net_to_gross_pct,Net-to-Gross %,83.0,88.3,5.3,6.39,0.1,Improvement
P1146,Flipkart,Vaseline,Body Care,net_to_gross_pct,Net-to-Gross %,96.8,92.9,-3.9,-4.03,0.1,Deterioration
P1146,JioMart,Vaseline,Body Care,net_to_gross_pct,Net-to-Gross %,91.8,92.3,0.5,0.54,0.0,Improvement
P1146,Meesho,Vaseline,Body Care,net_to_gross_pct,Net-to-Gross %,86.2,94.9,8.7,10.09,0.2,Improvement
P1146,Website,Vaseline,Body Care,net_to_gross_pct,Net-to-Gross %,97.8,95.0,-2.8,-2.86,0.0,Deterioration
P1150,Amazon,Vaseline,Body Care,net_to_gross_pct,Net-to-Gross %,80.5,82.9,2.4,2.98,0.0,Improvement
P1150,Flipkart,Vaseline,Body Care,net_to_gross_pct,Net-to-Gross %,97.8,92.2,-5.6,-5.73,0.1,Deterioration
P1150,JioMart,Vaseline,Body Care,net_to_gross_pct,Net-to-Gross %,103.3,99.9,-3.4,-3.29,0.1,Deterioration
P1150,Meesho,Vaseline,Body Care,net_to_gross_pct,Net-to-Gross %,100.3,98.8,-1.5,-1.5,0.0,Deterioration
P1150,Website,Vaseline,Body Care,net_to_gross_pct,Net-to-Gross %,76.2,109.8,33.6,44.09,0.6,Improvement
P1156,Amazon,Vaseline,Body Care,net_to_gross_pct,Net-to-Gross %,83.3,87.5,4.2,5.04,0.1,Improvement
P1156,Flipkart,Vaseline,Body Care,net_to_gross_pct,Net-to-Gross %,81.6,92.3,10.7,13.11,0.2,Improvement
P1156,JioMart,Vaseline,Body Care,net_to_gross_pct,Net-to-Gross %,93.3,89.9,-3.4,-3.64,0.1,Deterioration
P1156,Meesho,Vaseline,Body Care,net_to_gross_pct,Net-to-Gross %,96.5,86.2,-10.3,-10.67,0.2,Deterioration
P1156,Website,Vaseline,Body Care,net_to_gross_pct,Net-to-Gross %,107.2,99.1,-8.1,-7.56,0.1,Deterioration
P1157,Amazon,Vaseline,Skin Care,net_to_gross_pct,Net-to-Gross %,81.0,73.0,-8.0,-9.88,0.1,Deterioration
P1157,Flipkart,Vaseline,Skin Care,net_to_gross_pct,Net-to-Gross %,94.8,87.0,-7.8,-8.23,0.1,Deterioration
P1157,JioMart,Vaseline,Skin Care,net_to_gross_pct,Net-to-Gross %,99.6,88.9,-10.7,-10.74,0.2,Deterioration
P1157,Meesho,Vaseline,Skin Care,net_to_gross_pct,Net-to-Gross %,91.2,82.8,-8.4,-9.21,0.1,Deterioration
P1157,Website,Vaseline,Skin Care,net_to_gross_pct,Net-to-Gross %,104.0,105.1,1.1,1.06,0.0,Improvement
P1162,Amazon,Vita Keratin,Hair Care,net_to_gross_pct,Net-to-Gross %,78.8,84.0,5.2,6.6,0.1,Improvement
P1162,Flipkart,Vita Keratin,Hair Care,net_to_gross_pct,Net-to-Gross %,81.9,93.2,11.3,13.8,0.2,Improvement
P1162,JioMart,Vita Keratin,Hair Care,net_to_gross_pct,Net-to-Gross %,98.6,104.0,5.4,5.48,0.1,Improvement
P1162,Meesho,Vita Keratin,Hair Care,net_to_gross_pct,Net-to-Gross %,89.3,91.1,1.8,2.02,0.0,Improvement
P1162,Website,Vita Keratin,Hair Care,net_to_gross_pct,Net-to-Gross %,106.9,96.7,-10.2,-9.54,0.2,Deterioration
P1164,Amazon,Wangprom,Health & Wellness,net_to_gross_pct,Net-to-Gross %,78.1,79.8,1.7,2.18,0.0,Improvement
P1164,Flipkart,Wangprom,Health & Wellness,net_to_gross_pct,Net-to-Gross %,102.8,91.5,-11.3,-10.99,0.2,Deterioration
P1164,JioMart,Wangprom,Health & Wellness,net_to_gross_pct,Net-to-Gross %,108.7,103.8,-4.9,-4.51,0.1,Deterioration
P1164,Meesho,Wangprom,Health & Wellness,net_to_gross_pct,Net-to-Gross %,73.2,100.2,27.0,36.89,0.5,Improvement
P1164,Website,Wangprom,Health & Wellness,net_to_gross_pct,Net-to-Gross %,110.8,98.5,-12.3,-11.1,0.2,Deterioration
P1176,Amazon,Wangprom,Health & Wellness,net_to_gross_pct,Net-to-Gross %,75.5,79.4,3.9,5.17,0.1,Improvement
P1176,Flipkart,Wangprom,Health & Wellness,net_to_gross_pct,Net-to-Gross %,95.9,96.4,0.5,0.52,0.0,Improvement
P1176,JioMart,Wangprom,Health & Wellness,net_to_gross_pct,Net-to-Gross %,91.3,94.7,3.4,3.72,0.1,Improvement
P1176,Meesho,Wangprom,Health & Wellness,net_to_gross_pct,Net-to-Gross %,96.1,98.3,2.2,2.29,0.0,Improvement
P1176,Website,Wangprom,Health & Wellness,net_to_gross_pct,Net-to-Gross %,76.9,94.2,17.3,22.5,0.3,Improvement
P1185,Amazon,Watsons,Oral Care,net_to_gross_pct,Net-to-Gross %,64.4,76.3,11.9,18.48,0.2,Improvement
P1185,Flipkart,Watsons,Oral Care,net_to_gross_pct,Net-to-Gross %,99.5,103.9,4.4,4.42,0.1,Improvement
P1185,JioMart,Watsons,Oral Care,net_to_gross_pct,Net-to-Gross %,99.9,100.4,0.5,0.5,0.0,Improvement
P1185,Meesho,Watsons,Oral Care,net_to_gross_pct,Net-to-Gross %,97.8,99.6,1.8,1.84,0.0,Improvement
P1185,Website,Watsons,Oral Care,net_to_gross_pct,Net-to-Gross %,107.5,90.1,-17.4,-16.19,0.3,Deterioration
P1190,Amazon,Watsons,Oral Care,net_to_gross_pct,Net-to-Gross %,76.2,79.6,3.4,4.46,0.1,Improvement
P1190,Flipkart,Watsons,Oral Care,net_to_gross_pct,Net-to-Gross %,93.0,92.8,-0.2,-0.22,0.0,Deterioration
P1190,JioMart,Watsons,Oral Care,net_to_gross_pct,Net-to-Gross %,101.3,97.8,-3.5,-3.46,0.1,Deterioration
P1190,Meesho,Watsons,Oral Care,net_to_gross_pct,Net-to-Gross %,104.2,86.2,-18.0,-17.27,0.3,Deterioration
P1190,Website,Watsons,Oral Care,net_to_gross_pct,Net-to-Gross %,102.8,109.0,6.2,6.03,0.1,Improvement
P1196,Amazon,Watsons,Oral Care,net_to_gross_pct,Net-to-Gross %,80.5,80.2,-0.3,-0.37,0.0,Deterioration
P1196,Flipkart,Watsons,Oral Care,net_to_gross_pct,Net-to-Gross %,95.5,75.1,-20.4,-21.36,0.4,Deterioration
P1196,JioMart,Watsons,Oral Care,net_to_gross_pct,Net-to-Gross %,86.3,91.2,4.9,5.68,0.1,Improvement
P1196,Meesho,Watsons,Oral Care,net_to_gross_pct,Net-to-Gross %,97.2,94.8,-2.4,-2.47,0.0,Deterioration
P1196,Website,Watsons,Oral Care,net_to_gross_pct,Net-to-Gross %,120.6,108.3,-12.3,-10.2,0.2,Deterioration
P1200,Amazon,Watsons,Oral Care,net_to_gross_pct,Net-to-Gross %,77.3,60.9,-16.4,-21.22,0.3,Deterioration
P1200,Flipkart,Watsons,Oral Care,net_to_gross_pct,Net-to-Gross %,90.4,88.6,-1.8,-1.99,0.0,Deterioration
P1200,JioMart,Watsons,Oral Care,net_to_gross_pct,Net-to-Gross %,104.2,87.6,-16.6,-15.93,0.3,Deterioration
P1200,Meesho,Watsons,Oral Care,net_to_gross_pct,Net-to-Gross %,96.7,98.6,1.9,1.96,0.0,Improvement
P1200,Website,Watsons,Oral Care,net_to_gross_pct,Net-to-Gross %,97.5,107.5,10.0,10.26,0.2,Improvement
P1214,Amazon,Watsons,Oral Care,net_to_gross_pct,Net-to-Gross %,72.1,67.1,-5.0,-6.93,0.1,Deterioration
P1214,Flipkart,Watsons,Oral Care,net_to_gross_pct,Net-to-Gross %,95.8,97.5,1.7,1.77,0.0,Improvement
P1214,JioMart,Watsons,Oral Care,net_to_gross_pct,Net-to-Gross %,94.6,93.1,-1.5,-1.59,0.0,Deterioration
P1214,Meesho,Watsons,Oral Care,net_to_gross_pct,Net-to-Gross %,91.8,89.9,-1.9,-2.07,0.0,Deterioration
P1214,Website,Watsons,Oral Care,net_to_gross_pct,Net-to-Gross %,115.4,113.3,-2.1,-1.82,0.0,Deterioration
P1218,Amazon,Watsons,Oral Care,net_to_gross_pct,Net-to-Gross %,74.7,72.4,-2.3,-3.08,0.0,Deterioration
P1218,Flipkart,Watsons,Oral Care,net_to_gross_pct,Net-to-Gross %,94.9,96.1,1.2,1.26,0.0,Improvement
P1218,JioMart,Watsons,Oral Care,net_to_gross_pct,Net-to-Gross %,92.3,96.1,3.8,4.12,0.1,Improvement
P1218,Meesho,Watsons,Oral Care,net_to_gross_pct,Net-to-Gross %,97.5,96.3,-1.2,-1.23,0.0,Deterioration
P1218,Website,Watsons,Oral Care,net_to_gross_pct,Net-to-Gross %,107.7,105.3,-2.4,-2.23,0.0,Deterioration
P1237,Amazon,Watsons,Oral Care,net_to_gross_pct,Net-to-Gross %,80.6,86.0,5.4,6.7,0.1,Improvement
P1237,Flipkart,Watsons,Oral Care,net_to_gross_pct,Net-to-Gross %,95.0,89.8,-5.2,-5.47,0.1,Deterioration
P1237,JioMart,Watsons,Oral Care,net_to_gross_pct,Net-to-Gross %,88.6,94.0,5.4,6.09,0.1,Improvement
P1237,Meesho,Watsons,Oral Care,net_to_gross_pct,Net-to-Gross %,89.1,96.9,7.8,8.75,0.1,Improvement
P1237,Website,Watsons,Oral Care,net_to_gross_pct,Net-to-Gross %,106.8,109.5,2.7,2.53,0.0,Improvement
P1248,Amazon,Watsons,Skin Care,net_to_gross_pct,Net-to-Gross %,73.6,68.5,-5.1,-6.93,0.1,Deterioration
P1248,Flipkart,Watsons,Skin Care,net_to_gross_pct,Net-to-Gross %,91.6,100.0,8.4,9.17,0.1,Improvement
P1248,JioMart,Watsons,Skin Care,net_to_gross_pct,Net-to-Gross %,94.8,104.8,10.0,10.55,0.2,Improvement
P1248,Meesho,Watsons,Skin Care,net_to_gross_pct,Net-to-Gross %,95.4,99.4,4.0,4.19,0.1,Improvement
P1248,Website,Watsons,Skin Care,net_to_gross_pct,Net-to-Gross %,111.1,108.8,-2.3,-2.07,0.0,Deterioration
P1249,Amazon,Watsons,Oral Care,net_to_gross_pct,Net-to-Gross %,73.8,74.0,0.2,0.27,0.0,Improvement
P1249,Flipkart,Watsons,Oral Care,net_to_gross_pct,Net-to-Gross %,99.0,92.9,-6.1,-6.16,0.1,Deterioration
P1249,JioMart,Watsons,Oral Care,net_to_gross_pct,Net-to-Gross %,96.8,104.6,7.8,8.06,0.1,Improvement
P1249,Meesho,Watsons,Oral Care,net_to_gross_pct,Net-to-Gross %,100.5,90.5,-10.0,-9.95,0.2,Deterioration
P1249,Website,Watsons,Oral Care,net_to_gross_pct,Net-to-Gross %,115.9,105.8,-10.1,-8.71,0.2,Deterioration
P1251,Amazon,Watsons,Oral Care,net_to_gross_pct,Net-to-Gross %,60.2,72.6,12.4,20.6,0.2,Improvement
P1251,Flipkart,Watsons,Oral Care,net_to_gross_pct,Net-to-Gross %,100.6,89.0,-11.6,-11.53,0.2,Deterioration
P1251,JioMart,Watsons,Oral Care,net_to_gross_pct,Net-to-Gross %,99.9,107.5,7.6,7.61,0.1,Improvement
P1251,Meesho,Watsons,Oral Care,net_to_gross_pct,Net-to-Gross %,101.0,95.6,-5.4,-5.35,0.1,Deterioration
P1251,Website,Watsons,Oral Care,net_to_gross_pct,Net-to-Gross %,106.1,101.9,-4.2,-3.96,0.1,Deterioration
P1254,Amazon,Watsons,Oral Care,net_to_gross_pct,Net-to-Gross %,74.8,77.7,2.9,3.88,0.1,Improvement
P1254,Flipkart,Watsons,Oral Care,net_to_gross_pct,Net-to-Gross %,95.1,83.2,-11.9,-12.51,0.2,Deterioration
P1254,JioMart,Watsons,Oral Care,net_to_gross_pct,Net-to-Gross %,86.4,95.5,9.1,10.53,0.2,Improvement
P1254,Meesho,Watsons,Oral Care,net_to_gross_pct,Net-to-Gross %,95.9,100.7,4.8,5.01,0.1,Improvement
P1254,Website,Watsons,Oral Care,net_to_gross_pct,Net-to-Gross %,112.3,114.5,2.2,1.96,0.0,Improvement
P0022,Amazon,Ambi Pur,Home & Kitchen,margin_risk_score,Margin Risk Score,8.8,8.4,-0.4,-4.55,0.1,Improvement
P0022,Flipkart,Ambi Pur,Home & Kitchen,margin_risk_score,Margin Risk Score,8.0,5.8,-2.2,-27.5,0.4,Improvement
P0022,JioMart,Ambi Pur,Home & Kitchen,margin_risk_score,Margin Risk Score,5.4,4.7,-0.7,-12.96,0.1,Improvement
P0022,Meesho,Ambi Pur,Home & Kitchen,margin_risk_score,Margin Risk Score,5.1,6.3,1.2,23.53,0.2,Deterioration
P0022,Website,Ambi Pur,Home & Kitchen,margin_risk_score,Margin Risk Score,2.1,2.0,-0.1,-4.76,0.0,Improvement
P0024,Amazon,AR,Skin Care,margin_risk_score,Margin Risk Score,12.3,12.4,0.1,0.81,0.0,Deterioration
P0024,Flipkart,AR,Skin Care,margin_risk_score,Margin Risk Score,6.5,6.4,-0.1,-1.54,0.0,Improvement
P0024,JioMart,AR,Skin Care,margin_risk_score,Margin Risk Score,6.6,5.7,-0.9,-13.64,0.2,Improvement
P0024,Meesho,AR,Skin Care,margin_risk_score,Margin Risk Score,5.6,6.1,0.5,8.93,0.1,Deterioration
P0024,Website,AR,Skin Care,margin_risk_score,Margin Risk Score,2.2,3.8,1.6,72.73,0.3,Deterioration
P0029,Amazon,Axe,Body Care,margin_risk_score,Margin Risk Score,9.2,9.1,-0.1,-1.09,0.0,Improvement
P0029,Flipkart,Axe,Body Care,margin_risk_score,Margin Risk Score,6.6,6.8,0.2,3.03,0.0,Deterioration
P0029,JioMart,Axe,Body Care,margin_risk_score,Margin Risk Score,4.1,3.7,-0.4,-9.76,0.1,Improvement
P0029,Meesho,Axe,Body Care,margin_risk_score,Margin Risk Score,6.5,5.4,-1.1,-16.92,0.2,Improvement
P0029,Website,Axe,Body Care,margin_risk_score,Margin Risk Score,4.0,2.3,-1.7,-42.5,0.3,Improvement
P0034,Amazon,Axe,Body Care,margin_risk_score,Margin Risk Score,10.3,10.0,-0.3,-2.91,0.1,Improvement
P0034,Flipkart,Axe,Body Care,margin_risk_score,Margin Risk Score,7.7,6.5,-1.2,-15.58,0.2,Improvement
P0034,JioMart,Axe,Body Care,margin_risk_score,Margin Risk Score,5.6,6.2,0.6,10.71,0.1,Deterioration
P0034,Meesho,Axe,Body Care,margin_risk_score,Margin Risk Score,6.5,6.2,-0.3,-4.62,0.1,Improvement
P0034,Website,Axe,Body Care,margin_risk_score,Margin Risk Score,2.7,3.7,1.0,37.04,0.2,Deterioration
P0039,Amazon,Axe,Body Care,margin_risk_score,Margin Risk Score,10.7,10.5,-0.2,-1.87,0.0,Improvement
P0039,Flipkart,Axe,Body Care,margin_risk_score,Margin Risk Score,5.6,6.3,0.7,12.5,0.1,Deterioration
P0039,JioMart,Axe,Body Care,margin_risk_score,Margin Risk Score,6.3,4.1,-2.2,-34.92,0.4,Improvement
P0039,Meesho,Axe,Body Care,margin_risk_score,Margin Risk Score,5.6,6.1,0.5,8.93,0.1,Deterioration
P0039,Website,Axe,Body Care,margin_risk_score,Margin Risk Score,2.3,3.5,1.2,52.17,0.2,Deterioration
P0041,Amazon,Axe,Body Care,margin_risk_score,Margin Risk Score,9.2,9.4,0.2,2.17,0.0,Deterioration
P0041,Flipkart,Axe,Body Care,margin_risk_score,Margin Risk Score,6.9,6.0,-0.9,-13.04,0.2,Improvement
P0041,JioMart,Axe,Body Care,margin_risk_score,Margin Risk Score,4.8,5.5,0.7,14.58,0.1,Deterioration
P0041,Meesho,Axe,Body Care,margin_risk_score,Margin Risk Score,5.0,4.8,-0.2,-4.0,0.0,Improvement
P0041,Website,Axe,Body Care,margin_risk_score,Margin Risk Score,2.2,2.4,0.2,9.09,0.0,Deterioration
P0042,Amazon,Axe,Body Care,margin_risk_score,Margin Risk Score,8.7,9.4,0.7,8.05,0.1,Deterioration
P0042,Flipkart,Axe,Body Care,margin_risk_score,Margin Risk Score,6.6,5.8,-0.8,-12.12,0.1,Improvement
P0042,JioMart,Axe,Body Care,margin_risk_score,Margin Risk Score,4.4,5.1,0.7,15.91,0.1,Deterioration
P0042,Meesho,Axe,Body Care,margin_risk_score,Margin Risk Score,4.8,4.9,0.1,2.08,0.0,Deterioration
P0042,Website,Axe,Body Care,margin_risk_score,Margin Risk Score,2.5,4.7,2.2,88.0,0.4,Deterioration
P0082,Amazon,Biore,Skin Care,margin_risk_score,Margin Risk Score,9.9,10.2,0.3,3.03,0.1,Deterioration
P0082,Flipkart,Biore,Skin Care,margin_risk_score,Margin Risk Score,7.0,6.0,-1.0,-14.29,0.2,Improvement
P0082,JioMart,Biore,Skin Care,margin_risk_score,Margin Risk Score,5.1,4.5,-0.6,-11.76,0.1,Improvement
P0082,Meesho,Biore,Skin Care,margin_risk_score,Margin Risk Score,5.6,5.8,0.2,3.57,0.0,Deterioration
P0082,Website,Biore,Skin Care,margin_risk_score,Margin Risk Score,2.8,2.5,-0.3,-10.71,0.1,Improvement
P0156,Amazon,Colgate,Oral Care,margin_risk_score,Margin Risk Score,9.9,9.9,0.0,0.0,0.0,No Change
P0156,Flipkart,Colgate,Oral Care,margin_risk_score,Margin Risk Score,6.4,7.1,0.7,10.94,0.1,Deterioration
P0156,JioMart,Colgate,Oral Care,margin_risk_score,Margin Risk Score,4.4,4.4,0.0,0.0,0.0,No Change
P0156,Meesho,Colgate,Oral Care,margin_risk_score,Margin Risk Score,5.1,5.1,0.0,0.0,0.0,No Change
P0156,Website,Colgate,Oral Care,margin_risk_score,Margin Risk Score,2.8,1.7,-1.1,-39.29,0.2,Improvement
P0168,Amazon,Colgate,Oral Care,margin_risk_score,Margin Risk Score,9.0,9.1,0.1,1.11,0.0,Deterioration
P0168,Flipkart,Colgate,Oral Care,margin_risk_score,Margin Risk Score,6.0,5.5,-0.5,-8.33,0.1,Improvement
P0168,JioMart,Colgate,Oral Care,margin_risk_score,Margin Risk Score,4.2,4.3,0.1,2.38,0.0,Deterioration
P0168,Meesho,Colgate,Oral Care,margin_risk_score,Margin Risk Score,5.3,5.1,-0.2,-3.77,0.0,Improvement
P0168,Website,Colgate,Oral Care,margin_risk_score,Margin Risk Score,3.9,2.0,-1.9,-48.72,0.3,Improvement
P0170,Amazon,Colgate,Oral Care,margin_risk_score,Margin Risk Score,11.6,12.2,0.6,5.17,0.1,Deterioration
P0170,Flipkart,Colgate,Oral Care,margin_risk_score,Margin Risk Score,7.2,7.1,-0.1,-1.39,0.0,Improvement
P0170,JioMart,Colgate,Oral Care,margin_risk_score,Margin Risk Score,4.7,4.4,-0.3,-6.38,0.1,Improvement
P0170,Meesho,Colgate,Oral Care,margin_risk_score,Margin Risk Score,8.0,5.3,-2.7,-33.75,0.5,Improvement
P0170,Website,Colgate,Oral Care,margin_risk_score,Margin Risk Score,3.9,2.7,-1.2,-30.77,0.2,Improvement
P0172,Amazon,Colgate,Oral Care,margin_risk_score,Margin Risk Score,9.1,9.3,0.2,2.2,0.0,Deterioration
P0172,Flipkart,Colgate,Oral Care,margin_risk_score,Margin Risk Score,6.4,6.5,0.1,1.56,0.0,Deterioration
P0172,JioMart,Colgate,Oral Care,margin_risk_score,Margin Risk Score,4.0,4.3,0.3,7.5,0.1,Deterioration
P0172,Meesho,Colgate,Oral Care,margin_risk_score,Margin Risk Score,5.2,5.7,0.5,9.62,0.1,Deterioration
P0172,Website,Colgate,Oral Care,margin_risk_score,Margin Risk Score,2.7,2.5,-0.2,-7.41,0.0,Improvement
P0175,Amazon,Colgate,Oral Care,margin_risk_score,Margin Risk Score,9.9,9.8,-0.1,-1.01,0.0,Improvement
P0175,Flipkart,Colgate,Oral Care,margin_risk_score,Margin Risk Score,7.1,6.6,-0.5,-7.04,0.1,Improvement
P0175,JioMart,Colgate,Oral Care,margin_risk_score,Margin Risk Score,4.9,4.3,-0.6,-12.24,0.1,Improvement
P0175,Meesho,Colgate,Oral Care,margin_risk_score,Margin Risk Score,6.2,5.1,-1.1,-17.74,0.2,Improvement
P0175,Website,Colgate,Oral Care,margin_risk_score,Margin Risk Score,2.4,4.4,2.0,83.33,0.4,Deterioration
P0178,Amazon,Colgate,Oral Care,margin_risk_score,Margin Risk Score,10.1,10.2,0.1,0.99,0.0,Deterioration
P0178,Flipkart,Colgate,Oral Care,margin_risk_score,Margin Risk Score,5.6,6.5,0.9,16.07,0.2,Deterioration
P0178,JioMart,Colgate,Oral Care,margin_risk_score,Margin Risk Score,4.2,5.6,1.4,33.33,0.3,Deterioration
P0178,Meesho,Colgate,Oral Care,margin_risk_score,Margin Risk Score,5.3,5.9,0.6,11.32,0.1,Deterioration
P0178,Website,Colgate,Oral Care,margin_risk_score,Margin Risk Score,1.8,3.0,1.2,66.67,0.2,Deterioration
P0212,Amazon,Colgate,Oral Care,margin_risk_score,Margin Risk Score,11.6,11.5,-0.1,-0.86,0.0,Improvement
P0212,Flipkart,Colgate,Oral Care,margin_risk_score,Margin Risk Score,6.7,6.0,-0.7,-10.45,0.1,Improvement
P0212,JioMart,Colgate,Oral Care,margin_risk_score,Margin Risk Score,4.6,6.7,2.1,45.65,0.4,Deterioration
P0212,Meesho,Colgate,Oral Care,margin_risk_score,Margin Risk Score,6.4,5.1,-1.3,-20.31,0.2,Improvement
P0212,Website,Colgate,Oral Care,margin_risk_score,Margin Risk Score,4.0,2.8,-1.2,-30.0,0.2,Improvement
P0218,Amazon,Colgate,Oral Care,margin_risk_score,Margin Risk Score,9.7,10.1,0.4,4.12,0.1,Deterioration
P0218,Flipkart,Colgate,Oral Care,margin_risk_score,Margin Risk Score,7.2,5.5,-1.7,-23.61,0.3,Improvement
P0218,JioMart,Colgate,Oral Care,margin_risk_score,Margin Risk Score,7.4,4.4,-3.0,-40.54,0.5,Improvement
P0218,Meesho,Colgate,Oral Care,margin_risk_score,Margin Risk Score,6.2,5.2,-1.0,-16.13,0.2,Improvement
P0218,Website,Colgate,Oral Care,margin_risk_score,Margin Risk Score,1.7,1.7,0.0,0.0,0.0,No Change
P0225,Amazon,Colgate,Oral Care,margin_risk_score,Margin Risk Score,12.2,11.8,-0.4,-3.28,0.1,Improvement
P0225,Flipkart,Colgate,Oral Care,margin_risk_score,Margin Risk Score,6.6,6.9,0.3,4.55,0.1,Deterioration
P0225,JioMart,Colgate,Oral Care,margin_risk_score,Margin Risk Score,4.7,4.7,0.0,0.0,0.0,No Change
P0225,Meesho,Colgate,Oral Care,margin_risk_score,Margin Risk Score,4.9,5.4,0.5,10.2,0.1,Deterioration
P0225,Website,Colgate,Oral Care,margin_risk_score,Margin Risk Score,2.9,5.5,2.6,89.66,0.5,Deterioration
P0230,Amazon,Counterpain,Health & Wellness,margin_risk_score,Margin Risk Score,9.1,9.0,-0.1,-1.1,0.0,Improvement
P0230,Flipkart,Counterpain,Health & Wellness,margin_risk_score,Margin Risk Score,6.4,5.6,-0.8,-12.5,0.1,Improvement
P0230,JioMart,Counterpain,Health & Wellness,margin_risk_score,Margin Risk Score,4.4,7.3,2.9,65.91,0.5,Deterioration
P0230,Meesho,Counterpain,Health & Wellness,margin_risk_score,Margin Risk Score,5.4,5.8,0.4,7.41,0.1,Deterioration
P0230,Website,Counterpain,Health & Wellness,margin_risk_score,Margin Risk Score,2.4,3.7,1.3,54.17,0.2,Deterioration
P0233,Amazon,Counterpain,Health & Wellness,margin_risk_score,Margin Risk Score,13.3,12.4,-0.9,-6.77,0.2,Improvement
P0233,Flipkart,Counterpain,Health & Wellness,margin_risk_score,Margin Risk Score,7.0,7.3,0.3,4.29,0.1,Deterioration
P0233,JioMart,Counterpain,Health & Wellness,margin_risk_score,Margin Risk Score,4.4,6.0,1.6,36.36,0.3,Deterioration
P0233,Meesho,Counterpain,Health & Wellness,margin_risk_score,Margin Risk Score,6.0,5.9,-0.1,-1.67,0.0,Improvement
P0233,Website,Counterpain,Health & Wellness,margin_risk_score,Margin Risk Score,2.7,4.8,2.1,77.78,0.4,Deterioration
P0235,Amazon,Counterpain,Health & Wellness,margin_risk_score,Margin Risk Score,9.2,9.1,-0.1,-1.09,0.0,Improvement
P0235,Flipkart,Counterpain,Health & Wellness,margin_risk_score,Margin Risk Score,6.3,6.3,0.0,0.0,0.0,No Change
P0235,JioMart,Counterpain,Health & Wellness,margin_risk_score,Margin Risk Score,4.3,4.8,0.5,11.63,0.1,Deterioration
P0235,Meesho,Counterpain,Health & Wellness,margin_risk_score,Margin Risk Score,6.3,5.9,-0.4,-6.35,0.1,Improvement
P0235,Website,Counterpain,Health & Wellness,margin_risk_score,Margin Risk Score,3.0,2.2,-0.8,-26.67,0.1,Improvement
P0246,Amazon,Dove,Body Care,margin_risk_score,Margin Risk Score,10.1,10.0,-0.1,-0.99,0.0,Improvement
P0246,Flipkart,Dove,Body Care,margin_risk_score,Margin Risk Score,6.1,6.4,0.3,4.92,0.1,Deterioration
P0246,JioMart,Dove,Body Care,margin_risk_score,Margin Risk Score,4.6,4.6,0.0,0.0,0.0,No Change
P0246,Meesho,Dove,Body Care,margin_risk_score,Margin Risk Score,5.4,6.3,0.9,16.67,0.2,Deterioration
P0246,Website,Dove,Body Care,margin_risk_score,Margin Risk Score,2.6,2.4,-0.2,-7.69,0.0,Improvement
P0252,Amazon,Dove,Hair Care,margin_risk_score,Margin Risk Score,9.6,8.7,-0.9,-9.38,0.2,Improvement
P0252,Flipkart,Dove,Hair Care,margin_risk_score,Margin Risk Score,6.8,5.8,-1.0,-14.71,0.2,Improvement
P0252,JioMart,Dove,Hair Care,margin_risk_score,Margin Risk Score,4.7,4.5,-0.2,-4.26,0.0,Improvement
P0252,Meesho,Dove,Hair Care,margin_risk_score,Margin Risk Score,6.2,4.8,-1.4,-22.58,0.3,Improvement
P0252,Website,Dove,Hair Care,margin_risk_score,Margin Risk Score,2.2,3.9,1.7,77.27,0.3,Deterioration
P0253,Amazon,Dove,Hair Care,margin_risk_score,Margin Risk Score,12.0,12.2,0.2,1.67,0.0,Deterioration
P0253,Flipkart,Dove,Hair Care,margin_risk_score,Margin Risk Score,6.4,6.7,0.3,4.69,0.1,Deterioration
P0253,JioMart,Dove,Hair Care,margin_risk_score,Margin Risk Score,5.3,5.4,0.1,1.89,0.0,Deterioration
P0253,Meesho,Dove,Hair Care,margin_risk_score,Margin Risk Score,5.0,4.9,-0.1,-2.0,0.0,Improvement
P0253,Website,Dove,Hair Care,margin_risk_score,Margin Risk Score,3.6,3.9,0.3,8.33,0.1,Deterioration
P0257,Amazon,Dove,Hair Care,margin_risk_score,Margin Risk Score,12.3,12.2,-0.1,-0.81,0.0,Improvement
P0257,Flipkart,Dove,Hair Care,margin_risk_score,Margin Risk Score,6.6,7.0,0.4,6.06,0.1,Deterioration
P0257,JioMart,Dove,Hair Care,margin_risk_score,Margin Risk Score,3.8,4.1,0.3,7.89,0.1,Deterioration
P0257,Meesho,Dove,Hair Care,margin_risk_score,Margin Risk Score,5.2,5.4,0.2,3.85,0.0,Deterioration
P0257,Website,Dove,Hair Care,margin_risk_score,Margin Risk Score,3.3,3.9,0.6,18.18,0.1,Deterioration
P0259,Amazon,Dove,Hair Care,margin_risk_score,Margin Risk Score,11.8,13.0,1.2,10.17,0.2,Deterioration
P0259,Flipkart,Dove,Hair Care,margin_risk_score,Margin Risk Score,6.6,6.8,0.2,3.03,0.0,Deterioration
P0259,JioMart,Dove,Hair Care,margin_risk_score,Margin Risk Score,4.3,4.9,0.6,13.95,0.1,Deterioration
P0259,Meesho,Dove,Hair Care,margin_risk_score,Margin Risk Score,5.3,6.7,1.4,26.42,0.3,Deterioration
P0259,Website,Dove,Hair Care,margin_risk_score,Margin Risk Score,2.6,2.2,-0.4,-15.38,0.1,Improvement
P0260,Amazon,Dove,Hair Care,margin_risk_score,Margin Risk Score,8.9,8.8,-0.1,-1.12,0.0,Improvement
P0260,Flipkart,Dove,Hair Care,margin_risk_score,Margin Risk Score,7.0,5.7,-1.3,-18.57,0.2,Improvement
P0260,JioMart,Dove,Hair Care,margin_risk_score,Margin Risk Score,4.8,6.1,1.3,27.08,0.2,Deterioration
P0260,Meesho,Dove,Hair Care,margin_risk_score,Margin Risk Score,6.4,5.7,-0.7,-10.94,0.1,Improvement
P0260,Website,Dove,Hair Care,margin_risk_score,Margin Risk Score,3.6,3.9,0.3,8.33,0.1,Deterioration
P0261,Amazon,Dove,Hair Care,margin_risk_score,Margin Risk Score,11.2,12.6,1.4,12.5,0.3,Deterioration
P0261,Flipkart,Dove,Hair Care,margin_risk_score,Margin Risk Score,6.8,6.9,0.1,1.47,0.0,Deterioration
P0261,JioMart,Dove,Hair Care,margin_risk_score,Margin Risk Score,5.4,5.3,-0.1,-1.85,0.0,Improvement
P0261,Meesho,Dove,Hair Care,margin_risk_score,Margin Risk Score,5.5,5.3,-0.2,-3.64,0.0,Improvement
P0261,Website,Dove,Hair Care,margin_risk_score,Margin Risk Score,2.5,2.4,-0.1,-4.0,0.0,Improvement
P0262,Amazon,Dove,Hair Care,margin_risk_score,Margin Risk Score,11.9,11.4,-0.5,-4.2,0.1,Improvement
P0262,Flipkart,Dove,Hair Care,margin_risk_score,Margin Risk Score,6.5,6.0,-0.5,-7.69,0.1,Improvement
P0262,JioMart,Dove,Hair Care,margin_risk_score,Margin Risk Score,4.8,4.6,-0.2,-4.17,0.0,Improvement
P0262,Meesho,Dove,Hair Care,margin_risk_score,Margin Risk Score,6.2,7.4,1.2,19.35,0.2,Deterioration
P0262,Website,Dove,Hair Care,margin_risk_score,Margin Risk Score,4.0,4.0,0.0,0.0,0.0,No Change
P0263,Amazon,Dove,Hair Care,margin_risk_score,Margin Risk Score,9.1,8.8,-0.3,-3.3,0.1,Improvement
P0263,Flipkart,Dove,Hair Care,margin_risk_score,Margin Risk Score,6.1,6.2,0.1,1.64,0.0,Deterioration
P0263,JioMart,Dove,Hair Care,margin_risk_score,Margin Risk Score,5.7,4.4,-1.3,-22.81,0.2,Improvement
P0263,Meesho,Dove,Hair Care,margin_risk_score,Margin Risk Score,5.3,5.4,0.1,1.89,0.0,Deterioration
P0263,Website,Dove,Hair Care,margin_risk_score,Margin Risk Score,2.4,2.1,-0.3,-12.5,0.1,Improvement
P0264,Amazon,Dove,Body Care,margin_risk_score,Margin Risk Score,9.6,9.8,0.2,2.08,0.0,Deterioration
P0264,Flipkart,Dove,Body Care,margin_risk_score,Margin Risk Score,5.9,6.8,0.9,15.25,0.2,Deterioration
P0264,JioMart,Dove,Body Care,margin_risk_score,Margin Risk Score,4.5,4.5,0.0,0.0,0.0,No Change
P0264,Meesho,Dove,Body Care,margin_risk_score,Margin Risk Score,4.9,5.3,0.4,8.16,0.1,Deterioration
P0264,Website,Dove,Body Care,margin_risk_score,Margin Risk Score,4.1,2.4,-1.7,-41.46,0.3,Improvement
P0270,Amazon,Dove,Hair Care,margin_risk_score,Margin Risk Score,11.7,12.1,0.4,3.42,0.1,Deterioration
P0270,Flipkart,Dove,Hair Care,margin_risk_score,Margin Risk Score,7.0,7.0,0.0,0.0,0.0,No Change
P0270,JioMart,Dove,Hair Care,margin_risk_score,Margin Risk Score,6.2,7.0,0.8,12.9,0.1,Deterioration
P0270,Meesho,Dove,Hair Care,margin_risk_score,Margin Risk Score,6.3,6.5,0.2,3.17,0.0,Deterioration
P0270,Website,Dove,Hair Care,margin_risk_score,Margin Risk Score,3.7,3.3,-0.4,-10.81,0.1,Improvement
P0271,Amazon,Dove,Hair Care,margin_risk_score,Margin Risk Score,11.6,11.7,0.1,0.86,0.0,Deterioration
P0271,Flipkart,Dove,Hair Care,margin_risk_score,Margin Risk Score,7.5,6.1,-1.4,-18.67,0.3,Improvement
P0271,JioMart,Dove,Hair Care,margin_risk_score,Margin Risk Score,3.9,5.2,1.3,33.33,0.2,Deterioration
P0271,Meesho,Dove,Hair Care,margin_risk_score,Margin Risk Score,5.6,5.1,-0.5,-8.93,0.1,Improvement
P0271,Website,Dove,Hair Care,margin_risk_score,Margin Risk Score,1.3,3.4,2.1,161.54,0.4,Deterioration
P0278,Amazon,Dove,Hair Care,margin_risk_score,Margin Risk Score,12.5,12.6,0.1,0.8,0.0,Deterioration
P0278,Flipkart,Dove,Hair Care,margin_risk_score,Margin Risk Score,6.5,6.5,0.0,0.0,0.0,No Change
P0278,JioMart,Dove,Hair Care,margin_risk_score,Margin Risk Score,4.7,6.4,1.7,36.17,0.3,Deterioration
P0278,Meesho,Dove,Hair Care,margin_risk_score,Margin Risk Score,5.8,5.8,0.0,0.0,0.0,No Change
P0278,Website,Dove,Hair Care,margin_risk_score,Margin Risk Score,4.1,3.1,-1.0,-24.39,0.2,Improvement
P0279,Amazon,Dove,Body Care,margin_risk_score,Margin Risk Score,8.7,8.9,0.2,2.3,0.0,Deterioration
P0279,Flipkart,Dove,Body Care,margin_risk_score,Margin Risk Score,5.9,7.0,1.1,18.64,0.2,Deterioration
P0279,JioMart,Dove,Body Care,margin_risk_score,Margin Risk Score,4.6,4.9,0.3,6.52,0.1,Deterioration
P0279,Meesho,Dove,Body Care,margin_risk_score,Margin Risk Score,5.8,5.6,-0.2,-3.45,0.0,Improvement
P0279,Website,Dove,Body Care,margin_risk_score,Margin Risk Score,2.6,1.9,-0.7,-26.92,0.1,Improvement
P0308,Amazon,Dove,Hair Care,margin_risk_score,Margin Risk Score,12.3,11.8,-0.5,-4.07,0.1,Improvement
P0308,Flipkart,Dove,Hair Care,margin_risk_score,Margin Risk Score,6.0,6.5,0.5,8.33,0.1,Deterioration
P0308,JioMart,Dove,Hair Care,margin_risk_score,Margin Risk Score,4.7,4.2,-0.5,-10.64,0.1,Improvement
P0308,Meesho,Dove,Hair Care,margin_risk_score,Margin Risk Score,5.2,6.6,1.4,26.92,0.3,Deterioration
P0308,Website,Dove,Hair Care,margin_risk_score,Margin Risk Score,2.6,3.1,0.5,19.23,0.1,Deterioration
P0342,Amazon,Fino,Hair Care,margin_risk_score,Margin Risk Score,9.3,8.8,-0.5,-5.38,0.1,Improvement
P0342,Flipkart,Fino,Hair Care,margin_risk_score,Margin Risk Score,7.3,7.1,-0.2,-2.74,0.0,Improvement
P0342,JioMart,Fino,Hair Care,margin_risk_score,Margin Risk Score,4.4,4.6,0.2,4.55,0.0,Deterioration
P0342,Meesho,Fino,Hair Care,margin_risk_score,Margin Risk Score,5.7,6.7,1.0,17.54,0.2,Deterioration
P0342,Website,Fino,Hair Care,margin_risk_score,Margin Risk Score,3.5,2.4,-1.1,-31.43,0.2,Improvement
P0343,Amazon,Fino,Hair Care,margin_risk_score,Margin Risk Score,9.3,8.5,-0.8,-8.6,0.1,Improvement
P0343,Flipkart,Fino,Hair Care,margin_risk_score,Margin Risk Score,6.7,6.9,0.2,2.99,0.0,Deterioration
P0343,JioMart,Fino,Hair Care,margin_risk_score,Margin Risk Score,6.1,5.7,-0.4,-6.56,0.1,Improvement
P0343,Meesho,Fino,Hair Care,margin_risk_score,Margin Risk Score,5.3,5.4,0.1,1.89,0.0,Deterioration
P0343,Website,Fino,Hair Care,margin_risk_score,Margin Risk Score,5.7,3.3,-2.4,-42.11,0.4,Improvement
P0427,Amazon,Kaowmanee,Skin Care,margin_risk_score,Margin Risk Score,13.8,14.1,0.3,2.17,0.1,Deterioration
P0427,Flipkart,Kaowmanee,Skin Care,margin_risk_score,Margin Risk Score,7.2,6.0,-1.2,-16.67,0.2,Improvement
P0427,JioMart,Kaowmanee,Skin Care,margin_risk_score,Margin Risk Score,5.4,4.5,-0.9,-16.67,0.2,Improvement
P0427,Meesho,Kaowmanee,Skin Care,margin_risk_score,Margin Risk Score,6.0,5.2,-0.8,-13.33,0.1,Improvement
P0427,Website,Kaowmanee,Skin Care,margin_risk_score,Margin Risk Score,5.3,4.1,-1.2,-22.64,0.2,Improvement
P0437,Amazon,L'Oreal Paris,Skin Care,margin_risk_score,Margin Risk Score,9.8,9.8,0.0,0.0,0.0,No Change
P0437,Flipkart,L'Oreal Paris,Skin Care,margin_risk_score,Margin Risk Score,7.0,6.2,-0.8,-11.43,0.1,Improvement
P0437,JioMart,L'Oreal Paris,Skin Care,margin_risk_score,Margin Risk Score,5.1,6.0,0.9,17.65,0.2,Deterioration
P0437,Meesho,L'Oreal Paris,Skin Care,margin_risk_score,Margin Risk Score,6.4,6.1,-0.3,-4.69,0.1,Improvement
P0437,Website,L'Oreal Paris,Skin Care,margin_risk_score,Margin Risk Score,2.4,2.4,0.0,0.0,0.0,No Change
P0475,Amazon,Listerine,Oral Care,margin_risk_score,Margin Risk Score,13.6,13.5,-0.1,-0.74,0.0,Improvement
P0475,Flipkart,Listerine,Oral Care,margin_risk_score,Margin Risk Score,6.7,6.3,-0.4,-5.97,0.1,Improvement
P0475,JioMart,Listerine,Oral Care,margin_risk_score,Margin Risk Score,3.9,4.8,0.9,23.08,0.2,Deterioration
P0475,Meesho,Listerine,Oral Care,margin_risk_score,Margin Risk Score,6.3,5.6,-0.7,-11.11,0.1,Improvement
P0475,Website,Listerine,Oral Care,margin_risk_score,Margin Risk Score,4.7,2.7,-2.0,-42.55,0.4,Improvement
P0476,Amazon,Listerine,Oral Care,margin_risk_score,Margin Risk Score,11.8,11.6,-0.2,-1.69,0.0,Improvement
P0476,Flipkart,Listerine,Oral Care,margin_risk_score,Margin Risk Score,6.5,6.3,-0.2,-3.08,0.0,Improvement
P0476,JioMart,Listerine,Oral Care,margin_risk_score,Margin Risk Score,4.7,4.7,0.0,0.0,0.0,No Change
P0476,Meesho,Listerine,Oral Care,margin_risk_score,Margin Risk Score,5.7,5.1,-0.6,-10.53,0.1,Improvement
P0476,Website,Listerine,Oral Care,margin_risk_score,Margin Risk Score,3.9,4.1,0.2,5.13,0.0,Deterioration
P0488,Amazon,Listerine,Oral Care,margin_risk_score,Margin Risk Score,9.1,9.2,0.1,1.1,0.0,Deterioration
P0488,Flipkart,Listerine,Oral Care,margin_risk_score,Margin Risk Score,6.1,5.7,-0.4,-6.56,0.1,Improvement
P0488,JioMart,Listerine,Oral Care,margin_risk_score,Margin Risk Score,5.1,4.7,-0.4,-7.84,0.1,Improvement
P0488,Meesho,Listerine,Oral Care,margin_risk_score,Margin Risk Score,5.4,6.5,1.1,20.37,0.2,Deterioration
P0488,Website,Listerine,Oral Care,margin_risk_score,Margin Risk Score,3.1,3.6,0.5,16.13,0.1,Deterioration
P0528,Amazon,NEXCARE,Skin Care,margin_risk_score,Margin Risk Score,9.9,10.0,0.1,1.01,0.0,Deterioration
P0528,Flipkart,NEXCARE,Skin Care,margin_risk_score,Margin Risk Score,5.8,5.8,0.0,0.0,0.0,No Change
P0528,JioMart,NEXCARE,Skin Care,margin_risk_score,Margin Risk Score,5.4,4.5,-0.9,-16.67,0.2,Improvement
P0528,Meesho,NEXCARE,Skin Care,margin_risk_score,Margin Risk Score,6.3,6.2,-0.1,-1.59,0.0,Improvement
P0528,Website,NEXCARE,Skin Care,margin_risk_score,Margin Risk Score,3.9,4.1,0.2,5.13,0.0,Deterioration
P0529,Amazon,NEXCARE,Skin Care,margin_risk_score,Margin Risk Score,9.0,9.1,0.1,1.11,0.0,Deterioration
P0529,Flipkart,NEXCARE,Skin Care,margin_risk_score,Margin Risk Score,6.1,6.8,0.7,11.48,0.1,Deterioration
P0529,JioMart,NEXCARE,Skin Care,margin_risk_score,Margin Risk Score,4.9,4.7,-0.2,-4.08,0.0,Improvement
P0529,Meesho,NEXCARE,Skin Care,margin_risk_score,Margin Risk Score,5.5,5.4,-0.1,-1.82,0.0,Improvement
P0529,Website,NEXCARE,Skin Care,margin_risk_score,Margin Risk Score,4.8,4.0,-0.8,-16.67,0.1,Improvement
P0531,Amazon,NEXCARE,Skin Care,margin_risk_score,Margin Risk Score,12.2,12.3,0.1,0.82,0.0,Deterioration
P0531,Flipkart,NEXCARE,Skin Care,margin_risk_score,Margin Risk Score,6.2,6.8,0.6,9.68,0.1,Deterioration
P0531,JioMart,NEXCARE,Skin Care,margin_risk_score,Margin Risk Score,5.1,6.9,1.8,35.29,0.3,Deterioration
P0531,Meesho,NEXCARE,Skin Care,margin_risk_score,Margin Risk Score,5.9,6.5,0.6,10.17,0.1,Deterioration
P0531,Website,NEXCARE,Skin Care,margin_risk_score,Margin Risk Score,6.1,3.0,-3.1,-50.82,0.6,Improvement
P0534,Amazon,Nexcare,Skin Care,margin_risk_score,Margin Risk Score,9.8,9.8,0.0,0.0,0.0,No Change
P0534,Flipkart,Nexcare,Skin Care,margin_risk_score,Margin Risk Score,6.4,7.1,0.7,10.94,0.1,Deterioration
P0534,JioMart,Nexcare,Skin Care,margin_risk_score,Margin Risk Score,4.0,7.5,3.5,87.5,0.6,Deterioration
P0534,Meesho,Nexcare,Skin Care,margin_risk_score,Margin Risk Score,5.2,6.2,1.0,19.23,0.2,Deterioration
P0534,Website,Nexcare,Skin Care,margin_risk_score,Margin Risk Score,4.1,2.4,-1.7,-41.46,0.3,Improvement
P0536,Amazon,NOVOLIFE,Health & Wellness,margin_risk_score,Margin Risk Score,15.7,16.6,0.9,5.73,0.2,Deterioration
P0536,Flipkart,NOVOLIFE,Health & Wellness,margin_risk_score,Margin Risk Score,7.1,7.3,0.2,2.82,0.0,Deterioration
P0536,JioMart,NOVOLIFE,Health & Wellness,margin_risk_score,Margin Risk Score,5.6,4.8,-0.8,-14.29,0.1,Improvement
P0536,Meesho,NOVOLIFE,Health & Wellness,margin_risk_score,Margin Risk Score,5.6,7.0,1.4,25.0,0.3,Deterioration
P0536,Website,NOVOLIFE,Health & Wellness,margin_risk_score,Margin Risk Score,3.5,3.3,-0.2,-5.71,0.0,Improvement
P0543,Amazon,Ora2,Oral Care,margin_risk_score,Margin Risk Score,9.0,8.8,-0.2,-2.22,0.0,Improvement
P0543,Flipkart,Ora2,Oral Care,margin_risk_score,Margin Risk Score,5.8,6.9,1.1,18.97,0.2,Deterioration
P0543,JioMart,Ora2,Oral Care,margin_risk_score,Margin Risk Score,4.4,5.9,1.5,34.09,0.3,Deterioration
P0543,Meesho,Ora2,Oral Care,margin_risk_score,Margin Risk Score,5.3,4.6,-0.7,-13.21,0.1,Improvement
P0543,Website,Ora2,Oral Care,margin_risk_score,Margin Risk Score,4.0,2.3,-1.7,-42.5,0.3,Improvement
P0546,Amazon,Ora2,Oral Care,margin_risk_score,Margin Risk Score,9.2,9.0,-0.2,-2.17,0.0,Improvement
P0546,Flipkart,Ora2,Oral Care,margin_risk_score,Margin Risk Score,6.2,5.8,-0.4,-6.45,0.1,Improvement
P0546,JioMart,Ora2,Oral Care,margin_risk_score,Margin Risk Score,4.6,5.1,0.5,10.87,0.1,Deterioration
P0546,Meesho,Ora2,Oral Care,margin_risk_score,Margin Risk Score,5.4,6.1,0.7,12.96,0.1,Deterioration
P0546,Website,Ora2,Oral Care,margin_risk_score,Margin Risk Score,2.0,4.1,2.1,105.0,0.4,Deterioration
P0547,Amazon,Oral-B,Oral Care,margin_risk_score,Margin Risk Score,9.0,8.9,-0.1,-1.11,0.0,Improvement
P0547,Flipkart,Oral-B,Oral Care,margin_risk_score,Margin Risk Score,6.8,6.6,-0.2,-2.94,0.0,Improvement
P0547,JioMart,Oral-B,Oral Care,margin_risk_score,Margin Risk Score,4.1,5.6,1.5,36.59,0.3,Deterioration
P0547,Meesho,Oral-B,Oral Care,margin_risk_score,Margin Risk Score,6.5,5.0,-1.5,-23.08,0.3,Improvement
P0547,Website,Oral-B,Oral Care,margin_risk_score,Margin Risk Score,5.1,2.4,-2.7,-52.94,0.5,Improvement
P0548,Amazon,Oral-B,Oral Care,margin_risk_score,Margin Risk Score,9.1,8.9,-0.2,-2.2,0.0,Improvement
P0548,Flipkart,Oral-B,Oral Care,margin_risk_score,Margin Risk Score,5.7,5.9,0.2,3.51,0.0,Deterioration
P0548,JioMart,Oral-B,Oral Care,margin_risk_score,Margin Risk Score,4.6,5.3,0.7,15.22,0.1,Deterioration
P0548,Meesho,Oral-B,Oral Care,margin_risk_score,Margin Risk Score,4.7,6.1,1.4,29.79,0.3,Deterioration
P0548,Website,Oral-B,Oral Care,margin_risk_score,Margin Risk Score,2.6,2.2,-0.4,-15.38,0.1,Improvement
P0553,Amazon,Oral-B,Oral Care,margin_risk_score,Margin Risk Score,9.3,8.6,-0.7,-7.53,0.1,Improvement
P0553,Flipkart,Oral-B,Oral Care,margin_risk_score,Margin Risk Score,6.1,5.9,-0.2,-3.28,0.0,Improvement
P0553,JioMart,Oral-B,Oral Care,margin_risk_score,Margin Risk Score,5.2,4.4,-0.8,-15.38,0.1,Improvement
P0553,Meesho,Oral-B,Oral Care,margin_risk_score,Margin Risk Score,5.5,6.1,0.6,10.91,0.1,Deterioration
P0553,Website,Oral-B,Oral Care,margin_risk_score,Margin Risk Score,2.2,4.3,2.1,95.45,0.4,Deterioration
P0554,Amazon,Oral-B,Oral Care,margin_risk_score,Margin Risk Score,9.4,9.1,-0.3,-3.19,0.1,Improvement
P0554,Flipkart,Oral-B,Oral Care,margin_risk_score,Margin Risk Score,6.6,6.5,-0.1,-1.52,0.0,Improvement
P0554,JioMart,Oral-B,Oral Care,margin_risk_score,Margin Risk Score,5.0,4.3,-0.7,-14.0,0.1,Improvement
P0554,Meesho,Oral-B,Oral Care,margin_risk_score,Margin Risk Score,5.6,6.8,1.2,21.43,0.2,Deterioration
P0554,Website,Oral-B,Oral Care,margin_risk_score,Margin Risk Score,2.3,5.5,3.2,139.13,0.6,Deterioration
P0555,Amazon,Oral-B,Oral Care,margin_risk_score,Margin Risk Score,11.9,12.6,0.7,5.88,0.1,Deterioration
P0555,Flipkart,Oral-B,Oral Care,margin_risk_score,Margin Risk Score,6.8,6.3,-0.5,-7.35,0.1,Improvement
P0555,JioMart,Oral-B,Oral Care,margin_risk_score,Margin Risk Score,5.9,4.4,-1.5,-25.42,0.3,Improvement
P0555,Meesho,Oral-B,Oral Care,margin_risk_score,Margin Risk Score,5.7,5.7,0.0,0.0,0.0,No Change
P0555,Website,Oral-B,Oral Care,margin_risk_score,Margin Risk Score,1.7,3.0,1.3,76.47,0.2,Deterioration
P0557,Amazon,Oral-B,Oral Care,margin_risk_score,Margin Risk Score,12.2,12.2,0.0,0.0,0.0,No Change
P0557,Flipkart,Oral-B,Oral Care,margin_risk_score,Margin Risk Score,6.2,7.4,1.2,19.35,0.2,Deterioration
P0557,JioMart,Oral-B,Oral Care,margin_risk_score,Margin Risk Score,4.7,5.5,0.8,17.02,0.1,Deterioration
P0557,Meesho,Oral-B,Oral Care,margin_risk_score,Margin Risk Score,5.5,7.4,1.9,34.55,0.3,Deterioration
P0557,Website,Oral-B,Oral Care,margin_risk_score,Margin Risk Score,4.0,3.4,-0.6,-15.0,0.1,Improvement
P0562,Amazon,Oral-B,Oral Care,margin_risk_score,Margin Risk Score,8.8,9.2,0.4,4.55,0.1,Deterioration
P0562,Flipkart,Oral-B,Oral Care,margin_risk_score,Margin Risk Score,5.6,6.6,1.0,17.86,0.2,Deterioration
P0562,JioMart,Oral-B,Oral Care,margin_risk_score,Margin Risk Score,7.3,4.0,-3.3,-45.21,0.6,Improvement
P0562,Meesho,Oral-B,Oral Care,margin_risk_score,Margin Risk Score,5.0,5.7,0.7,14.0,0.1,Deterioration
P0562,Website,Oral-B,Oral Care,margin_risk_score,Margin Risk Score,2.3,4.4,2.1,91.3,0.4,Deterioration
P0563,Amazon,Oral-B,Oral Care,margin_risk_score,Margin Risk Score,9.9,9.7,-0.2,-2.02,0.0,Improvement
P0563,Flipkart,Oral-B,Oral Care,margin_risk_score,Margin Risk Score,6.0,6.7,0.7,11.67,0.1,Deterioration
P0563,JioMart,Oral-B,Oral Care,margin_risk_score,Margin Risk Score,4.7,4.3,-0.4,-8.51,0.1,Improvement
P0563,Meesho,Oral-B,Oral Care,margin_risk_score,Margin Risk Score,5.4,7.8,2.4,44.44,0.4,Deterioration
P0563,Website,Oral-B,Oral Care,margin_risk_score,Margin Risk Score,5.1,2.1,-3.0,-58.82,0.5,Improvement
P0565,Amazon,Pair,Skin Care,margin_risk_score,Margin Risk Score,9.0,9.4,0.4,4.44,0.1,Deterioration
P0565,Flipkart,Pair,Skin Care,margin_risk_score,Margin Risk Score,6.7,6.0,-0.7,-10.45,0.1,Improvement
P0565,JioMart,Pair,Skin Care,margin_risk_score,Margin Risk Score,4.7,4.0,-0.7,-14.89,0.1,Improvement
P0565,Meesho,Pair,Skin Care,margin_risk_score,Margin Risk Score,6.0,6.1,0.1,1.67,0.0,Deterioration
P0565,Website,Pair,Skin Care,margin_risk_score,Margin Risk Score,2.0,1.8,-0.2,-10.0,0.0,Improvement
P0566,Amazon,Pantene,Hair Care,margin_risk_score,Margin Risk Score,9.5,9.8,0.3,3.16,0.1,Deterioration
P0566,Flipkart,Pantene,Hair Care,margin_risk_score,Margin Risk Score,6.3,6.3,0.0,0.0,0.0,No Change
P0566,JioMart,Pantene,Hair Care,margin_risk_score,Margin Risk Score,4.2,4.0,-0.2,-4.76,0.0,Improvement
P0566,Meesho,Pantene,Hair Care,margin_risk_score,Margin Risk Score,5.5,5.6,0.1,1.82,0.0,Deterioration
P0566,Website,Pantene,Hair Care,margin_risk_score,Margin Risk Score,2.1,2.5,0.4,19.05,0.1,Deterioration
P0573,Amazon,Pantene,Hair Care,margin_risk_score,Margin Risk Score,9.5,8.9,-0.6,-6.32,0.1,Improvement
P0573,Flipkart,Pantene,Hair Care,margin_risk_score,Margin Risk Score,5.9,5.9,0.0,0.0,0.0,No Change
P0573,JioMart,Pantene,Hair Care,margin_risk_score,Margin Risk Score,4.4,4.8,0.4,9.09,0.1,Deterioration
P0573,Meesho,Pantene,Hair Care,margin_risk_score,Margin Risk Score,4.9,5.4,0.5,10.2,0.1,Deterioration
P0573,Website,Pantene,Hair Care,margin_risk_score,Margin Risk Score,2.5,1.8,-0.7,-28.0,0.1,Improvement
P0581,Amazon,Pantene,Hair Care,margin_risk_score,Margin Risk Score,9.5,9.2,-0.3,-3.16,0.1,Improvement
P0581,Flipkart,Pantene,Hair Care,margin_risk_score,Margin Risk Score,6.7,5.4,-1.3,-19.4,0.2,Improvement
P0581,JioMart,Pantene,Hair Care,margin_risk_score,Margin Risk Score,4.1,4.5,0.4,9.76,0.1,Deterioration
P0581,Meesho,Pantene,Hair Care,margin_risk_score,Margin Risk Score,5.9,5.3,-0.6,-10.17,0.1,Improvement
P0581,Website,Pantene,Hair Care,margin_risk_score,Margin Risk Score,5.4,4.9,-0.5,-9.26,0.1,Improvement
P0586,Amazon,Pantene,Hair Care,margin_risk_score,Margin Risk Score,9.1,9.6,0.5,5.49,0.1,Deterioration
P0586,Flipkart,Pantene,Hair Care,margin_risk_score,Margin Risk Score,6.9,6.3,-0.6,-8.7,0.1,Improvement
P0586,JioMart,Pantene,Hair Care,margin_risk_score,Margin Risk Score,5.9,4.3,-1.6,-27.12,0.3,Improvement
P0586,Meesho,Pantene,Hair Care,margin_risk_score,Margin Risk Score,4.7,5.1,0.4,8.51,0.1,Deterioration
P0586,Website,Pantene,Hair Care,margin_risk_score,Margin Risk Score,2.3,2.6,0.3,13.04,0.1,Deterioration
P0590,Amazon,Pantene,Hair Care,margin_risk_score,Margin Risk Score,8.8,9.6,0.8,9.09,0.1,Deterioration
P0590,Flipkart,Pantene,Hair Care,margin_risk_score,Margin Risk Score,6.8,6.5,-0.3,-4.41,0.1,Improvement
P0590,JioMart,Pantene,Hair Care,margin_risk_score,Margin Risk Score,5.3,4.5,-0.8,-15.09,0.1,Improvement
P0590,Meesho,Pantene,Hair Care,margin_risk_score,Margin Risk Score,4.8,5.5,0.7,14.58,0.1,Deterioration
P0590,Website,Pantene,Hair Care,margin_risk_score,Margin Risk Score,4.6,2.8,-1.8,-39.13,0.3,Improvement
P0594,Amazon,Pantene,Hair Care,margin_risk_score,Margin Risk Score,9.3,9.2,-0.1,-1.08,0.0,Improvement
P0594,Flipkart,Pantene,Hair Care,margin_risk_score,Margin Risk Score,6.0,5.6,-0.4,-6.67,0.1,Improvement
P0594,JioMart,Pantene,Hair Care,margin_risk_score,Margin Risk Score,4.4,6.7,2.3,52.27,0.4,Deterioration
P0594,Meesho,Pantene,Hair Care,margin_risk_score,Margin Risk Score,5.9,5.3,-0.6,-10.17,0.1,Improvement
P0594,Website,Pantene,Hair Care,margin_risk_score,Margin Risk Score,2.8,2.5,-0.3,-10.71,0.1,Improvement
P0595,Amazon,Pantene,Hair Care,margin_risk_score,Margin Risk Score,11.8,12.6,0.8,6.78,0.1,Deterioration
P0595,Flipkart,Pantene,Hair Care,margin_risk_score,Margin Risk Score,6.2,7.8,1.6,25.81,0.3,Deterioration
P0595,JioMart,Pantene,Hair Care,margin_risk_score,Margin Risk Score,6.1,4.4,-1.7,-27.87,0.3,Improvement
P0595,Meesho,Pantene,Hair Care,margin_risk_score,Margin Risk Score,6.3,6.8,0.5,7.94,0.1,Deterioration
P0595,Website,Pantene,Hair Care,margin_risk_score,Margin Risk Score,4.7,2.6,-2.1,-44.68,0.4,Improvement
P0598,Amazon,Pantene,Hair Care,margin_risk_score,Margin Risk Score,12.0,11.6,-0.4,-3.33,0.1,Improvement
P0598,Flipkart,Pantene,Hair Care,margin_risk_score,Margin Risk Score,8.6,6.3,-2.3,-26.74,0.4,Improvement
P0598,JioMart,Pantene,Hair Care,margin_risk_score,Margin Risk Score,4.7,4.7,0.0,0.0,0.0,No Change
P0598,Meesho,Pantene,Hair Care,margin_risk_score,Margin Risk Score,5.3,5.3,0.0,0.0,0.0,No Change
P0598,Website,Pantene,Hair Care,margin_risk_score,Margin Risk Score,2.3,2.6,0.3,13.04,0.1,Deterioration
P0602,Amazon,Pantene,Hair Care,margin_risk_score,Margin Risk Score,9.1,8.9,-0.2,-2.2,0.0,Improvement
P0602,Flipkart,Pantene,Hair Care,margin_risk_score,Margin Risk Score,6.0,6.6,0.6,10.0,0.1,Deterioration
P0602,JioMart,Pantene,Hair Care,margin_risk_score,Margin Risk Score,4.1,4.8,0.7,17.07,0.1,Deterioration
P0602,Meesho,Pantene,Hair Care,margin_risk_score,Margin Risk Score,5.7,5.3,-0.4,-7.02,0.1,Improvement
P0602,Website,Pantene,Hair Care,margin_risk_score,Margin Risk Score,2.0,2.3,0.3,15.0,0.1,Deterioration
P0604,Amazon,Pantene,Hair Care,margin_risk_score,Margin Risk Score,9.1,9.2,0.1,1.1,0.0,Deterioration
P0604,Flipkart,Pantene,Hair Care,margin_risk_score,Margin Risk Score,5.4,6.1,0.7,12.96,0.1,Deterioration
P0604,JioMart,Pantene,Hair Care,margin_risk_score,Margin Risk Score,4.3,4.1,-0.2,-4.65,0.0,Improvement
P0604,Meesho,Pantene,Hair Care,margin_risk_score,Margin Risk Score,5.5,5.7,0.2,3.64,0.0,Deterioration
P0604,Website,Pantene,Hair Care,margin_risk_score,Margin Risk Score,3.7,2.3,-1.4,-37.84,0.3,Improvement
P0605,Amazon,Pantene,Hair Care,margin_risk_score,Margin Risk Score,8.8,9.2,0.4,4.55,0.1,Deterioration
P0605,Flipkart,Pantene,Hair Care,margin_risk_score,Margin Risk Score,7.0,6.4,-0.6,-8.57,0.1,Improvement
P0605,JioMart,Pantene,Hair Care,margin_risk_score,Margin Risk Score,4.2,4.7,0.5,11.9,0.1,Deterioration
P0605,Meesho,Pantene,Hair Care,margin_risk_score,Margin Risk Score,5.0,5.4,0.4,8.0,0.1,Deterioration
P0605,Website,Pantene,Hair Care,margin_risk_score,Margin Risk Score,2.1,2.9,0.8,38.1,0.1,Deterioration
P0609,Amazon,Pantene,Hair Care,margin_risk_score,Margin Risk Score,8.8,8.9,0.1,1.14,0.0,Deterioration
P0609,Flipkart,Pantene,Hair Care,margin_risk_score,Margin Risk Score,6.2,6.6,0.4,6.45,0.1,Deterioration
P0609,JioMart,Pantene,Hair Care,margin_risk_score,Margin Risk Score,4.8,4.1,-0.7,-14.58,0.1,Improvement
P0609,Meesho,Pantene,Hair Care,margin_risk_score,Margin Risk Score,5.2,5.5,0.3,5.77,0.1,Deterioration
P0609,Website,Pantene,Hair Care,margin_risk_score,Margin Risk Score,2.3,5.2,2.9,126.09,0.5,Deterioration
P0610,Amazon,Pantene,Hair Care,margin_risk_score,Margin Risk Score,8.9,9.4,0.5,5.62,0.1,Deterioration
P0610,Flipkart,Pantene,Hair Care,margin_risk_score,Margin Risk Score,6.1,6.5,0.4,6.56,0.1,Deterioration
P0610,JioMart,Pantene,Hair Care,margin_risk_score,Margin Risk Score,5.9,4.2,-1.7,-28.81,0.3,Improvement
P0610,Meesho,Pantene,Hair Care,margin_risk_score,Margin Risk Score,6.0,5.0,-1.0,-16.67,0.2,Improvement
P0610,Website,Pantene,Hair Care,margin_risk_score,Margin Risk Score,1.9,2.4,0.5,26.32,0.1,Deterioration
P0617,Amazon,Pantene,Hair Care,margin_risk_score,Margin Risk Score,9.3,9.0,-0.3,-3.23,0.1,Improvement
P0617,Flipkart,Pantene,Hair Care,margin_risk_score,Margin Risk Score,6.8,6.3,-0.5,-7.35,0.1,Improvement
P0617,JioMart,Pantene,Hair Care,margin_risk_score,Margin Risk Score,6.7,4.4,-2.3,-34.33,0.4,Improvement
P0617,Meesho,Pantene,Hair Care,margin_risk_score,Margin Risk Score,5.7,5.4,-0.3,-5.26,0.1,Improvement
P0617,Website,Pantene,Hair Care,margin_risk_score,Margin Risk Score,2.5,3.8,1.3,52.0,0.2,Deterioration
P0679,Amazon,Poy Sian,Health & Wellness,margin_risk_score,Margin Risk Score,14.7,13.0,-1.7,-11.56,0.3,Improvement
P0679,Flipkart,Poy Sian,Health & Wellness,margin_risk_score,Margin Risk Score,6.2,6.3,0.1,1.61,0.0,Deterioration
P0679,JioMart,Poy Sian,Health & Wellness,margin_risk_score,Margin Risk Score,5.0,5.1,0.1,2.0,0.0,Deterioration
P0679,Meesho,Poy Sian,Health & Wellness,margin_risk_score,Margin Risk Score,5.7,5.7,0.0,0.0,0.0,No Change
P0679,Website,Poy Sian,Health & Wellness,margin_risk_score,Margin Risk Score,3.0,5.3,2.3,76.67,0.4,Deterioration
P0690,Amazon,Protex,Body Care,margin_risk_score,Margin Risk Score,13.9,14.1,0.2,1.44,0.0,Deterioration
P0690,Flipkart,Protex,Body Care,margin_risk_score,Margin Risk Score,5.9,7.3,1.4,23.73,0.3,Deterioration
P0690,JioMart,Protex,Body Care,margin_risk_score,Margin Risk Score,5.6,5.0,-0.6,-10.71,0.1,Improvement
P0690,Meesho,Protex,Body Care,margin_risk_score,Margin Risk Score,5.7,6.4,0.7,12.28,0.1,Deterioration
P0690,Website,Protex,Body Care,margin_risk_score,Margin Risk Score,2.5,5.4,2.9,116.0,0.5,Deterioration
P0705,Amazon,Protex,Body Care,margin_risk_score,Margin Risk Score,12.4,12.3,-0.1,-0.81,0.0,Improvement
P0705,Flipkart,Protex,Body Care,margin_risk_score,Margin Risk Score,7.0,6.1,-0.9,-12.86,0.2,Improvement
P0705,JioMart,Protex,Body Care,margin_risk_score,Margin Risk Score,4.5,4.4,-0.1,-2.22,0.0,Improvement
P0705,Meesho,Protex,Body Care,margin_risk_score,Margin Risk Score,5.5,6.1,0.6,10.91,0.1,Deterioration
P0705,Website,Protex,Body Care,margin_risk_score,Margin Risk Score,2.5,2.6,0.1,4.0,0.0,Deterioration
P0706,Amazon,Protex,Body Care,margin_risk_score,Margin Risk Score,12.9,12.0,-0.9,-6.98,0.2,Improvement
P0706,Flipkart,Protex,Body Care,margin_risk_score,Margin Risk Score,6.5,7.2,0.7,10.77,0.1,Deterioration
P0706,JioMart,Protex,Body Care,margin_risk_score,Margin Risk Score,6.4,5.1,-1.3,-20.31,0.2,Improvement
P0706,Meesho,Protex,Body Care,margin_risk_score,Margin Risk Score,6.1,6.2,0.1,1.64,0.0,Deterioration
P0706,Website,Protex,Body Care,margin_risk_score,Margin Risk Score,2.9,2.8,-0.1,-3.45,0.0,Improvement
P0720,Amazon,Protex,Body Care,margin_risk_score,Margin Risk Score,14.2,12.7,-1.5,-10.56,0.3,Improvement
P0720,Flipkart,Protex,Body Care,margin_risk_score,Margin Risk Score,6.6,7.2,0.6,9.09,0.1,Deterioration
P0720,JioMart,Protex,Body Care,margin_risk_score,Margin Risk Score,4.7,6.1,1.4,29.79,0.3,Deterioration
P0720,Meesho,Protex,Body Care,margin_risk_score,Margin Risk Score,6.0,6.2,0.2,3.33,0.0,Deterioration
P0720,Website,Protex,Body Care,margin_risk_score,Margin Risk Score,2.7,2.9,0.2,7.41,0.0,Deterioration
P0744,Amazon,Rexona,Body Care,margin_risk_score,Margin Risk Score,9.8,10.0,0.2,2.04,0.0,Deterioration
P0744,Flipkart,Rexona,Body Care,margin_risk_score,Margin Risk Score,6.2,5.9,-0.3,-4.84,0.1,Improvement
P0744,JioMart,Rexona,Body Care,margin_risk_score,Margin Risk Score,4.8,5.3,0.5,10.42,0.1,Deterioration
P0744,Meesho,Rexona,Body Care,margin_risk_score,Margin Risk Score,4.6,5.3,0.7,15.22,0.1,Deterioration
P0744,Website,Rexona,Body Care,margin_risk_score,Margin Risk Score,1.5,2.1,0.6,40.0,0.1,Deterioration
P0747,Amazon,Rexona,Body Care,margin_risk_score,Margin Risk Score,9.6,9.6,0.0,0.0,0.0,No Change
P0747,Flipkart,Rexona,Body Care,margin_risk_score,Margin Risk Score,6.0,5.8,-0.2,-3.33,0.0,Improvement
P0747,JioMart,Rexona,Body Care,margin_risk_score,Margin Risk Score,5.2,5.2,0.0,0.0,0.0,No Change
P0747,Meesho,Rexona,Body Care,margin_risk_score,Margin Risk Score,5.8,5.8,0.0,0.0,0.0,No Change
P0747,Website,Rexona,Body Care,margin_risk_score,Margin Risk Score,2.3,2.4,0.1,4.35,0.0,Deterioration
P0753,Amazon,Rexona,Body Care,margin_risk_score,Margin Risk Score,9.6,9.8,0.2,2.08,0.0,Deterioration
P0753,Flipkart,Rexona,Body Care,margin_risk_score,Margin Risk Score,7.6,6.4,-1.2,-15.79,0.2,Improvement
P0753,JioMart,Rexona,Body Care,margin_risk_score,Margin Risk Score,4.6,5.5,0.9,19.57,0.2,Deterioration
P0753,Meesho,Rexona,Body Care,margin_risk_score,Margin Risk Score,6.0,5.4,-0.6,-10.0,0.1,Improvement
P0753,Website,Rexona,Body Care,margin_risk_score,Margin Risk Score,3.4,2.0,-1.4,-41.18,0.3,Improvement
P0758,Amazon,Sasi,Lip,margin_risk_score,Margin Risk Score,11.6,11.9,0.3,2.59,0.1,Deterioration
P0758,Flipkart,Sasi,Lip,margin_risk_score,Margin Risk Score,6.8,5.8,-1.0,-14.71,0.2,Improvement
P0758,JioMart,Sasi,Lip,margin_risk_score,Margin Risk Score,4.6,5.1,0.5,10.87,0.1,Deterioration
P0758,Meesho,Sasi,Lip,margin_risk_score,Margin Risk Score,6.0,7.2,1.2,20.0,0.2,Deterioration
P0758,Website,Sasi,Lip,margin_risk_score,Margin Risk Score,3.1,4.7,1.6,51.61,0.3,Deterioration
P0763,Amazon,Sasi,Lip,margin_risk_score,Margin Risk Score,11.9,12.0,0.1,0.84,0.0,Deterioration
P0763,Flipkart,Sasi,Lip,margin_risk_score,Margin Risk Score,6.4,5.9,-0.5,-7.81,0.1,Improvement
P0763,JioMart,Sasi,Lip,margin_risk_score,Margin Risk Score,4.4,4.9,0.5,11.36,0.1,Deterioration
P0763,Meesho,Sasi,Lip,margin_risk_score,Margin Risk Score,6.6,5.5,-1.1,-16.67,0.2,Improvement
P0763,Website,Sasi,Lip,margin_risk_score,Margin Risk Score,3.4,2.9,-0.5,-14.71,0.1,Improvement
P0770,Amazon,Sasi,Skin Care,margin_risk_score,Margin Risk Score,12.2,12.9,0.7,5.74,0.1,Deterioration
P0770,Flipkart,Sasi,Skin Care,margin_risk_score,Margin Risk Score,6.1,6.5,0.4,6.56,0.1,Deterioration
P0770,JioMart,Sasi,Skin Care,margin_risk_score,Margin Risk Score,5.2,4.7,-0.5,-9.62,0.1,Improvement
P0770,Meesho,Sasi,Skin Care,margin_risk_score,Margin Risk Score,4.4,5.2,0.8,18.18,0.1,Deterioration
P0770,Website,Sasi,Skin Care,margin_risk_score,Margin Risk Score,2.7,3.8,1.1,40.74,0.2,Deterioration
P0777,Amazon,Senka,Skin Care,margin_risk_score,Margin Risk Score,8.6,9.4,0.8,9.3,0.1,Deterioration
P0777,Flipkart,Senka,Skin Care,margin_risk_score,Margin Risk Score,6.5,5.6,-0.9,-13.85,0.2,Improvement
P0777,JioMart,Senka,Skin Care,margin_risk_score,Margin Risk Score,4.5,4.6,0.1,2.22,0.0,Deterioration
P0777,Meesho,Senka,Skin Care,margin_risk_score,Margin Risk Score,6.1,6.5,0.4,6.56,0.1,Deterioration
P0777,Website,Senka,Skin Care,margin_risk_score,Margin Risk Score,3.2,2.2,-1.0,-31.25,0.2,Improvement
P0780,Amazon,Senka,Skin Care,margin_risk_score,Margin Risk Score,8.8,9.1,0.3,3.41,0.1,Deterioration
P0780,Flipkart,Senka,Skin Care,margin_risk_score,Margin Risk Score,8.7,5.7,-3.0,-34.48,0.5,Improvement
P0780,JioMart,Senka,Skin Care,margin_risk_score,Margin Risk Score,6.1,6.1,0.0,0.0,0.0,No Change
P0780,Meesho,Senka,Skin Care,margin_risk_score,Margin Risk Score,5.7,4.8,-0.9,-15.79,0.2,Improvement
P0780,Website,Senka,Skin Care,margin_risk_score,Margin Risk Score,2.1,2.5,0.4,19.05,0.1,Deterioration
P0781,Amazon,Senka,Skin Care,margin_risk_score,Margin Risk Score,9.3,9.1,-0.2,-2.15,0.0,Improvement
P0781,Flipkart,Senka,Skin Care,margin_risk_score,Margin Risk Score,6.3,6.8,0.5,7.94,0.1,Deterioration
P0781,JioMart,Senka,Skin Care,margin_risk_score,Margin Risk Score,4.1,4.6,0.5,12.2,0.1,Deterioration
P0781,Meesho,Senka,Skin Care,margin_risk_score,Margin Risk Score,4.7,6.6,1.9,40.43,0.3,Deterioration
P0781,Website,Senka,Skin Care,margin_risk_score,Margin Risk Score,3.6,3.1,-0.5,-13.89,0.1,Improvement
P0783,Amazon,Senka,Skin Care,margin_risk_score,Margin Risk Score,9.0,9.3,0.3,3.33,0.1,Deterioration
P0783,Flipkart,Senka,Skin Care,margin_risk_score,Margin Risk Score,5.8,5.6,-0.2,-3.45,0.0,Improvement
P0783,JioMart,Senka,Skin Care,margin_risk_score,Margin Risk Score,4.6,4.9,0.3,6.52,0.1,Deterioration
P0783,Meesho,Senka,Skin Care,margin_risk_score,Margin Risk Score,5.2,5.5,0.3,5.77,0.1,Deterioration
P0783,Website,Senka,Skin Care,margin_risk_score,Margin Risk Score,2.5,5.1,2.6,104.0,0.5,Deterioration
P0795,Amazon,Senka,Skin Care,margin_risk_score,Margin Risk Score,9.1,9.0,-0.1,-1.1,0.0,Improvement
P0795,Flipkart,Senka,Skin Care,margin_risk_score,Margin Risk Score,6.9,5.5,-1.4,-20.29,0.3,Improvement
P0795,JioMart,Senka,Skin Care,margin_risk_score,Margin Risk Score,5.5,4.6,-0.9,-16.36,0.2,Improvement
P0795,Meesho,Senka,Skin Care,margin_risk_score,Margin Risk Score,5.1,5.8,0.7,13.73,0.1,Deterioration
P0795,Website,Senka,Skin Care,margin_risk_score,Margin Risk Score,2.2,1.6,-0.6,-27.27,0.1,Improvement
P0797,Amazon,Sensodyne,Oral Care,margin_risk_score,Margin Risk Score,9.9,9.0,-0.9,-9.09,0.2,Improvement
P0797,Flipkart,Sensodyne,Oral Care,margin_risk_score,Margin Risk Score,5.7,5.9,0.2,3.51,0.0,Deterioration
P0797,JioMart,Sensodyne,Oral Care,margin_risk_score,Margin Risk Score,5.0,7.6,2.6,52.0,0.5,Deterioration
P0797,Meesho,Sensodyne,Oral Care,margin_risk_score,Margin Risk Score,5.0,5.8,0.8,16.0,0.1,Deterioration
P0797,Website,Sensodyne,Oral Care,margin_risk_score,Margin Risk Score,2.2,2.0,-0.2,-9.09,0.0,Improvement
P0813,Amazon,Sensodyne,Oral Care,margin_risk_score,Margin Risk Score,9.3,8.8,-0.5,-5.38,0.1,Improvement
P0813,Flipkart,Sensodyne,Oral Care,margin_risk_score,Margin Risk Score,5.7,5.3,-0.4,-7.02,0.1,Improvement
P0813,JioMart,Sensodyne,Oral Care,margin_risk_score,Margin Risk Score,5.2,4.5,-0.7,-13.46,0.1,Improvement
P0813,Meesho,Sensodyne,Oral Care,margin_risk_score,Margin Risk Score,6.3,5.0,-1.3,-20.63,0.2,Improvement
P0813,Website,Sensodyne,Oral Care,margin_risk_score,Margin Risk Score,2.3,3.9,1.6,69.57,0.3,Deterioration
P0840,Amazon,SHIVAMAX,Home & Kitchen,margin_risk_score,Margin Risk Score,12.1,11.9,-0.2,-1.65,0.0,Improvement
P0840,Flipkart,SHIVAMAX,Home & Kitchen,margin_risk_score,Margin Risk Score,7.5,6.8,-0.7,-9.33,0.1,Improvement
P0840,JioMart,SHIVAMAX,Home & Kitchen,margin_risk_score,Margin Risk Score,5.7,7.3,1.6,28.07,0.3,Deterioration
P0840,Meesho,SHIVAMAX,Home & Kitchen,margin_risk_score,Margin Risk Score,5.4,6.3,0.9,16.67,0.2,Deterioration
P0840,Website,SHIVAMAX,Home & Kitchen,margin_risk_score,Margin Risk Score,2.7,4.6,1.9,70.37,0.3,Deterioration
P0868,Amazon,SHIVAMAX,Home & Kitchen,margin_risk_score,Margin Risk Score,13.6,12.6,-1.0,-7.35,0.2,Improvement
P0868,Flipkart,SHIVAMAX,Home & Kitchen,margin_risk_score,Margin Risk Score,6.7,6.7,0.0,0.0,0.0,No Change
P0868,JioMart,SHIVAMAX,Home & Kitchen,margin_risk_score,Margin Risk Score,7.5,5.2,-2.3,-30.67,0.4,Improvement
P0868,Meesho,SHIVAMAX,Home & Kitchen,margin_risk_score,Margin Risk Score,6.1,7.6,1.5,24.59,0.3,Deterioration
P0868,Website,SHIVAMAX,Home & Kitchen,margin_risk_score,Margin Risk Score,2.9,3.5,0.6,20.69,0.1,Deterioration
P0889,Amazon,SHIVAMAX,Health & Wellness,margin_risk_score,Margin Risk Score,15.5,15.7,0.2,1.29,0.0,Deterioration
P0889,Flipkart,SHIVAMAX,Health & Wellness,margin_risk_score,Margin Risk Score,6.7,7.8,1.1,16.42,0.2,Deterioration
P0889,JioMart,SHIVAMAX,Health & Wellness,margin_risk_score,Margin Risk Score,5.0,5.4,0.4,8.0,0.1,Deterioration
P0889,Meesho,SHIVAMAX,Health & Wellness,margin_risk_score,Margin Risk Score,6.2,5.9,-0.3,-4.84,0.1,Improvement
P0889,Website,SHIVAMAX,Health & Wellness,margin_risk_score,Margin Risk Score,1.8,2.6,0.8,44.44,0.1,Deterioration
P0890,Amazon,SHIVAMAX,Health & Wellness,margin_risk_score,Margin Risk Score,12.6,11.8,-0.8,-6.35,0.1,Improvement
P0890,Flipkart,SHIVAMAX,Health & Wellness,margin_risk_score,Margin Risk Score,6.0,7.3,1.3,21.67,0.2,Deterioration
P0890,JioMart,SHIVAMAX,Health & Wellness,margin_risk_score,Margin Risk Score,5.7,4.3,-1.4,-24.56,0.3,Improvement
P0890,Meesho,SHIVAMAX,Health & Wellness,margin_risk_score,Margin Risk Score,5.6,5.9,0.3,5.36,0.1,Deterioration
P0890,Website,SHIVAMAX,Health & Wellness,margin_risk_score,Margin Risk Score,3.8,2.7,-1.1,-28.95,0.2,Improvement
P0906,Amazon,SHIVAMAX,Hair Care,margin_risk_score,Margin Risk Score,9.3,9.0,-0.3,-3.23,0.1,Improvement
P0906,Flipkart,SHIVAMAX,Hair Care,margin_risk_score,Margin Risk Score,6.4,5.8,-0.6,-9.38,0.1,Improvement
P0906,JioMart,SHIVAMAX,Hair Care,margin_risk_score,Margin Risk Score,5.1,4.6,-0.5,-9.8,0.1,Improvement
P0906,Meesho,SHIVAMAX,Hair Care,margin_risk_score,Margin Risk Score,6.1,6.2,0.1,1.64,0.0,Deterioration
P0906,Website,SHIVAMAX,Hair Care,margin_risk_score,Margin Risk Score,3.5,4.9,1.4,40.0,0.3,Deterioration
P0915,Amazon,SHIVAMAX,Health & Wellness,margin_risk_score,Margin Risk Score,16.7,15.8,-0.9,-5.39,0.2,Improvement
P0915,Flipkart,SHIVAMAX,Health & Wellness,margin_risk_score,Margin Risk Score,7.1,6.9,-0.2,-2.82,0.0,Improvement
P0915,JioMart,SHIVAMAX,Health & Wellness,margin_risk_score,Margin Risk Score,6.9,6.2,-0.7,-10.14,0.1,Improvement
P0915,Meesho,SHIVAMAX,Health & Wellness,margin_risk_score,Margin Risk Score,6.1,6.1,0.0,0.0,0.0,No Change
P0915,Website,SHIVAMAX,Health & Wellness,margin_risk_score,Margin Risk Score,3.7,3.1,-0.6,-16.22,0.1,Improvement
P0917,Amazon,SHIVAMAX,Home & Kitchen,margin_risk_score,Margin Risk Score,18.4,16.2,-2.2,-11.96,0.4,Improvement
P0917,Flipkart,SHIVAMAX,Home & Kitchen,margin_risk_score,Margin Risk Score,6.7,6.8,0.1,1.49,0.0,Deterioration
P0917,JioMart,SHIVAMAX,Home & Kitchen,margin_risk_score,Margin Risk Score,4.8,4.8,0.0,0.0,0.0,No Change
P0917,Meesho,SHIVAMAX,Home & Kitchen,margin_risk_score,Margin Risk Score,7.4,6.3,-1.1,-14.86,0.2,Improvement
P0917,Website,SHIVAMAX,Home & Kitchen,margin_risk_score,Margin Risk Score,4.3,2.9,-1.4,-32.56,0.3,Improvement
P0922,Amazon,SHIVAMAX,Hair Care,margin_risk_score,Margin Risk Score,9.5,9.0,-0.5,-5.26,0.1,Improvement
P0922,Flipkart,SHIVAMAX,Hair Care,margin_risk_score,Margin Risk Score,5.9,6.1,0.2,3.39,0.0,Deterioration
P0922,JioMart,SHIVAMAX,Hair Care,margin_risk_score,Margin Risk Score,4.7,4.6,-0.1,-2.13,0.0,Improvement
P0922,Meesho,SHIVAMAX,Hair Care,margin_risk_score,Margin Risk Score,7.3,5.8,-1.5,-20.55,0.3,Improvement
P0922,Website,SHIVAMAX,Hair Care,margin_risk_score,Margin Risk Score,2.2,2.5,0.3,13.64,0.1,Deterioration
P0927,Amazon,SHIVAMAX,Home & Kitchen,margin_risk_score,Margin Risk Score,19.2,20.0,0.8,4.17,0.1,Deterioration
P0927,Flipkart,SHIVAMAX,Home & Kitchen,margin_risk_score,Margin Risk Score,6.4,6.2,-0.2,-3.13,0.0,Improvement
P0927,JioMart,SHIVAMAX,Home & Kitchen,margin_risk_score,Margin Risk Score,5.1,5.9,0.8,15.69,0.1,Deterioration
P0927,Meesho,SHIVAMAX,Home & Kitchen,margin_risk_score,Margin Risk Score,6.1,7.8,1.7,27.87,0.3,Deterioration
P0927,Website,SHIVAMAX,Home & Kitchen,margin_risk_score,Margin Risk Score,3.4,5.5,2.1,61.76,0.4,Deterioration
P0931,Amazon,SHIVAMAX,Electronics & Travel Accessories,margin_risk_score,Margin Risk Score,10.9,10.9,0.0,0.0,0.0,No Change
P0931,Flipkart,SHIVAMAX,Electronics & Travel Accessories,margin_risk_score,Margin Risk Score,6.4,6.6,0.2,3.12,0.0,Deterioration
P0931,JioMart,SHIVAMAX,Electronics & Travel Accessories,margin_risk_score,Margin Risk Score,4.3,5.0,0.7,16.28,0.1,Deterioration
P0931,Meesho,SHIVAMAX,Electronics & Travel Accessories,margin_risk_score,Margin Risk Score,6.5,6.3,-0.2,-3.08,0.0,Improvement
P0931,Website,SHIVAMAX,Electronics & Travel Accessories,margin_risk_score,Margin Risk Score,3.5,3.6,0.1,2.86,0.0,Deterioration
P0932,Amazon,SHIVAMAX,Electronics & Travel Accessories,margin_risk_score,Margin Risk Score,16.1,17.3,1.2,7.45,0.2,Deterioration
P0932,Flipkart,SHIVAMAX,Electronics & Travel Accessories,margin_risk_score,Margin Risk Score,7.4,7.3,-0.1,-1.35,0.0,Improvement
P0932,JioMart,SHIVAMAX,Electronics & Travel Accessories,margin_risk_score,Margin Risk Score,4.9,5.3,0.4,8.16,0.1,Deterioration
P0932,Meesho,SHIVAMAX,Electronics & Travel Accessories,margin_risk_score,Margin Risk Score,5.9,6.3,0.4,6.78,0.1,Deterioration
P0932,Website,SHIVAMAX,Electronics & Travel Accessories,margin_risk_score,Margin Risk Score,3.6,3.4,-0.2,-5.56,0.0,Improvement
P0944,Amazon,SHIVAMAX,Health & Wellness,margin_risk_score,Margin Risk Score,12.4,11.7,-0.7,-5.65,0.1,Improvement
P0944,Flipkart,SHIVAMAX,Health & Wellness,margin_risk_score,Margin Risk Score,6.2,6.7,0.5,8.06,0.1,Deterioration
P0944,JioMart,SHIVAMAX,Health & Wellness,margin_risk_score,Margin Risk Score,5.0,4.7,-0.3,-6.0,0.1,Improvement
P0944,Meesho,SHIVAMAX,Health & Wellness,margin_risk_score,Margin Risk Score,6.6,7.0,0.4,6.06,0.1,Deterioration
P0944,Website,SHIVAMAX,Health & Wellness,margin_risk_score,Margin Risk Score,2.9,2.3,-0.6,-20.69,0.1,Improvement
P1003,Amazon,Snake Brand,Body Care,margin_risk_score,Margin Risk Score,11.7,12.8,1.1,9.4,0.2,Deterioration
P1003,Flipkart,Snake Brand,Body Care,margin_risk_score,Margin Risk Score,6.3,6.3,0.0,0.0,0.0,No Change
P1003,JioMart,Snake Brand,Body Care,margin_risk_score,Margin Risk Score,6.3,5.2,-1.1,-17.46,0.2,Improvement
P1003,Meesho,Snake Brand,Body Care,margin_risk_score,Margin Risk Score,6.4,6.5,0.1,1.56,0.0,Deterioration
P1003,Website,Snake Brand,Body Care,margin_risk_score,Margin Risk Score,2.5,3.2,0.7,28.0,0.1,Deterioration
P1026,Amazon,Sunsilk,Hair Care,margin_risk_score,Margin Risk Score,14.3,14.1,-0.2,-1.4,0.0,Improvement
P1026,Flipkart,Sunsilk,Hair Care,margin_risk_score,Margin Risk Score,6.5,6.1,-0.4,-6.15,0.1,Improvement
P1026,JioMart,Sunsilk,Hair Care,margin_risk_score,Margin Risk Score,5.1,5.0,-0.1,-1.96,0.0,Improvement
P1026,Meesho,Sunsilk,Hair Care,margin_risk_score,Margin Risk Score,5.7,5.7,0.0,0.0,0.0,No Change
P1026,Website,Sunsilk,Hair Care,margin_risk_score,Margin Risk Score,2.8,2.5,-0.3,-10.71,0.1,Improvement
P1029,Amazon,Sunsilk,Hair Care,margin_risk_score,Margin Risk Score,14.2,13.5,-0.7,-4.93,0.1,Improvement
P1029,Flipkart,Sunsilk,Hair Care,margin_risk_score,Margin Risk Score,7.8,6.7,-1.1,-14.1,0.2,Improvement
P1029,JioMart,Sunsilk,Hair Care,margin_risk_score,Margin Risk Score,6.8,5.9,-0.9,-13.24,0.2,Improvement
P1029,Meesho,Sunsilk,Hair Care,margin_risk_score,Margin Risk Score,7.4,6.3,-1.1,-14.86,0.2,Improvement
P1029,Website,Sunsilk,Hair Care,margin_risk_score,Margin Risk Score,3.4,2.1,-1.3,-38.24,0.2,Improvement
P1032,Amazon,Sunsilk,Hair Care,margin_risk_score,Margin Risk Score,14.2,13.7,-0.5,-3.52,0.1,Improvement
P1032,Flipkart,Sunsilk,Hair Care,margin_risk_score,Margin Risk Score,6.9,6.1,-0.8,-11.59,0.1,Improvement
P1032,JioMart,Sunsilk,Hair Care,margin_risk_score,Margin Risk Score,4.8,6.5,1.7,35.42,0.3,Deterioration
P1032,Meesho,Sunsilk,Hair Care,margin_risk_score,Margin Risk Score,5.7,6.8,1.1,19.3,0.2,Deterioration
P1032,Website,Sunsilk,Hair Care,margin_risk_score,Margin Risk Score,3.6,2.6,-1.0,-27.78,0.2,Improvement
P1033,Amazon,Sunsilk,Hair Care,margin_risk_score,Margin Risk Score,12.4,11.9,-0.5,-4.03,0.1,Improvement
P1033,Flipkart,Sunsilk,Hair Care,margin_risk_score,Margin Risk Score,7.0,6.6,-0.4,-5.71,0.1,Improvement
P1033,JioMart,Sunsilk,Hair Care,margin_risk_score,Margin Risk Score,6.2,4.9,-1.3,-20.97,0.2,Improvement
P1033,Meesho,Sunsilk,Hair Care,margin_risk_score,Margin Risk Score,5.1,5.7,0.6,11.76,0.1,Deterioration
P1033,Website,Sunsilk,Hair Care,margin_risk_score,Margin Risk Score,2.7,2.9,0.2,7.41,0.0,Deterioration
P1035,Amazon,Sunsilk,Hair Care,margin_risk_score,Margin Risk Score,13.5,14.2,0.7,5.19,0.1,Deterioration
P1035,Flipkart,Sunsilk,Hair Care,margin_risk_score,Margin Risk Score,7.5,7.4,-0.1,-1.33,0.0,Improvement
P1035,JioMart,Sunsilk,Hair Care,margin_risk_score,Margin Risk Score,5.0,4.9,-0.1,-2.0,0.0,Improvement
P1035,Meesho,Sunsilk,Hair Care,margin_risk_score,Margin Risk Score,6.3,5.7,-0.6,-9.52,0.1,Improvement
P1035,Website,Sunsilk,Hair Care,margin_risk_score,Margin Risk Score,4.0,2.3,-1.7,-42.5,0.3,Improvement
P1038,Amazon,Sunsilk,Hair Care,margin_risk_score,Margin Risk Score,14.2,13.3,-0.9,-6.34,0.2,Improvement
P1038,Flipkart,Sunsilk,Hair Care,margin_risk_score,Margin Risk Score,7.2,6.6,-0.6,-8.33,0.1,Improvement
P1038,JioMart,Sunsilk,Hair Care,margin_risk_score,Margin Risk Score,6.3,5.1,-1.2,-19.05,0.2,Improvement
P1038,Meesho,Sunsilk,Hair Care,margin_risk_score,Margin Risk Score,5.5,5.8,0.3,5.45,0.1,Deterioration
P1038,Website,Sunsilk,Hair Care,margin_risk_score,Margin Risk Score,4.9,3.2,-1.7,-34.69,0.3,Improvement
P1039,Amazon,Sunsilk,Hair Care,margin_risk_score,Margin Risk Score,12.0,12.8,0.8,6.67,0.1,Deterioration
P1039,Flipkart,Sunsilk,Hair Care,margin_risk_score,Margin Risk Score,5.9,7.5,1.6,27.12,0.3,Deterioration
P1039,JioMart,Sunsilk,Hair Care,margin_risk_score,Margin Risk Score,5.0,4.9,-0.1,-2.0,0.0,Improvement
P1039,Meesho,Sunsilk,Hair Care,margin_risk_score,Margin Risk Score,5.7,5.5,-0.2,-3.51,0.0,Improvement
P1039,Website,Sunsilk,Hair Care,margin_risk_score,Margin Risk Score,5.1,3.2,-1.9,-37.25,0.3,Improvement
P1041,Amazon,Sunsilk,Hair Care,margin_risk_score,Margin Risk Score,14.0,13.2,-0.8,-5.71,0.1,Improvement
P1041,Flipkart,Sunsilk,Hair Care,margin_risk_score,Margin Risk Score,7.7,6.3,-1.4,-18.18,0.3,Improvement
P1041,JioMart,Sunsilk,Hair Care,margin_risk_score,Margin Risk Score,5.5,6.1,0.6,10.91,0.1,Deterioration
P1041,Meesho,Sunsilk,Hair Care,margin_risk_score,Margin Risk Score,5.0,7.5,2.5,50.0,0.5,Deterioration
P1041,Website,Sunsilk,Hair Care,margin_risk_score,Margin Risk Score,2.6,3.2,0.6,23.08,0.1,Deterioration
P1042,Amazon,Sunsilk,Hair Care,margin_risk_score,Margin Risk Score,9.5,8.8,-0.7,-7.37,0.1,Improvement
P1042,Flipkart,Sunsilk,Hair Care,margin_risk_score,Margin Risk Score,6.6,5.8,-0.8,-12.12,0.1,Improvement
P1042,JioMart,Sunsilk,Hair Care,margin_risk_score,Margin Risk Score,5.5,7.4,1.9,34.55,0.3,Deterioration
P1042,Meesho,Sunsilk,Hair Care,margin_risk_score,Margin Risk Score,5.4,5.8,0.4,7.41,0.1,Deterioration
P1042,Website,Sunsilk,Hair Care,margin_risk_score,Margin Risk Score,2.1,3.3,1.2,57.14,0.2,Deterioration
P1043,Amazon,Sunsilk,Hair Care,margin_risk_score,Margin Risk Score,9.2,9.5,0.3,3.26,0.1,Deterioration
P1043,Flipkart,Sunsilk,Hair Care,margin_risk_score,Margin Risk Score,5.7,5.8,0.1,1.75,0.0,Deterioration
P1043,JioMart,Sunsilk,Hair Care,margin_risk_score,Margin Risk Score,4.8,4.5,-0.3,-6.25,0.1,Improvement
P1043,Meesho,Sunsilk,Hair Care,margin_risk_score,Margin Risk Score,6.7,5.9,-0.8,-11.94,0.1,Improvement
P1043,Website,Sunsilk,Hair Care,margin_risk_score,Margin Risk Score,4.7,3.8,-0.9,-19.15,0.2,Improvement
P1044,Amazon,Sunsilk,Hair Care,margin_risk_score,Margin Risk Score,9.3,8.9,-0.4,-4.3,0.1,Improvement
P1044,Flipkart,Sunsilk,Hair Care,margin_risk_score,Margin Risk Score,6.8,5.7,-1.1,-16.18,0.2,Improvement
P1044,JioMart,Sunsilk,Hair Care,margin_risk_score,Margin Risk Score,6.0,4.5,-1.5,-25.0,0.3,Improvement
P1044,Meesho,Sunsilk,Hair Care,margin_risk_score,Margin Risk Score,5.4,6.4,1.0,18.52,0.2,Deterioration
P1044,Website,Sunsilk,Hair Care,margin_risk_score,Margin Risk Score,6.1,2.5,-3.6,-59.02,0.6,Improvement
P1048,Amazon,Sunsilk,Hair Care,margin_risk_score,Margin Risk Score,8.9,9.1,0.2,2.25,0.0,Deterioration
P1048,Flipkart,Sunsilk,Hair Care,margin_risk_score,Margin Risk Score,6.0,5.9,-0.1,-1.67,0.0,Improvement
P1048,JioMart,Sunsilk,Hair Care,margin_risk_score,Margin Risk Score,4.5,4.8,0.3,6.67,0.1,Deterioration
P1048,Meesho,Sunsilk,Hair Care,margin_risk_score,Margin Risk Score,4.6,7.8,3.2,69.57,0.6,Deterioration
P1048,Website,Sunsilk,Hair Care,margin_risk_score,Margin Risk Score,2.2,2.4,0.2,9.09,0.0,Deterioration
P1052,Amazon,Sunsilk,Hair Care,margin_risk_score,Margin Risk Score,14.6,13.1,-1.5,-10.27,0.3,Improvement
P1052,Flipkart,Sunsilk,Hair Care,margin_risk_score,Margin Risk Score,6.4,6.8,0.4,6.25,0.1,Deterioration
P1052,JioMart,Sunsilk,Hair Care,margin_risk_score,Margin Risk Score,4.8,6.6,1.8,37.5,0.3,Deterioration
P1052,Meesho,Sunsilk,Hair Care,margin_risk_score,Margin Risk Score,6.7,6.1,-0.6,-8.96,0.1,Improvement
P1052,Website,Sunsilk,Hair Care,margin_risk_score,Margin Risk Score,2.9,2.7,-0.2,-6.9,0.0,Improvement
P1067,Amazon,Tiger Balm,Health & Wellness,margin_risk_score,Margin Risk Score,9.3,9.2,-0.1,-1.08,0.0,Improvement
P1067,Flipkart,Tiger Balm,Health & Wellness,margin_risk_score,Margin Risk Score,6.1,6.8,0.7,11.48,0.1,Deterioration
P1067,JioMart,Tiger Balm,Health & Wellness,margin_risk_score,Margin Risk Score,4.4,4.7,0.3,6.82,0.1,Deterioration
P1067,Meesho,Tiger Balm,Health & Wellness,margin_risk_score,Margin Risk Score,4.9,5.4,0.5,10.2,0.1,Deterioration
P1067,Website,Tiger Balm,Health & Wellness,margin_risk_score,Margin Risk Score,2.5,2.3,-0.2,-8.0,0.0,Improvement
P1069,Amazon,Tiger Balm,Health & Wellness,margin_risk_score,Margin Risk Score,9.7,9.4,-0.3,-3.09,0.1,Improvement
P1069,Flipkart,Tiger Balm,Health & Wellness,margin_risk_score,Margin Risk Score,6.3,7.3,1.0,15.87,0.2,Deterioration
P1069,JioMart,Tiger Balm,Health & Wellness,margin_risk_score,Margin Risk Score,4.4,4.0,-0.4,-9.09,0.1,Improvement
P1069,Meesho,Tiger Balm,Health & Wellness,margin_risk_score,Margin Risk Score,5.7,6.7,1.0,17.54,0.2,Deterioration
P1069,Website,Tiger Balm,Health & Wellness,margin_risk_score,Margin Risk Score,2.2,2.6,0.4,18.18,0.1,Deterioration
P1070,Amazon,Tiger Balm,Health & Wellness,margin_risk_score,Margin Risk Score,15.5,15.3,-0.2,-1.29,0.0,Improvement
P1070,Flipkart,Tiger Balm,Health & Wellness,margin_risk_score,Margin Risk Score,7.5,7.3,-0.2,-2.67,0.0,Improvement
P1070,JioMart,Tiger Balm,Health & Wellness,margin_risk_score,Margin Risk Score,4.2,6.0,1.8,42.86,0.3,Deterioration
P1070,Meesho,Tiger Balm,Health & Wellness,margin_risk_score,Margin Risk Score,5.5,5.4,-0.1,-1.82,0.0,Improvement
P1070,Website,Tiger Balm,Health & Wellness,margin_risk_score,Margin Risk Score,2.8,2.4,-0.4,-14.29,0.1,Improvement
P1071,Amazon,Tiger Balm,Health & Wellness,margin_risk_score,Margin Risk Score,14.9,15.3,0.4,2.68,0.1,Deterioration
P1071,Flipkart,Tiger Balm,Health & Wellness,margin_risk_score,Margin Risk Score,6.3,6.9,0.6,9.52,0.1,Deterioration
P1071,JioMart,Tiger Balm,Health & Wellness,margin_risk_score,Margin Risk Score,6.8,4.8,-2.0,-29.41,0.4,Improvement
P1071,Meesho,Tiger Balm,Health & Wellness,margin_risk_score,Margin Risk Score,5.2,5.9,0.7,13.46,0.1,Deterioration
P1071,Website,Tiger Balm,Health & Wellness,margin_risk_score,Margin Risk Score,3.5,3.2,-0.3,-8.57,0.1,Improvement
P1072,Amazon,Tiger Balm,Health & Wellness,margin_risk_score,Margin Risk Score,14.3,14.9,0.6,4.2,0.1,Deterioration
P1072,Flipkart,Tiger Balm,Health & Wellness,margin_risk_score,Margin Risk Score,7.4,7.6,0.2,2.7,0.0,Deterioration
P1072,JioMart,Tiger Balm,Health & Wellness,margin_risk_score,Margin Risk Score,6.3,6.5,0.2,3.17,0.0,Deterioration
P1072,Meesho,Tiger Balm,Health & Wellness,margin_risk_score,Margin Risk Score,6.1,6.6,0.5,8.2,0.1,Deterioration
P1072,Website,Tiger Balm,Health & Wellness,margin_risk_score,Margin Risk Score,2.9,4.1,1.2,41.38,0.2,Deterioration
P1075,Amazon,Tresemme,Hair Care,margin_risk_score,Margin Risk Score,9.0,8.8,-0.2,-2.22,0.0,Improvement
P1075,Flipkart,Tresemme,Hair Care,margin_risk_score,Margin Risk Score,6.5,6.0,-0.5,-7.69,0.1,Improvement
P1075,JioMart,Tresemme,Hair Care,margin_risk_score,Margin Risk Score,6.2,4.0,-2.2,-35.48,0.4,Improvement
P1075,Meesho,Tresemme,Hair Care,margin_risk_score,Margin Risk Score,6.0,6.2,0.2,3.33,0.0,Deterioration
P1075,Website,Tresemme,Hair Care,margin_risk_score,Margin Risk Score,2.5,2.3,-0.2,-8.0,0.0,Improvement
P1080,Amazon,Tresemme,Hair Care,margin_risk_score,Margin Risk Score,8.9,9.3,0.4,4.49,0.1,Deterioration
P1080,Flipkart,Tresemme,Hair Care,margin_risk_score,Margin Risk Score,6.2,5.6,-0.6,-9.68,0.1,Improvement
P1080,JioMart,Tresemme,Hair Care,margin_risk_score,Margin Risk Score,4.0,4.8,0.8,20.0,0.1,Deterioration
P1080,Meesho,Tresemme,Hair Care,margin_risk_score,Margin Risk Score,4.7,4.9,0.2,4.26,0.0,Deterioration
P1080,Website,Tresemme,Hair Care,margin_risk_score,Margin Risk Score,2.3,3.4,1.1,47.83,0.2,Deterioration
P1085,Amazon,Tresemme,Hair Care,margin_risk_score,Margin Risk Score,9.6,9.0,-0.6,-6.25,0.1,Improvement
P1085,Flipkart,Tresemme,Hair Care,margin_risk_score,Margin Risk Score,5.8,6.2,0.4,6.9,0.1,Deterioration
P1085,JioMart,Tresemme,Hair Care,margin_risk_score,Margin Risk Score,6.7,4.9,-1.8,-26.87,0.3,Improvement
P1085,Meesho,Tresemme,Hair Care,margin_risk_score,Margin Risk Score,5.0,6.5,1.5,30.0,0.3,Deterioration
P1085,Website,Tresemme,Hair Care,margin_risk_score,Margin Risk Score,5.9,2.7,-3.2,-54.24,0.6,Improvement
P1099,Amazon,Tros,Body Care,margin_risk_score,Margin Risk Score,12.3,11.8,-0.5,-4.07,0.1,Improvement
P1099,Flipkart,Tros,Body Care,margin_risk_score,Margin Risk Score,5.9,6.4,0.5,8.47,0.1,Deterioration
P1099,JioMart,Tros,Body Care,margin_risk_score,Margin Risk Score,4.8,6.9,2.1,43.75,0.4,Deterioration
P1099,Meesho,Tros,Body Care,margin_risk_score,Margin Risk Score,5.1,5.2,0.1,1.96,0.0,Deterioration
P1099,Website,Tros,Body Care,margin_risk_score,Margin Risk Score,2.5,2.4,-0.1,-4.0,0.0,Improvement
P1100,Amazon,Tros,Body Care,margin_risk_score,Margin Risk Score,11.8,12.6,0.8,6.78,0.1,Deterioration
P1100,Flipkart,Tros,Body Care,margin_risk_score,Margin Risk Score,7.3,6.9,-0.4,-5.48,0.1,Improvement
P1100,JioMart,Tros,Body Care,margin_risk_score,Margin Risk Score,4.6,4.6,0.0,0.0,0.0,No Change
P1100,Meesho,Tros,Body Care,margin_risk_score,Margin Risk Score,5.9,5.0,-0.9,-15.25,0.2,Improvement
P1100,Website,Tros,Body Care,margin_risk_score,Margin Risk Score,4.4,2.5,-1.9,-43.18,0.3,Improvement
P1105,Amazon,Vaseline,Body Care,margin_risk_score,Margin Risk Score,9.1,8.8,-0.3,-3.3,0.1,Improvement
P1105,Flipkart,Vaseline,Body Care,margin_risk_score,Margin Risk Score,5.6,6.3,0.7,12.5,0.1,Deterioration
P1105,JioMart,Vaseline,Body Care,margin_risk_score,Margin Risk Score,4.8,5.9,1.1,22.92,0.2,Deterioration
P1105,Meesho,Vaseline,Body Care,margin_risk_score,Margin Risk Score,8.0,5.2,-2.8,-35.0,0.5,Improvement
P1105,Website,Vaseline,Body Care,margin_risk_score,Margin Risk Score,2.3,3.7,1.4,60.87,0.3,Deterioration
P1107,Amazon,Vaseline,Body Care,margin_risk_score,Margin Risk Score,10.7,10.2,-0.5,-4.67,0.1,Improvement
P1107,Flipkart,Vaseline,Body Care,margin_risk_score,Margin Risk Score,5.9,5.5,-0.4,-6.78,0.1,Improvement
P1107,JioMart,Vaseline,Body Care,margin_risk_score,Margin Risk Score,5.0,4.5,-0.5,-10.0,0.1,Improvement
P1107,Meesho,Vaseline,Body Care,margin_risk_score,Margin Risk Score,6.5,5.4,-1.1,-16.92,0.2,Improvement
P1107,Website,Vaseline,Body Care,margin_risk_score,Margin Risk Score,2.2,2.3,0.1,4.55,0.0,Deterioration
P1109,Amazon,Vaseline,Body Care,margin_risk_score,Margin Risk Score,9.1,9.2,0.1,1.1,0.0,Deterioration
P1109,Flipkart,Vaseline,Body Care,margin_risk_score,Margin Risk Score,6.7,7.0,0.3,4.48,0.1,Deterioration
P1109,JioMart,Vaseline,Body Care,margin_risk_score,Margin Risk Score,4.5,4.2,-0.3,-6.67,0.1,Improvement
P1109,Meesho,Vaseline,Body Care,margin_risk_score,Margin Risk Score,5.9,5.7,-0.2,-3.39,0.0,Improvement
P1109,Website,Vaseline,Body Care,margin_risk_score,Margin Risk Score,2.0,1.8,-0.2,-10.0,0.0,Improvement
P1112,Amazon,Vaseline,Body Care,margin_risk_score,Margin Risk Score,11.9,12.2,0.3,2.52,0.1,Deterioration
P1112,Flipkart,Vaseline,Body Care,margin_risk_score,Margin Risk Score,6.1,6.5,0.4,6.56,0.1,Deterioration
P1112,JioMart,Vaseline,Body Care,margin_risk_score,Margin Risk Score,4.9,5.4,0.5,10.2,0.1,Deterioration
P1112,Meesho,Vaseline,Body Care,margin_risk_score,Margin Risk Score,5.4,5.3,-0.1,-1.85,0.0,Improvement
P1112,Website,Vaseline,Body Care,margin_risk_score,Margin Risk Score,1.6,4.2,2.6,162.5,0.5,Deterioration
P1114,Amazon,Vaseline,Body Care,margin_risk_score,Margin Risk Score,10.5,10.6,0.1,0.95,0.0,Deterioration
P1114,Flipkart,Vaseline,Body Care,margin_risk_score,Margin Risk Score,6.5,6.0,-0.5,-7.69,0.1,Improvement
P1114,JioMart,Vaseline,Body Care,margin_risk_score,Margin Risk Score,5.3,5.9,0.6,11.32,0.1,Deterioration
P1114,Meesho,Vaseline,Body Care,margin_risk_score,Margin Risk Score,6.3,5.5,-0.8,-12.7,0.1,Improvement
P1114,Website,Vaseline,Body Care,margin_risk_score,Margin Risk Score,2.0,2.8,0.8,40.0,0.1,Deterioration
P1120,Amazon,Vaseline,Skin Care,margin_risk_score,Margin Risk Score,9.8,9.3,-0.5,-5.1,0.1,Improvement
P1120,Flipkart,Vaseline,Skin Care,margin_risk_score,Margin Risk Score,6.6,5.8,-0.8,-12.12,0.1,Improvement
P1120,JioMart,Vaseline,Skin Care,margin_risk_score,Margin Risk Score,4.4,4.7,0.3,6.82,0.1,Deterioration
P1120,Meesho,Vaseline,Skin Care,margin_risk_score,Margin Risk Score,5.1,6.2,1.1,21.57,0.2,Deterioration
P1120,Website,Vaseline,Skin Care,margin_risk_score,Margin Risk Score,2.7,2.3,-0.4,-14.81,0.1,Improvement
P1121,Amazon,Vaseline,Body Care,margin_risk_score,Margin Risk Score,9.1,9.1,0.0,0.0,0.0,No Change
P1121,Flipkart,Vaseline,Body Care,margin_risk_score,Margin Risk Score,7.2,6.7,-0.5,-6.94,0.1,Improvement
P1121,JioMart,Vaseline,Body Care,margin_risk_score,Margin Risk Score,4.7,4.5,-0.2,-4.26,0.0,Improvement
P1121,Meesho,Vaseline,Body Care,margin_risk_score,Margin Risk Score,5.4,4.8,-0.6,-11.11,0.1,Improvement
P1121,Website,Vaseline,Body Care,margin_risk_score,Margin Risk Score,4.0,1.9,-2.1,-52.5,0.4,Improvement
P1131,Amazon,Vaseline,Skin Care,margin_risk_score,Margin Risk Score,8.8,9.5,0.7,7.95,0.1,Deterioration
P1131,Flipkart,Vaseline,Skin Care,margin_risk_score,Margin Risk Score,7.5,5.4,-2.1,-28.0,0.4,Improvement
P1131,JioMart,Vaseline,Skin Care,margin_risk_score,Margin Risk Score,5.8,3.9,-1.9,-32.76,0.3,Improvement
P1131,Meesho,Vaseline,Skin Care,margin_risk_score,Margin Risk Score,5.4,5.8,0.4,7.41,0.1,Deterioration
P1131,Website,Vaseline,Skin Care,margin_risk_score,Margin Risk Score,2.0,3.3,1.3,65.0,0.2,Deterioration
P1146,Amazon,Vaseline,Body Care,margin_risk_score,Margin Risk Score,9.3,8.8,-0.5,-5.38,0.1,Improvement
P1146,Flipkart,Vaseline,Body Care,margin_risk_score,Margin Risk Score,6.1,6.5,0.4,6.56,0.1,Deterioration
P1146,JioMart,Vaseline,Body Care,margin_risk_score,Margin Risk Score,5.0,5.5,0.5,10.0,0.1,Deterioration
P1146,Meesho,Vaseline,Body Care,margin_risk_score,Margin Risk Score,6.6,5.3,-1.3,-19.7,0.2,Improvement
P1146,Website,Vaseline,Body Care,margin_risk_score,Margin Risk Score,3.1,3.2,0.1,3.23,0.0,Deterioration
P1150,Amazon,Vaseline,Body Care,margin_risk_score,Margin Risk Score,10.2,10.3,0.1,0.98,0.0,Deterioration
P1150,Flipkart,Vaseline,Body Care,margin_risk_score,Margin Risk Score,6.2,6.6,0.4,6.45,0.1,Deterioration
P1150,JioMart,Vaseline,Body Care,margin_risk_score,Margin Risk Score,4.8,4.4,-0.4,-8.33,0.1,Improvement
P1150,Meesho,Vaseline,Body Care,margin_risk_score,Margin Risk Score,5.4,5.5,0.1,1.85,0.0,Deterioration
P1150,Website,Vaseline,Body Care,margin_risk_score,Margin Risk Score,6.5,2.4,-4.1,-63.08,0.7,Improvement
P1156,Amazon,Vaseline,Body Care,margin_risk_score,Margin Risk Score,9.1,8.7,-0.4,-4.4,0.1,Improvement
P1156,Flipkart,Vaseline,Body Care,margin_risk_score,Margin Risk Score,6.7,5.9,-0.8,-11.94,0.1,Improvement
P1156,JioMart,Vaseline,Body Care,margin_risk_score,Margin Risk Score,4.7,6.4,1.7,36.17,0.3,Deterioration
P1156,Meesho,Vaseline,Body Care,margin_risk_score,Margin Risk Score,5.4,6.9,1.5,27.78,0.3,Deterioration
P1156,Website,Vaseline,Body Care,margin_risk_score,Margin Risk Score,2.4,3.8,1.4,58.33,0.3,Deterioration
P1157,Amazon,Vaseline,Skin Care,margin_risk_score,Margin Risk Score,9.7,9.7,0.0,0.0,0.0,No Change
P1157,Flipkart,Vaseline,Skin Care,margin_risk_score,Margin Risk Score,6.1,7.2,1.1,18.03,0.2,Deterioration
P1157,JioMart,Vaseline,Skin Care,margin_risk_score,Margin Risk Score,4.4,5.8,1.4,31.82,0.3,Deterioration
P1157,Meesho,Vaseline,Skin Care,margin_risk_score,Margin Risk Score,6.0,6.0,0.0,0.0,0.0,No Change
P1157,Website,Vaseline,Skin Care,margin_risk_score,Margin Risk Score,2.5,2.7,0.2,8.0,0.0,Deterioration
P1162,Amazon,Vita Keratin,Hair Care,margin_risk_score,Margin Risk Score,9.1,9.1,0.0,0.0,0.0,No Change
P1162,Flipkart,Vita Keratin,Hair Care,margin_risk_score,Margin Risk Score,6.6,6.0,-0.6,-9.09,0.1,Improvement
P1162,JioMart,Vita Keratin,Hair Care,margin_risk_score,Margin Risk Score,4.1,4.2,0.1,2.44,0.0,Deterioration
P1162,Meesho,Vita Keratin,Hair Care,margin_risk_score,Margin Risk Score,5.8,5.9,0.1,1.72,0.0,Deterioration
P1162,Website,Vita Keratin,Hair Care,margin_risk_score,Margin Risk Score,2.2,3.8,1.6,72.73,0.3,Deterioration
P1164,Amazon,Wangprom,Health & Wellness,margin_risk_score,Margin Risk Score,13.5,12.7,-0.8,-5.93,0.1,Improvement
P1164,Flipkart,Wangprom,Health & Wellness,margin_risk_score,Margin Risk Score,6.2,6.5,0.3,4.84,0.1,Deterioration
P1164,JioMart,Wangprom,Health & Wellness,margin_risk_score,Margin Risk Score,4.3,5.3,1.0,23.26,0.2,Deterioration
P1164,Meesho,Wangprom,Health & Wellness,margin_risk_score,Margin Risk Score,7.5,5.8,-1.7,-22.67,0.3,Improvement
P1164,Website,Wangprom,Health & Wellness,margin_risk_score,Margin Risk Score,2.9,4.8,1.9,65.52,0.3,Deterioration
P1176,Amazon,Wangprom,Health & Wellness,margin_risk_score,Margin Risk Score,10.8,10.5,-0.3,-2.78,0.1,Improvement
P1176,Flipkart,Wangprom,Health & Wellness,margin_risk_score,Margin Risk Score,6.2,6.0,-0.2,-3.23,0.0,Improvement
P1176,JioMart,Wangprom,Health & Wellness,margin_risk_score,Margin Risk Score,6.1,4.5,-1.6,-26.23,0.3,Improvement
P1176,Meesho,Wangprom,Health & Wellness,margin_risk_score,Margin Risk Score,5.6,5.4,-0.2,-3.57,0.0,Improvement
P1176,Website,Wangprom,Health & Wellness,margin_risk_score,Margin Risk Score,5.9,3.8,-2.1,-35.59,0.4,Improvement
P1185,Amazon,Watsons,Oral Care,margin_risk_score,Margin Risk Score,11.9,11.6,-0.3,-2.52,0.1,Improvement
P1185,Flipkart,Watsons,Oral Care,margin_risk_score,Margin Risk Score,5.7,5.7,0.0,0.0,0.0,No Change
P1185,JioMart,Watsons,Oral Care,margin_risk_score,Margin Risk Score,5.0,5.2,0.2,4.0,0.0,Deterioration
P1185,Meesho,Watsons,Oral Care,margin_risk_score,Margin Risk Score,5.4,5.5,0.1,1.85,0.0,Deterioration
P1185,Website,Watsons,Oral Care,margin_risk_score,Margin Risk Score,2.7,4.9,2.2,81.48,0.4,Deterioration
P1190,Amazon,Watsons,Oral Care,margin_risk_score,Margin Risk Score,12.5,12.0,-0.5,-4.0,0.1,Improvement
P1190,Flipkart,Watsons,Oral Care,margin_risk_score,Margin Risk Score,6.5,6.7,0.2,3.08,0.0,Deterioration
P1190,JioMart,Watsons,Oral Care,margin_risk_score,Margin Risk Score,3.9,4.2,0.3,7.69,0.1,Deterioration
P1190,Meesho,Watsons,Oral Care,margin_risk_score,Margin Risk Score,4.8,6.4,1.6,33.33,0.3,Deterioration
P1190,Website,Watsons,Oral Care,margin_risk_score,Margin Risk Score,3.6,2.8,-0.8,-22.22,0.1,Improvement
P1196,Amazon,Watsons,Oral Care,margin_risk_score,Margin Risk Score,11.4,11.6,0.2,1.75,0.0,Deterioration
P1196,Flipkart,Watsons,Oral Care,margin_risk_score,Margin Risk Score,6.0,7.9,1.9,31.67,0.3,Deterioration
P1196,JioMart,Watsons,Oral Care,margin_risk_score,Margin Risk Score,5.8,5.7,-0.1,-1.72,0.0,Improvement
P1196,Meesho,Watsons,Oral Care,margin_risk_score,Margin Risk Score,5.5,6.2,0.7,12.73,0.1,Deterioration
P1196,Website,Watsons,Oral Care,margin_risk_score,Margin Risk Score,2.7,3.2,0.5,18.52,0.1,Deterioration
P1200,Amazon,Watsons,Oral Care,margin_risk_score,Margin Risk Score,14.0,16.0,2.0,14.29,0.4,Deterioration
P1200,Flipkart,Watsons,Oral Care,margin_risk_score,Margin Risk Score,6.6,7.3,0.7,10.61,0.1,Deterioration
P1200,JioMart,Watsons,Oral Care,margin_risk_score,Margin Risk Score,5.3,6.5,1.2,22.64,0.2,Deterioration
P1200,Meesho,Watsons,Oral Care,margin_risk_score,Margin Risk Score,6.2,6.0,-0.2,-3.23,0.0,Improvement
P1200,Website,Watsons,Oral Care,margin_risk_score,Margin Risk Score,3.9,3.8,-0.1,-2.56,0.0,Improvement
P1214,Amazon,Watsons,Oral Care,margin_risk_score,Margin Risk Score,14.5,15.4,0.9,6.21,0.2,Deterioration
P1214,Flipkart,Watsons,Oral Care,margin_risk_score,Margin Risk Score,6.2,7.2,1.0,16.13,0.2,Deterioration
P1214,JioMart,Watsons,Oral Care,margin_risk_score,Margin Risk Score,6.7,5.8,-0.9,-13.43,0.2,Improvement
P1214,Meesho,Watsons,Oral Care,margin_risk_score,Margin Risk Score,6.5,6.9,0.4,6.15,0.1,Deterioration
P1214,Website,Watsons,Oral Care,margin_risk_score,Margin Risk Score,3.2,2.7,-0.5,-15.62,0.1,Improvement
P1218,Amazon,Watsons,Oral Care,margin_risk_score,Margin Risk Score,14.5,14.1,-0.4,-2.76,0.1,Improvement
P1218,Flipkart,Watsons,Oral Care,margin_risk_score,Margin Risk Score,7.1,6.6,-0.5,-7.04,0.1,Improvement
P1218,JioMart,Watsons,Oral Care,margin_risk_score,Margin Risk Score,6.0,5.3,-0.7,-11.67,0.1,Improvement
P1218,Meesho,Watsons,Oral Care,margin_risk_score,Margin Risk Score,5.7,6.2,0.5,8.77,0.1,Deterioration
P1218,Website,Watsons,Oral Care,margin_risk_score,Margin Risk Score,3.2,2.4,-0.8,-25.0,0.1,Improvement
P1237,Amazon,Watsons,Oral Care,margin_risk_score,Margin Risk Score,9.7,9.2,-0.5,-5.15,0.1,Improvement
P1237,Flipkart,Watsons,Oral Care,margin_risk_score,Margin Risk Score,5.9,6.4,0.5,8.47,0.1,Deterioration
P1237,JioMart,Watsons,Oral Care,margin_risk_score,Margin Risk Score,5.9,5.2,-0.7,-11.86,0.1,Improvement
P1237,Meesho,Watsons,Oral Care,margin_risk_score,Margin Risk Score,5.9,5.2,-0.7,-11.86,0.1,Improvement
P1237,Website,Watsons,Oral Care,margin_risk_score,Margin Risk Score,2.5,2.6,0.1,4.0,0.0,Deterioration
P1248,Amazon,Watsons,Skin Care,margin_risk_score,Margin Risk Score,12.5,11.9,-0.6,-4.8,0.1,Improvement
P1248,Flipkart,Watsons,Skin Care,margin_risk_score,Margin Risk Score,6.5,5.7,-0.8,-12.31,0.1,Improvement
P1248,JioMart,Watsons,Skin Care,margin_risk_score,Margin Risk Score,4.5,4.0,-0.5,-11.11,0.1,Improvement
P1248,Meesho,Watsons,Skin Care,margin_risk_score,Margin Risk Score,5.6,5.1,-0.5,-8.93,0.1,Improvement
P1248,Website,Watsons,Skin Care,margin_risk_score,Margin Risk Score,2.6,2.3,-0.3,-11.54,0.1,Improvement
P1249,Amazon,Watsons,Oral Care,margin_risk_score,Margin Risk Score,14.7,14.1,-0.6,-4.08,0.1,Improvement
P1249,Flipkart,Watsons,Oral Care,margin_risk_score,Margin Risk Score,6.7,7.1,0.4,5.97,0.1,Deterioration
P1249,JioMart,Watsons,Oral Care,margin_risk_score,Margin Risk Score,6.0,5.4,-0.6,-10.0,0.1,Improvement
P1249,Meesho,Watsons,Oral Care,margin_risk_score,Margin Risk Score,6.2,6.4,0.2,3.23,0.0,Deterioration
P1249,Website,Watsons,Oral Care,margin_risk_score,Margin Risk Score,3.3,3.4,0.1,3.03,0.0,Deterioration
P1251,Amazon,Watsons,Oral Care,margin_risk_score,Margin Risk Score,15.1,15.1,0.0,0.0,0.0,No Change
P1251,Flipkart,Watsons,Oral Care,margin_risk_score,Margin Risk Score,7.0,7.3,0.3,4.29,0.1,Deterioration
P1251,JioMart,Watsons,Oral Care,margin_risk_score,Margin Risk Score,4.4,5.2,0.8,18.18,0.1,Deterioration
P1251,Meesho,Watsons,Oral Care,margin_risk_score,Margin Risk Score,5.5,6.6,1.1,20.0,0.2,Deterioration
P1251,Website,Watsons,Oral Care,margin_risk_score,Margin Risk Score,3.6,4.4,0.8,22.22,0.1,Deterioration
P1254,Amazon,Watsons,Oral Care,margin_risk_score,Margin Risk Score,12.3,11.7,-0.6,-4.88,0.1,Improvement
P1254,Flipkart,Watsons,Oral Care,margin_risk_score,Margin Risk Score,6.3,7.6,1.3,20.63,0.2,Deterioration
P1254,JioMart,Watsons,Oral Care,margin_risk_score,Margin Risk Score,5.6,5.3,-0.3,-5.36,0.1,Improvement
P1254,Meesho,Watsons,Oral Care,margin_risk_score,Margin Risk Score,6.8,5.5,-1.3,-19.12,0.2,Improvement
P1254,Website,Watsons,Oral Care,margin_risk_score,Margin Risk Score,2.9,2.7,-0.2,-6.9,0.0,Improvement
P0022,Amazon,Ambi Pur,Home & Kitchen,revenue_quality_score,Revenue Quality Score,75.3,77.6,2.3,3.05,0.0,Improvement
P0022,Flipkart,Ambi Pur,Home & Kitchen,revenue_quality_score,Revenue Quality Score,65.7,91.8,26.1,39.73,0.5,Improvement
P0022,JioMart,Ambi Pur,Home & Kitchen,revenue_quality_score,Revenue Quality Score,83.7,90.2,6.5,7.77,0.1,Improvement
P0022,Meesho,Ambi Pur,Home & Kitchen,revenue_quality_score,Revenue Quality Score,92.6,82.2,-10.4,-11.23,0.2,Deterioration
P0022,Website,Ambi Pur,Home & Kitchen,revenue_quality_score,Revenue Quality Score,99.8,100.0,0.2,0.2,0.0,Improvement
P0024,Amazon,AR,Skin Care,revenue_quality_score,Revenue Quality Score,61.7,66.1,4.4,7.13,0.1,Improvement
P0024,Flipkart,AR,Skin Care,revenue_quality_score,Revenue Quality Score,81.9,88.1,6.2,7.57,0.1,Improvement
P0024,JioMart,AR,Skin Care,revenue_quality_score,Revenue Quality Score,67.2,82.5,15.3,22.77,0.3,Improvement
P0024,Meesho,AR,Skin Care,revenue_quality_score,Revenue Quality Score,93.0,82.9,-10.1,-10.86,0.2,Deterioration
P0024,Website,AR,Skin Care,revenue_quality_score,Revenue Quality Score,99.5,87.4,-12.1,-12.16,0.2,Deterioration
P0029,Amazon,Axe,Body Care,revenue_quality_score,Revenue Quality Score,66.7,77.6,10.9,16.34,0.2,Improvement
P0029,Flipkart,Axe,Body Care,revenue_quality_score,Revenue Quality Score,82.5,79.6,-2.9,-3.52,0.1,Deterioration
P0029,JioMart,Axe,Body Care,revenue_quality_score,Revenue Quality Score,96.0,96.1,0.1,0.1,0.0,Improvement
P0029,Meesho,Axe,Body Care,revenue_quality_score,Revenue Quality Score,77.1,89.2,12.1,15.69,0.2,Improvement
P0029,Website,Axe,Body Care,revenue_quality_score,Revenue Quality Score,83.9,100.0,16.1,19.19,0.3,Improvement
P0034,Amazon,Axe,Body Care,revenue_quality_score,Revenue Quality Score,72.7,74.4,1.7,2.34,0.0,Improvement
P0034,Flipkart,Axe,Body Care,revenue_quality_score,Revenue Quality Score,69.4,86.5,17.1,24.64,0.3,Improvement
P0034,JioMart,Axe,Body Care,revenue_quality_score,Revenue Quality Score,81.5,77.2,-4.3,-5.28,0.1,Deterioration
P0034,Meesho,Axe,Body Care,revenue_quality_score,Revenue Quality Score,78.2,83.5,5.3,6.78,0.1,Improvement
P0034,Website,Axe,Body Care,revenue_quality_score,Revenue Quality Score,97.5,80.5,-17.0,-17.44,0.3,Deterioration
P0039,Amazon,Axe,Body Care,revenue_quality_score,Revenue Quality Score,70.6,65.9,-4.7,-6.66,0.1,Deterioration
P0039,Flipkart,Axe,Body Care,revenue_quality_score,Revenue Quality Score,89.6,85.6,-4.0,-4.46,0.1,Deterioration
P0039,JioMart,Axe,Body Care,revenue_quality_score,Revenue Quality Score,78.2,95.6,17.4,22.25,0.3,Improvement
P0039,Meesho,Axe,Body Care,revenue_quality_score,Revenue Quality Score,93.9,84.0,-9.9,-10.54,0.2,Deterioration
P0039,Website,Axe,Body Care,revenue_quality_score,Revenue Quality Score,98.4,89.3,-9.1,-9.25,0.2,Deterioration
P0041,Amazon,Axe,Body Care,revenue_quality_score,Revenue Quality Score,71.6,71.2,-0.4,-0.56,0.0,Deterioration
P0041,Flipkart,Axe,Body Care,revenue_quality_score,Revenue Quality Score,74.2,89.7,15.5,20.89,0.3,Improvement
P0041,JioMart,Axe,Body Care,revenue_quality_score,Revenue Quality Score,91.5,82.6,-8.9,-9.73,0.2,Deterioration
P0041,Meesho,Axe,Body Care,revenue_quality_score,Revenue Quality Score,94.5,93.5,-1.0,-1.06,0.0,Deterioration
P0041,Website,Axe,Body Care,revenue_quality_score,Revenue Quality Score,99.6,97.7,-1.9,-1.91,0.0,Deterioration
P0042,Amazon,Axe,Body Care,revenue_quality_score,Revenue Quality Score,81.3,73.4,-7.9,-9.72,0.1,Deterioration
P0042,Flipkart,Axe,Body Care,revenue_quality_score,Revenue Quality Score,83.7,87.9,4.2,5.02,0.1,Improvement
P0042,JioMart,Axe,Body Care,revenue_quality_score,Revenue Quality Score,92.2,90.5,-1.7,-1.84,0.0,Deterioration
P0042,Meesho,Axe,Body Care,revenue_quality_score,Revenue Quality Score,93.6,96.0,2.4,2.56,0.0,Improvement
P0042,Website,Axe,Body Care,revenue_quality_score,Revenue Quality Score,98.9,80.7,-18.2,-18.4,0.3,Deterioration
P0082,Amazon,Biore,Skin Care,revenue_quality_score,Revenue Quality Score,76.1,68.7,-7.4,-9.72,0.1,Deterioration
P0082,Flipkart,Biore,Skin Care,revenue_quality_score,Revenue Quality Score,78.6,89.7,11.1,14.12,0.2,Improvement
P0082,JioMart,Biore,Skin Care,revenue_quality_score,Revenue Quality Score,93.5,95.6,2.1,2.25,0.0,Improvement
P0082,Meesho,Biore,Skin Care,revenue_quality_score,Revenue Quality Score,90.4,89.7,-0.7,-0.77,0.0,Deterioration
P0082,Website,Biore,Skin Care,revenue_quality_score,Revenue Quality Score,96.6,100.0,3.4,3.52,0.1,Improvement
P0156,Amazon,Colgate,Oral Care,revenue_quality_score,Revenue Quality Score,70.6,69.5,-1.1,-1.56,0.0,Deterioration
P0156,Flipkart,Colgate,Oral Care,revenue_quality_score,Revenue Quality Score,86.3,76.3,-10.0,-11.59,0.2,Deterioration
P0156,JioMart,Colgate,Oral Care,revenue_quality_score,Revenue Quality Score,93.2,94.7,1.5,1.61,0.0,Improvement
P0156,Meesho,Colgate,Oral Care,revenue_quality_score,Revenue Quality Score,90.9,91.0,0.1,0.11,0.0,Improvement
P0156,Website,Colgate,Oral Care,revenue_quality_score,Revenue Quality Score,100.0,100.0,0.0,0.0,0.0,No Change
P0168,Amazon,Colgate,Oral Care,revenue_quality_score,Revenue Quality Score,74.2,73.1,-1.1,-1.48,0.0,Deterioration
P0168,Flipkart,Colgate,Oral Care,revenue_quality_score,Revenue Quality Score,88.4,92.9,4.5,5.09,0.1,Improvement
P0168,JioMart,Colgate,Oral Care,revenue_quality_score,Revenue Quality Score,95.1,95.9,0.8,0.84,0.0,Improvement
P0168,Meesho,Colgate,Oral Care,revenue_quality_score,Revenue Quality Score,92.3,88.2,-4.1,-4.44,0.1,Deterioration
P0168,Website,Colgate,Oral Care,revenue_quality_score,Revenue Quality Score,83.3,98.7,15.4,18.49,0.3,Improvement
P0170,Amazon,Colgate,Oral Care,revenue_quality_score,Revenue Quality Score,68.3,65.8,-2.5,-3.66,0.0,Deterioration
P0170,Flipkart,Colgate,Oral Care,revenue_quality_score,Revenue Quality Score,78.5,82.1,3.6,4.59,0.1,Improvement
P0170,JioMart,Colgate,Oral Care,revenue_quality_score,Revenue Quality Score,96.2,97.1,0.9,0.94,0.0,Improvement
P0170,Meesho,Colgate,Oral Care,revenue_quality_score,Revenue Quality Score,65.8,96.3,30.5,46.35,0.6,Improvement
P0170,Website,Colgate,Oral Care,revenue_quality_score,Revenue Quality Score,88.2,96.4,8.2,9.3,0.1,Improvement
P0172,Amazon,Colgate,Oral Care,revenue_quality_score,Revenue Quality Score,74.4,72.8,-1.6,-2.15,0.0,Deterioration
P0172,Flipkart,Colgate,Oral Care,revenue_quality_score,Revenue Quality Score,81.7,83.9,2.2,2.69,0.0,Improvement
P0172,JioMart,Colgate,Oral Care,revenue_quality_score,Revenue Quality Score,95.0,93.9,-1.1,-1.16,0.0,Deterioration
P0172,Meesho,Colgate,Oral Care,revenue_quality_score,Revenue Quality Score,90.2,85.6,-4.6,-5.1,0.1,Deterioration
P0172,Website,Colgate,Oral Care,revenue_quality_score,Revenue Quality Score,100.0,98.5,-1.5,-1.5,0.0,Deterioration
P0175,Amazon,Colgate,Oral Care,revenue_quality_score,Revenue Quality Score,71.3,72.6,1.3,1.82,0.0,Improvement
P0175,Flipkart,Colgate,Oral Care,revenue_quality_score,Revenue Quality Score,75.9,83.4,7.5,9.88,0.1,Improvement
P0175,JioMart,Colgate,Oral Care,revenue_quality_score,Revenue Quality Score,90.2,95.4,5.2,5.76,0.1,Improvement
P0175,Meesho,Colgate,Oral Care,revenue_quality_score,Revenue Quality Score,82.8,95.9,13.1,15.82,0.2,Improvement
P0175,Website,Colgate,Oral Care,revenue_quality_score,Revenue Quality Score,96.5,80.0,-16.5,-17.1,0.3,Deterioration
P0178,Amazon,Colgate,Oral Care,revenue_quality_score,Revenue Quality Score,72.3,71.3,-1.0,-1.38,0.0,Deterioration
P0178,Flipkart,Colgate,Oral Care,revenue_quality_score,Revenue Quality Score,91.5,81.1,-10.4,-11.37,0.2,Deterioration
P0178,JioMart,Colgate,Oral Care,revenue_quality_score,Revenue Quality Score,91.4,82.9,-8.5,-9.3,0.2,Deterioration
P0178,Meesho,Colgate,Oral Care,revenue_quality_score,Revenue Quality Score,92.0,83.4,-8.6,-9.35,0.2,Deterioration
P0178,Website,Colgate,Oral Care,revenue_quality_score,Revenue Quality Score,99.9,100.0,0.1,0.1,0.0,Improvement
P0212,Amazon,Colgate,Oral Care,revenue_quality_score,Revenue Quality Score,66.0,70.9,4.9,7.42,0.1,Improvement
P0212,Flipkart,Colgate,Oral Care,revenue_quality_score,Revenue Quality Score,84.8,88.1,3.3,3.89,0.1,Improvement
P0212,JioMart,Colgate,Oral Care,revenue_quality_score,Revenue Quality Score,94.2,75.2,-19.0,-20.17,0.3,Deterioration
P0212,Meesho,Colgate,Oral Care,revenue_quality_score,Revenue Quality Score,81.5,94.0,12.5,15.34,0.2,Improvement
P0212,Website,Colgate,Oral Care,revenue_quality_score,Revenue Quality Score,83.9,99.8,15.9,18.95,0.3,Improvement
P0218,Amazon,Colgate,Oral Care,revenue_quality_score,Revenue Quality Score,73.0,67.8,-5.2,-7.12,0.1,Deterioration
P0218,Flipkart,Colgate,Oral Care,revenue_quality_score,Revenue Quality Score,73.1,94.8,21.7,29.69,0.4,Improvement
P0218,JioMart,Colgate,Oral Care,revenue_quality_score,Revenue Quality Score,68.8,98.6,29.8,43.31,0.5,Improvement
P0218,Meesho,Colgate,Oral Care,revenue_quality_score,Revenue Quality Score,78.9,93.3,14.4,18.25,0.3,Improvement
P0218,Website,Colgate,Oral Care,revenue_quality_score,Revenue Quality Score,99.4,99.6,0.2,0.2,0.0,Improvement
P0225,Amazon,Colgate,Oral Care,revenue_quality_score,Revenue Quality Score,67.1,70.4,3.3,4.92,0.1,Improvement
P0225,Flipkart,Colgate,Oral Care,revenue_quality_score,Revenue Quality Score,83.0,79.2,-3.8,-4.58,0.1,Deterioration
P0225,JioMart,Colgate,Oral Care,revenue_quality_score,Revenue Quality Score,96.1,94.4,-1.7,-1.77,0.0,Deterioration
P0225,Meesho,Colgate,Oral Care,revenue_quality_score,Revenue Quality Score,94.1,90.4,-3.7,-3.93,0.1,Deterioration
P0225,Website,Colgate,Oral Care,revenue_quality_score,Revenue Quality Score,99.9,76.1,-23.8,-23.82,0.4,Deterioration
P0230,Amazon,Counterpain,Health & Wellness,revenue_quality_score,Revenue Quality Score,77.6,74.5,-3.1,-3.99,0.1,Deterioration
P0230,Flipkart,Counterpain,Health & Wellness,revenue_quality_score,Revenue Quality Score,83.4,87.9,4.5,5.4,0.1,Improvement
P0230,JioMart,Counterpain,Health & Wellness,revenue_quality_score,Revenue Quality Score,87.5,67.5,-20.0,-22.86,0.4,Deterioration
P0230,Meesho,Counterpain,Health & Wellness,revenue_quality_score,Revenue Quality Score,91.6,82.9,-8.7,-9.5,0.2,Deterioration
P0230,Website,Counterpain,Health & Wellness,revenue_quality_score,Revenue Quality Score,98.6,87.3,-11.3,-11.46,0.2,Deterioration
P0233,Amazon,Counterpain,Health & Wellness,revenue_quality_score,Revenue Quality Score,66.4,65.4,-1.0,-1.51,0.0,Deterioration
P0233,Flipkart,Counterpain,Health & Wellness,revenue_quality_score,Revenue Quality Score,83.5,77.5,-6.0,-7.19,0.1,Deterioration
P0233,JioMart,Counterpain,Health & Wellness,revenue_quality_score,Revenue Quality Score,97.6,84.8,-12.8,-13.11,0.2,Deterioration
P0233,Meesho,Counterpain,Health & Wellness,revenue_quality_score,Revenue Quality Score,90.8,91.9,1.1,1.21,0.0,Improvement
P0233,Website,Counterpain,Health & Wellness,revenue_quality_score,Revenue Quality Score,100.0,82.9,-17.1,-17.1,0.3,Deterioration
P0235,Amazon,Counterpain,Health & Wellness,revenue_quality_score,Revenue Quality Score,77.1,78.8,1.7,2.2,0.0,Improvement
P0235,Flipkart,Counterpain,Health & Wellness,revenue_quality_score,Revenue Quality Score,87.1,82.9,-4.2,-4.82,0.1,Deterioration
P0235,JioMart,Counterpain,Health & Wellness,revenue_quality_score,Revenue Quality Score,94.2,87.1,-7.1,-7.54,0.1,Deterioration
P0235,Meesho,Counterpain,Health & Wellness,revenue_quality_score,Revenue Quality Score,79.9,80.6,0.7,0.88,0.0,Improvement
P0235,Website,Counterpain,Health & Wellness,revenue_quality_score,Revenue Quality Score,96.8,97.9,1.1,1.14,0.0,Improvement
P0246,Amazon,Dove,Body Care,revenue_quality_score,Revenue Quality Score,70.5,72.4,1.9,2.7,0.0,Improvement
P0246,Flipkart,Dove,Body Care,revenue_quality_score,Revenue Quality Score,87.4,89.2,1.8,2.06,0.0,Improvement
P0246,JioMart,Dove,Body Care,revenue_quality_score,Revenue Quality Score,97.3,97.1,-0.2,-0.21,0.0,Deterioration
P0246,Meesho,Dove,Body Care,revenue_quality_score,Revenue Quality Score,89.8,81.7,-8.1,-9.02,0.1,Deterioration
P0246,Website,Dove,Body Care,revenue_quality_score,Revenue Quality Score,96.8,98.7,1.9,1.96,0.0,Improvement
P0252,Amazon,Dove,Hair Care,revenue_quality_score,Revenue Quality Score,66.5,79.0,12.5,18.8,0.2,Improvement
P0252,Flipkart,Dove,Hair Care,revenue_quality_score,Revenue Quality Score,76.3,89.3,13.0,17.04,0.2,Improvement
P0252,JioMart,Dove,Hair Care,revenue_quality_score,Revenue Quality Score,94.5,97.0,2.5,2.65,0.0,Improvement
P0252,Meesho,Dove,Hair Care,revenue_quality_score,Revenue Quality Score,84.3,93.7,9.4,11.15,0.2,Improvement
P0252,Website,Dove,Hair Care,revenue_quality_score,Revenue Quality Score,99.8,85.7,-14.1,-14.13,0.3,Deterioration
P0253,Amazon,Dove,Hair Care,revenue_quality_score,Revenue Quality Score,65.2,58.5,-6.7,-10.28,0.1,Deterioration
P0253,Flipkart,Dove,Hair Care,revenue_quality_score,Revenue Quality Score,81.2,83.5,2.3,2.83,0.0,Improvement
P0253,JioMart,Dove,Hair Care,revenue_quality_score,Revenue Quality Score,90.1,94.4,4.3,4.77,0.1,Improvement
P0253,Meesho,Dove,Hair Care,revenue_quality_score,Revenue Quality Score,92.4,96.2,3.8,4.11,0.1,Improvement
P0253,Website,Dove,Hair Care,revenue_quality_score,Revenue Quality Score,100.0,84.8,-15.2,-15.2,0.3,Deterioration
P0257,Amazon,Dove,Hair Care,revenue_quality_score,Revenue Quality Score,69.1,61.6,-7.5,-10.85,0.1,Deterioration
P0257,Flipkart,Dove,Hair Care,revenue_quality_score,Revenue Quality Score,89.0,82.7,-6.3,-7.08,0.1,Deterioration
P0257,JioMart,Dove,Hair Care,revenue_quality_score,Revenue Quality Score,97.2,98.1,0.9,0.93,0.0,Improvement
P0257,Meesho,Dove,Hair Care,revenue_quality_score,Revenue Quality Score,90.7,92.1,1.4,1.54,0.0,Improvement
P0257,Website,Dove,Hair Care,revenue_quality_score,Revenue Quality Score,100.0,89.3,-10.7,-10.7,0.2,Deterioration
P0259,Amazon,Dove,Hair Care,revenue_quality_score,Revenue Quality Score,69.4,63.9,-5.5,-7.93,0.1,Deterioration
P0259,Flipkart,Dove,Hair Care,revenue_quality_score,Revenue Quality Score,81.8,81.3,-0.5,-0.61,0.0,Deterioration
P0259,JioMart,Dove,Hair Care,revenue_quality_score,Revenue Quality Score,95.1,90.8,-4.3,-4.52,0.1,Deterioration
P0259,Meesho,Dove,Hair Care,revenue_quality_score,Revenue Quality Score,92.5,81.8,-10.7,-11.57,0.2,Deterioration
P0259,Website,Dove,Hair Care,revenue_quality_score,Revenue Quality Score,99.6,100.0,0.4,0.4,0.0,Improvement
P0260,Amazon,Dove,Hair Care,revenue_quality_score,Revenue Quality Score,79.9,80.5,0.6,0.75,0.0,Improvement
P0260,Flipkart,Dove,Hair Care,revenue_quality_score,Revenue Quality Score,75.9,90.0,14.1,18.58,0.3,Improvement
P0260,JioMart,Dove,Hair Care,revenue_quality_score,Revenue Quality Score,91.7,75.0,-16.7,-18.21,0.3,Deterioration
P0260,Meesho,Dove,Hair Care,revenue_quality_score,Revenue Quality Score,76.2,92.3,16.1,21.13,0.3,Improvement
P0260,Website,Dove,Hair Care,revenue_quality_score,Revenue Quality Score,95.3,85.9,-9.4,-9.86,0.2,Deterioration
P0261,Amazon,Dove,Hair Care,revenue_quality_score,Revenue Quality Score,76.1,56.6,-19.5,-25.62,0.4,Deterioration
P0261,Flipkart,Dove,Hair Care,revenue_quality_score,Revenue Quality Score,83.4,81.1,-2.3,-2.76,0.0,Deterioration
P0261,JioMart,Dove,Hair Care,revenue_quality_score,Revenue Quality Score,87.3,95.3,8.0,9.16,0.1,Improvement
P0261,Meesho,Dove,Hair Care,revenue_quality_score,Revenue Quality Score,92.0,94.6,2.6,2.83,0.0,Improvement
P0261,Website,Dove,Hair Care,revenue_quality_score,Revenue Quality Score,98.4,96.9,-1.5,-1.52,0.0,Deterioration
P0262,Amazon,Dove,Hair Care,revenue_quality_score,Revenue Quality Score,66.2,66.5,0.3,0.45,0.0,Improvement
P0262,Flipkart,Dove,Hair Care,revenue_quality_score,Revenue Quality Score,86.5,89.1,2.6,3.01,0.0,Improvement
P0262,JioMart,Dove,Hair Care,revenue_quality_score,Revenue Quality Score,90.9,94.0,3.1,3.41,0.1,Improvement
P0262,Meesho,Dove,Hair Care,revenue_quality_score,Revenue Quality Score,85.7,78.3,-7.4,-8.63,0.1,Deterioration
P0262,Website,Dove,Hair Care,revenue_quality_score,Revenue Quality Score,83.3,85.4,2.1,2.52,0.0,Improvement
P0263,Amazon,Dove,Hair Care,revenue_quality_score,Revenue Quality Score,71.0,78.7,7.7,10.85,0.1,Improvement
P0263,Flipkart,Dove,Hair Care,revenue_quality_score,Revenue Quality Score,82.4,87.3,4.9,5.95,0.1,Improvement
P0263,JioMart,Dove,Hair Care,revenue_quality_score,Revenue Quality Score,76.1,92.6,16.5,21.68,0.3,Improvement
P0263,Meesho,Dove,Hair Care,revenue_quality_score,Revenue Quality Score,93.3,90.0,-3.3,-3.54,0.1,Deterioration
P0263,Website,Dove,Hair Care,revenue_quality_score,Revenue Quality Score,100.0,98.8,-1.2,-1.2,0.0,Deterioration
P0264,Amazon,Dove,Body Care,revenue_quality_score,Revenue Quality Score,77.0,74.4,-2.6,-3.38,0.0,Deterioration
P0264,Flipkart,Dove,Body Care,revenue_quality_score,Revenue Quality Score,92.0,75.5,-16.5,-17.93,0.3,Deterioration
P0264,JioMart,Dove,Body Care,revenue_quality_score,Revenue Quality Score,94.5,93.1,-1.4,-1.48,0.0,Deterioration
P0264,Meesho,Dove,Body Care,revenue_quality_score,Revenue Quality Score,95.0,92.1,-2.9,-3.05,0.1,Deterioration
P0264,Website,Dove,Body Care,revenue_quality_score,Revenue Quality Score,85.8,99.4,13.6,15.85,0.2,Improvement
P0270,Amazon,Dove,Hair Care,revenue_quality_score,Revenue Quality Score,70.2,68.1,-2.1,-2.99,0.0,Deterioration
P0270,Flipkart,Dove,Hair Care,revenue_quality_score,Revenue Quality Score,81.6,86.1,4.5,5.51,0.1,Improvement
P0270,JioMart,Dove,Hair Care,revenue_quality_score,Revenue Quality Score,80.6,72.4,-8.2,-10.17,0.1,Deterioration
P0270,Meesho,Dove,Hair Care,revenue_quality_score,Revenue Quality Score,86.5,82.2,-4.3,-4.97,0.1,Deterioration
P0270,Website,Dove,Hair Care,revenue_quality_score,Revenue Quality Score,98.1,88.8,-9.3,-9.48,0.2,Deterioration
P0271,Amazon,Dove,Hair Care,revenue_quality_score,Revenue Quality Score,63.0,68.3,5.3,8.41,0.1,Improvement
P0271,Flipkart,Dove,Hair Care,revenue_quality_score,Revenue Quality Score,77.6,90.5,12.9,16.62,0.2,Improvement
P0271,JioMart,Dove,Hair Care,revenue_quality_score,Revenue Quality Score,96.1,95.2,-0.9,-0.94,0.0,Deterioration
P0271,Meesho,Dove,Hair Care,revenue_quality_score,Revenue Quality Score,92.8,93.5,0.7,0.75,0.0,Improvement
P0271,Website,Dove,Hair Care,revenue_quality_score,Revenue Quality Score,100.0,96.7,-3.3,-3.3,0.1,Deterioration
P0278,Amazon,Dove,Hair Care,revenue_quality_score,Revenue Quality Score,58.2,58.7,0.5,0.86,0.0,Improvement
P0278,Flipkart,Dove,Hair Care,revenue_quality_score,Revenue Quality Score,90.4,84.5,-5.9,-6.53,0.1,Deterioration
P0278,JioMart,Dove,Hair Care,revenue_quality_score,Revenue Quality Score,94.0,79.8,-14.2,-15.11,0.3,Deterioration
P0278,Meesho,Dove,Hair Care,revenue_quality_score,Revenue Quality Score,84.6,92.7,8.1,9.57,0.1,Improvement
P0278,Website,Dove,Hair Care,revenue_quality_score,Revenue Quality Score,84.1,95.2,11.1,13.2,0.2,Improvement
P0279,Amazon,Dove,Body Care,revenue_quality_score,Revenue Quality Score,79.5,75.8,-3.7,-4.65,0.1,Deterioration
P0279,Flipkart,Dove,Body Care,revenue_quality_score,Revenue Quality Score,90.7,76.0,-14.7,-16.21,0.3,Deterioration
P0279,JioMart,Dove,Body Care,revenue_quality_score,Revenue Quality Score,92.4,88.5,-3.9,-4.22,0.1,Deterioration
P0279,Meesho,Dove,Body Care,revenue_quality_score,Revenue Quality Score,86.6,89.0,2.4,2.77,0.0,Improvement
P0279,Website,Dove,Body Care,revenue_quality_score,Revenue Quality Score,99.3,100.0,0.7,0.7,0.0,Improvement
P0308,Amazon,Dove,Hair Care,revenue_quality_score,Revenue Quality Score,68.5,65.2,-3.3,-4.82,0.1,Deterioration
P0308,Flipkart,Dove,Hair Care,revenue_quality_score,Revenue Quality Score,90.6,85.1,-5.5,-6.07,0.1,Deterioration
P0308,JioMart,Dove,Hair Care,revenue_quality_score,Revenue Quality Score,92.8,91.4,-1.4,-1.51,0.0,Deterioration
P0308,Meesho,Dove,Hair Care,revenue_quality_score,Revenue Quality Score,91.0,77.4,-13.6,-14.95,0.2,Deterioration
P0308,Website,Dove,Hair Care,revenue_quality_score,Revenue Quality Score,99.0,97.6,-1.4,-1.41,0.0,Deterioration
P0342,Amazon,Fino,Hair Care,revenue_quality_score,Revenue Quality Score,72.0,76.0,4.0,5.56,0.1,Improvement
P0342,Flipkart,Fino,Hair Care,revenue_quality_score,Revenue Quality Score,74.6,73.8,-0.8,-1.07,0.0,Deterioration
P0342,JioMart,Fino,Hair Care,revenue_quality_score,Revenue Quality Score,91.1,95.1,4.0,4.39,0.1,Improvement
P0342,Meesho,Fino,Hair Care,revenue_quality_score,Revenue Quality Score,84.2,78.4,-5.8,-6.89,0.1,Deterioration
P0342,Website,Fino,Hair Care,revenue_quality_score,Revenue Quality Score,88.9,98.0,9.1,10.24,0.2,Improvement
P0343,Amazon,Fino,Hair Care,revenue_quality_score,Revenue Quality Score,76.3,77.9,1.6,2.1,0.0,Improvement
P0343,Flipkart,Fino,Hair Care,revenue_quality_score,Revenue Quality Score,77.9,74.8,-3.1,-3.98,0.1,Deterioration
P0343,JioMart,Fino,Hair Care,revenue_quality_score,Revenue Quality Score,79.4,83.3,3.9,4.91,0.1,Improvement
P0343,Meesho,Fino,Hair Care,revenue_quality_score,Revenue Quality Score,94.4,90.6,-3.8,-4.03,0.1,Deterioration
P0343,Website,Fino,Hair Care,revenue_quality_score,Revenue Quality Score,72.0,89.2,17.2,23.89,0.3,Improvement
P0427,Amazon,Kaowmanee,Skin Care,revenue_quality_score,Revenue Quality Score,56.0,60.1,4.1,7.32,0.1,Improvement
P0427,Flipkart,Kaowmanee,Skin Care,revenue_quality_score,Revenue Quality Score,83.2,93.8,10.6,12.74,0.2,Improvement
P0427,JioMart,Kaowmanee,Skin Care,revenue_quality_score,Revenue Quality Score,85.3,95.1,9.8,11.49,0.2,Improvement
P0427,Meesho,Kaowmanee,Skin Care,revenue_quality_score,Revenue Quality Score,92.4,96.2,3.8,4.11,0.1,Improvement
P0427,Website,Kaowmanee,Skin Care,revenue_quality_score,Revenue Quality Score,77.3,83.3,6.0,7.76,0.1,Improvement
P0437,Amazon,L'Oreal Paris,Skin Care,revenue_quality_score,Revenue Quality Score,71.7,73.1,1.4,1.95,0.0,Improvement
P0437,Flipkart,L'Oreal Paris,Skin Care,revenue_quality_score,Revenue Quality Score,79.2,84.4,5.2,6.57,0.1,Improvement
P0437,JioMart,L'Oreal Paris,Skin Care,revenue_quality_score,Revenue Quality Score,90.1,75.1,-15.0,-16.65,0.3,Deterioration
P0437,Meesho,L'Oreal Paris,Skin Care,revenue_quality_score,Revenue Quality Score,78.3,82.9,4.6,5.87,0.1,Improvement
P0437,Website,L'Oreal Paris,Skin Care,revenue_quality_score,Revenue Quality Score,100.0,99.8,-0.2,-0.2,0.0,Deterioration
P0475,Amazon,Listerine,Oral Care,revenue_quality_score,Revenue Quality Score,63.2,68.0,4.8,7.59,0.1,Improvement
P0475,Flipkart,Listerine,Oral Care,revenue_quality_score,Revenue Quality Score,88.3,82.9,-5.4,-6.12,0.1,Deterioration
P0475,JioMart,Listerine,Oral Care,revenue_quality_score,Revenue Quality Score,95.6,96.5,0.9,0.94,0.0,Improvement
P0475,Meesho,Listerine,Oral Care,revenue_quality_score,Revenue Quality Score,87.2,95.1,7.9,9.06,0.1,Improvement
P0475,Website,Listerine,Oral Care,revenue_quality_score,Revenue Quality Score,83.3,97.0,13.7,16.45,0.3,Improvement
P0476,Amazon,Listerine,Oral Care,revenue_quality_score,Revenue Quality Score,61.7,64.9,3.2,5.19,0.1,Improvement
P0476,Flipkart,Listerine,Oral Care,revenue_quality_score,Revenue Quality Score,84.4,87.8,3.4,4.03,0.1,Improvement
P0476,JioMart,Listerine,Oral Care,revenue_quality_score,Revenue Quality Score,94.6,98.3,3.7,3.91,0.1,Improvement
P0476,Meesho,Listerine,Oral Care,revenue_quality_score,Revenue Quality Score,92.6,91.8,-0.8,-0.86,0.0,Deterioration
P0476,Website,Listerine,Oral Care,revenue_quality_score,Revenue Quality Score,85.8,81.2,-4.6,-5.36,0.1,Deterioration
P0488,Amazon,Listerine,Oral Care,revenue_quality_score,Revenue Quality Score,73.5,73.5,0.0,0.0,0.0,No Change
P0488,Flipkart,Listerine,Oral Care,revenue_quality_score,Revenue Quality Score,88.1,88.6,0.5,0.57,0.0,Improvement
P0488,JioMart,Listerine,Oral Care,revenue_quality_score,Revenue Quality Score,95.6,93.9,-1.7,-1.78,0.0,Deterioration
P0488,Meesho,Listerine,Oral Care,revenue_quality_score,Revenue Quality Score,90.4,80.0,-10.4,-11.5,0.2,Deterioration
P0488,Website,Listerine,Oral Care,revenue_quality_score,Revenue Quality Score,90.4,88.4,-2.0,-2.21,0.0,Deterioration
P0528,Amazon,NEXCARE,Skin Care,revenue_quality_score,Revenue Quality Score,74.1,70.2,-3.9,-5.26,0.1,Deterioration
P0528,Flipkart,NEXCARE,Skin Care,revenue_quality_score,Revenue Quality Score,90.6,89.2,-1.4,-1.55,0.0,Deterioration
P0528,JioMart,NEXCARE,Skin Care,revenue_quality_score,Revenue Quality Score,85.1,91.2,6.1,7.17,0.1,Improvement
P0528,Meesho,NEXCARE,Skin Care,revenue_quality_score,Revenue Quality Score,81.4,84.1,2.7,3.32,0.0,Improvement
P0528,Website,NEXCARE,Skin Care,revenue_quality_score,Revenue Quality Score,84.7,83.2,-1.5,-1.77,0.0,Deterioration
P0529,Amazon,NEXCARE,Skin Care,revenue_quality_score,Revenue Quality Score,78.0,76.5,-1.5,-1.92,0.0,Deterioration
P0529,Flipkart,NEXCARE,Skin Care,revenue_quality_score,Revenue Quality Score,86.0,79.5,-6.5,-7.56,0.1,Deterioration
P0529,JioMart,NEXCARE,Skin Care,revenue_quality_score,Revenue Quality Score,95.6,92.9,-2.7,-2.82,0.0,Deterioration
P0529,Meesho,NEXCARE,Skin Care,revenue_quality_score,Revenue Quality Score,90.8,89.2,-1.6,-1.76,0.0,Deterioration
P0529,Website,NEXCARE,Skin Care,revenue_quality_score,Revenue Quality Score,75.0,83.3,8.3,11.07,0.2,Improvement
P0531,Amazon,NEXCARE,Skin Care,revenue_quality_score,Revenue Quality Score,67.5,66.9,-0.6,-0.89,0.0,Deterioration
P0531,Flipkart,NEXCARE,Skin Care,revenue_quality_score,Revenue Quality Score,86.4,80.6,-5.8,-6.71,0.1,Deterioration
P0531,JioMart,NEXCARE,Skin Care,revenue_quality_score,Revenue Quality Score,97.3,73.5,-23.8,-24.46,0.4,Deterioration
P0531,Meesho,NEXCARE,Skin Care,revenue_quality_score,Revenue Quality Score,82.8,74.7,-8.1,-9.78,0.1,Deterioration
P0531,Website,NEXCARE,Skin Care,revenue_quality_score,Revenue Quality Score,72.2,97.2,25.0,34.63,0.5,Improvement
P0534,Amazon,Nexcare,Skin Care,revenue_quality_score,Revenue Quality Score,74.5,69.1,-5.4,-7.25,0.1,Deterioration
P0534,Flipkart,Nexcare,Skin Care,revenue_quality_score,Revenue Quality Score,80.7,77.2,-3.5,-4.34,0.1,Deterioration
P0534,JioMart,Nexcare,Skin Care,revenue_quality_score,Revenue Quality Score,95.2,56.7,-38.5,-40.44,0.7,Deterioration
P0534,Meesho,Nexcare,Skin Care,revenue_quality_score,Revenue Quality Score,90.5,84.5,-6.0,-6.63,0.1,Deterioration
P0534,Website,Nexcare,Skin Care,revenue_quality_score,Revenue Quality Score,80.0,96.2,16.2,20.25,0.3,Improvement
P0536,Amazon,NOVOLIFE,Health & Wellness,revenue_quality_score,Revenue Quality Score,53.8,56.6,2.8,5.2,0.1,Improvement
P0536,Flipkart,NOVOLIFE,Health & Wellness,revenue_quality_score,Revenue Quality Score,85.4,85.5,0.1,0.12,0.0,Improvement
P0536,JioMart,NOVOLIFE,Health & Wellness,revenue_quality_score,Revenue Quality Score,83.2,96.9,13.7,16.47,0.3,Improvement
P0536,Meesho,NOVOLIFE,Health & Wellness,revenue_quality_score,Revenue Quality Score,93.2,80.8,-12.4,-13.3,0.2,Deterioration
P0536,Website,NOVOLIFE,Health & Wellness,revenue_quality_score,Revenue Quality Score,90.9,97.6,6.7,7.37,0.1,Improvement
P0543,Amazon,Ora2,Oral Care,revenue_quality_score,Revenue Quality Score,75.9,76.2,0.3,0.4,0.0,Improvement
P0543,Flipkart,Ora2,Oral Care,revenue_quality_score,Revenue Quality Score,91.4,76.4,-15.0,-16.41,0.3,Deterioration
P0543,JioMart,Ora2,Oral Care,revenue_quality_score,Revenue Quality Score,95.0,79.8,-15.2,-16.0,0.3,Deterioration
P0543,Meesho,Ora2,Oral Care,revenue_quality_score,Revenue Quality Score,94.0,94.2,0.2,0.21,0.0,Improvement
P0543,Website,Ora2,Oral Care,revenue_quality_score,Revenue Quality Score,86.3,99.0,12.7,14.72,0.2,Improvement
P0546,Amazon,Ora2,Oral Care,revenue_quality_score,Revenue Quality Score,76.3,74.8,-1.5,-1.97,0.0,Deterioration
P0546,Flipkart,Ora2,Oral Care,revenue_quality_score,Revenue Quality Score,82.4,89.2,6.8,8.25,0.1,Improvement
P0546,JioMart,Ora2,Oral Care,revenue_quality_score,Revenue Quality Score,95.3,88.6,-6.7,-7.03,0.1,Deterioration
P0546,Meesho,Ora2,Oral Care,revenue_quality_score,Revenue Quality Score,89.5,79.5,-10.0,-11.17,0.2,Deterioration
P0546,Website,Ora2,Oral Care,revenue_quality_score,Revenue Quality Score,97.3,87.2,-10.1,-10.38,0.2,Deterioration
P0547,Amazon,Oral-B,Oral Care,revenue_quality_score,Revenue Quality Score,73.7,79.7,6.0,8.14,0.1,Improvement
P0547,Flipkart,Oral-B,Oral Care,revenue_quality_score,Revenue Quality Score,81.4,79.8,-1.6,-1.97,0.0,Deterioration
P0547,JioMart,Oral-B,Oral Care,revenue_quality_score,Revenue Quality Score,96.2,81.6,-14.6,-15.18,0.3,Deterioration
P0547,Meesho,Oral-B,Oral Care,revenue_quality_score,Revenue Quality Score,77.4,92.6,15.2,19.64,0.3,Improvement
P0547,Website,Oral-B,Oral Care,revenue_quality_score,Revenue Quality Score,76.3,97.8,21.5,28.18,0.4,Improvement
P0548,Amazon,Oral-B,Oral Care,revenue_quality_score,Revenue Quality Score,74.5,79.4,4.9,6.58,0.1,Improvement
P0548,Flipkart,Oral-B,Oral Care,revenue_quality_score,Revenue Quality Score,88.2,90.1,1.9,2.15,0.0,Improvement
P0548,JioMart,Oral-B,Oral Care,revenue_quality_score,Revenue Quality Score,91.6,83.3,-8.3,-9.06,0.2,Deterioration
P0548,Meesho,Oral-B,Oral Care,revenue_quality_score,Revenue Quality Score,93.4,80.5,-12.9,-13.81,0.2,Deterioration
P0548,Website,Oral-B,Oral Care,revenue_quality_score,Revenue Quality Score,100.0,99.9,-0.1,-0.1,0.0,Deterioration
P0553,Amazon,Oral-B,Oral Care,revenue_quality_score,Revenue Quality Score,72.0,83.3,11.3,15.69,0.2,Improvement
P0553,Flipkart,Oral-B,Oral Care,revenue_quality_score,Revenue Quality Score,82.6,91.1,8.5,10.29,0.2,Improvement
P0553,JioMart,Oral-B,Oral Care,revenue_quality_score,Revenue Quality Score,83.9,95.4,11.5,13.71,0.2,Improvement
P0553,Meesho,Oral-B,Oral Care,revenue_quality_score,Revenue Quality Score,92.9,81.8,-11.1,-11.95,0.2,Deterioration
P0553,Website,Oral-B,Oral Care,revenue_quality_score,Revenue Quality Score,98.9,80.0,-18.9,-19.11,0.3,Deterioration
P0554,Amazon,Oral-B,Oral Care,revenue_quality_score,Revenue Quality Score,69.5,72.9,3.4,4.89,0.1,Improvement
P0554,Flipkart,Oral-B,Oral Care,revenue_quality_score,Revenue Quality Score,81.4,79.0,-2.4,-2.95,0.0,Deterioration
P0554,JioMart,Oral-B,Oral Care,revenue_quality_score,Revenue Quality Score,98.5,95.1,-3.4,-3.45,0.1,Deterioration
P0554,Meesho,Oral-B,Oral Care,revenue_quality_score,Revenue Quality Score,86.0,72.7,-13.3,-15.47,0.2,Deterioration
P0554,Website,Oral-B,Oral Care,revenue_quality_score,Revenue Quality Score,98.4,66.7,-31.7,-32.22,0.6,Deterioration
P0555,Amazon,Oral-B,Oral Care,revenue_quality_score,Revenue Quality Score,68.1,62.8,-5.3,-7.78,0.1,Deterioration
P0555,Flipkart,Oral-B,Oral Care,revenue_quality_score,Revenue Quality Score,84.1,83.8,-0.3,-0.36,0.0,Deterioration
P0555,JioMart,Oral-B,Oral Care,revenue_quality_score,Revenue Quality Score,82.4,96.2,13.8,16.75,0.3,Improvement
P0555,Meesho,Oral-B,Oral Care,revenue_quality_score,Revenue Quality Score,97.7,94.3,-3.4,-3.48,0.1,Deterioration
P0555,Website,Oral-B,Oral Care,revenue_quality_score,Revenue Quality Score,100.0,100.0,0.0,0.0,0.0,No Change
P0557,Amazon,Oral-B,Oral Care,revenue_quality_score,Revenue Quality Score,64.7,73.5,8.8,13.6,0.2,Improvement
P0557,Flipkart,Oral-B,Oral Care,revenue_quality_score,Revenue Quality Score,86.9,75.3,-11.6,-13.35,0.2,Deterioration
P0557,JioMart,Oral-B,Oral Care,revenue_quality_score,Revenue Quality Score,94.9,81.6,-13.3,-14.01,0.2,Deterioration
P0557,Meesho,Oral-B,Oral Care,revenue_quality_score,Revenue Quality Score,91.3,70.8,-20.5,-22.45,0.4,Deterioration
P0557,Website,Oral-B,Oral Care,revenue_quality_score,Revenue Quality Score,84.4,98.0,13.6,16.11,0.2,Improvement
P0562,Amazon,Oral-B,Oral Care,revenue_quality_score,Revenue Quality Score,76.6,74.9,-1.7,-2.22,0.0,Deterioration
P0562,Flipkart,Oral-B,Oral Care,revenue_quality_score,Revenue Quality Score,89.3,88.0,-1.3,-1.46,0.0,Deterioration
P0562,JioMart,Oral-B,Oral Care,revenue_quality_score,Revenue Quality Score,67.0,95.8,28.8,42.99,0.5,Improvement
P0562,Meesho,Oral-B,Oral Care,revenue_quality_score,Revenue Quality Score,93.2,81.6,-11.6,-12.45,0.2,Deterioration
P0562,Website,Oral-B,Oral Care,revenue_quality_score,Revenue Quality Score,100.0,82.8,-17.2,-17.2,0.3,Deterioration
P0563,Amazon,Oral-B,Oral Care,revenue_quality_score,Revenue Quality Score,70.3,70.5,0.2,0.28,0.0,Improvement
P0563,Flipkart,Oral-B,Oral Care,revenue_quality_score,Revenue Quality Score,85.1,78.6,-6.5,-7.64,0.1,Deterioration
P0563,JioMart,Oral-B,Oral Care,revenue_quality_score,Revenue Quality Score,93.9,95.9,2.0,2.13,0.0,Improvement
P0563,Meesho,Oral-B,Oral Care,revenue_quality_score,Revenue Quality Score,92.3,59.3,-33.0,-35.75,0.6,Deterioration
P0563,Website,Oral-B,Oral Care,revenue_quality_score,Revenue Quality Score,73.9,98.2,24.3,32.88,0.4,Improvement
P0565,Amazon,Pair,Skin Care,revenue_quality_score,Revenue Quality Score,78.4,73.7,-4.7,-5.99,0.1,Deterioration
P0565,Flipkart,Pair,Skin Care,revenue_quality_score,Revenue Quality Score,82.9,83.7,0.8,0.97,0.0,Improvement
P0565,JioMart,Pair,Skin Care,revenue_quality_score,Revenue Quality Score,91.6,95.3,3.7,4.04,0.1,Improvement
P0565,Meesho,Pair,Skin Care,revenue_quality_score,Revenue Quality Score,84.2,80.4,-3.8,-4.51,0.1,Deterioration
P0565,Website,Pair,Skin Care,revenue_quality_score,Revenue Quality Score,99.6,100.0,0.4,0.4,0.0,Improvement
P0566,Amazon,Pantene,Hair Care,revenue_quality_score,Revenue Quality Score,73.0,68.6,-4.4,-6.03,0.1,Deterioration
P0566,Flipkart,Pantene,Hair Care,revenue_quality_score,Revenue Quality Score,85.2,84.7,-0.5,-0.59,0.0,Deterioration
P0566,JioMart,Pantene,Hair Care,revenue_quality_score,Revenue Quality Score,95.7,95.0,-0.7,-0.73,0.0,Deterioration
P0566,Meesho,Pantene,Hair Care,revenue_quality_score,Revenue Quality Score,85.2,89.0,3.8,4.46,0.1,Improvement
P0566,Website,Pantene,Hair Care,revenue_quality_score,Revenue Quality Score,99.5,98.8,-0.7,-0.7,0.0,Deterioration
P0573,Amazon,Pantene,Hair Care,revenue_quality_score,Revenue Quality Score,69.6,79.4,9.8,14.08,0.2,Improvement
P0573,Flipkart,Pantene,Hair Care,revenue_quality_score,Revenue Quality Score,89.1,88.9,-0.2,-0.22,0.0,Deterioration
P0573,JioMart,Pantene,Hair Care,revenue_quality_score,Revenue Quality Score,92.5,89.9,-2.6,-2.81,0.0,Deterioration
P0573,Meesho,Pantene,Hair Care,revenue_quality_score,Revenue Quality Score,88.8,90.0,1.2,1.35,0.0,Improvement
P0573,Website,Pantene,Hair Care,revenue_quality_score,Revenue Quality Score,96.9,98.9,2.0,2.06,0.0,Improvement
P0581,Amazon,Pantene,Hair Care,revenue_quality_score,Revenue Quality Score,70.5,75.0,4.5,6.38,0.1,Improvement
P0581,Flipkart,Pantene,Hair Care,revenue_quality_score,Revenue Quality Score,79.0,93.3,14.3,18.1,0.3,Improvement
P0581,JioMart,Pantene,Hair Care,revenue_quality_score,Revenue Quality Score,95.8,92.4,-3.4,-3.55,0.1,Deterioration
P0581,Meesho,Pantene,Hair Care,revenue_quality_score,Revenue Quality Score,82.8,90.5,7.7,9.3,0.1,Improvement
P0581,Website,Pantene,Hair Care,revenue_quality_score,Revenue Quality Score,72.2,77.8,5.6,7.76,0.1,Improvement
P0586,Amazon,Pantene,Hair Care,revenue_quality_score,Revenue Quality Score,73.1,67.5,-5.6,-7.66,0.1,Deterioration
P0586,Flipkart,Pantene,Hair Care,revenue_quality_score,Revenue Quality Score,79.1,84.1,5.0,6.32,0.1,Improvement
P0586,JioMart,Pantene,Hair Care,revenue_quality_score,Revenue Quality Score,78.6,95.4,16.8,21.37,0.3,Improvement
P0586,Meesho,Pantene,Hair Care,revenue_quality_score,Revenue Quality Score,94.1,95.8,1.7,1.81,0.0,Improvement
P0586,Website,Pantene,Hair Care,revenue_quality_score,Revenue Quality Score,99.2,98.8,-0.4,-0.4,0.0,Deterioration
P0590,Amazon,Pantene,Hair Care,revenue_quality_score,Revenue Quality Score,79.1,70.8,-8.3,-10.49,0.2,Deterioration
P0590,Flipkart,Pantene,Hair Care,revenue_quality_score,Revenue Quality Score,78.6,82.9,4.3,5.47,0.1,Improvement
P0590,JioMart,Pantene,Hair Care,revenue_quality_score,Revenue Quality Score,81.4,97.1,15.7,19.29,0.3,Improvement
P0590,Meesho,Pantene,Hair Care,revenue_quality_score,Revenue Quality Score,94.0,88.0,-6.0,-6.38,0.1,Deterioration
P0590,Website,Pantene,Hair Care,revenue_quality_score,Revenue Quality Score,78.9,98.4,19.5,24.71,0.4,Improvement
P0594,Amazon,Pantene,Hair Care,revenue_quality_score,Revenue Quality Score,70.2,72.5,2.3,3.28,0.0,Improvement
P0594,Flipkart,Pantene,Hair Care,revenue_quality_score,Revenue Quality Score,90.7,93.0,2.3,2.54,0.0,Improvement
P0594,JioMart,Pantene,Hair Care,revenue_quality_score,Revenue Quality Score,98.4,74.2,-24.2,-24.59,0.4,Deterioration
P0594,Meesho,Pantene,Hair Care,revenue_quality_score,Revenue Quality Score,86.1,93.3,7.2,8.36,0.1,Improvement
P0594,Website,Pantene,Hair Care,revenue_quality_score,Revenue Quality Score,92.8,97.4,4.6,4.96,0.1,Improvement
P0595,Amazon,Pantene,Hair Care,revenue_quality_score,Revenue Quality Score,71.0,63.5,-7.5,-10.56,0.1,Deterioration
P0595,Flipkart,Pantene,Hair Care,revenue_quality_score,Revenue Quality Score,88.3,70.2,-18.1,-20.5,0.3,Deterioration
P0595,JioMart,Pantene,Hair Care,revenue_quality_score,Revenue Quality Score,78.9,96.6,17.7,22.43,0.3,Improvement
P0595,Meesho,Pantene,Hair Care,revenue_quality_score,Revenue Quality Score,85.4,75.0,-10.4,-12.18,0.2,Deterioration
P0595,Website,Pantene,Hair Care,revenue_quality_score,Revenue Quality Score,82.4,99.5,17.1,20.75,0.3,Improvement
P0598,Amazon,Pantene,Hair Care,revenue_quality_score,Revenue Quality Score,62.7,67.8,5.1,8.13,0.1,Improvement
P0598,Flipkart,Pantene,Hair Care,revenue_quality_score,Revenue Quality Score,70.7,88.7,18.0,25.46,0.3,Improvement
P0598,JioMart,Pantene,Hair Care,revenue_quality_score,Revenue Quality Score,96.3,92.0,-4.3,-4.47,0.1,Deterioration
P0598,Meesho,Pantene,Hair Care,revenue_quality_score,Revenue Quality Score,94.8,88.5,-6.3,-6.65,0.1,Deterioration
P0598,Website,Pantene,Hair Care,revenue_quality_score,Revenue Quality Score,97.5,97.7,0.2,0.21,0.0,Improvement
P0602,Amazon,Pantene,Hair Care,revenue_quality_score,Revenue Quality Score,73.1,77.0,3.9,5.34,0.1,Improvement
P0602,Flipkart,Pantene,Hair Care,revenue_quality_score,Revenue Quality Score,87.4,81.5,-5.9,-6.75,0.1,Deterioration
P0602,JioMart,Pantene,Hair Care,revenue_quality_score,Revenue Quality Score,93.3,95.2,1.9,2.04,0.0,Improvement
P0602,Meesho,Pantene,Hair Care,revenue_quality_score,Revenue Quality Score,88.6,90.4,1.8,2.03,0.0,Improvement
P0602,Website,Pantene,Hair Care,revenue_quality_score,Revenue Quality Score,99.6,98.3,-1.3,-1.31,0.0,Deterioration
P0604,Amazon,Pantene,Hair Care,revenue_quality_score,Revenue Quality Score,77.5,69.9,-7.6,-9.81,0.1,Deterioration
P0604,Flipkart,Pantene,Hair Care,revenue_quality_score,Revenue Quality Score,91.1,86.3,-4.8,-5.27,0.1,Deterioration
P0604,JioMart,Pantene,Hair Care,revenue_quality_score,Revenue Quality Score,96.3,93.6,-2.7,-2.8,0.0,Deterioration
P0604,Meesho,Pantene,Hair Care,revenue_quality_score,Revenue Quality Score,83.6,85.7,2.1,2.51,0.0,Improvement
P0604,Website,Pantene,Hair Care,revenue_quality_score,Revenue Quality Score,89.0,100.0,11.0,12.36,0.2,Improvement
P0605,Amazon,Pantene,Hair Care,revenue_quality_score,Revenue Quality Score,78.3,71.9,-6.4,-8.17,0.1,Deterioration
P0605,Flipkart,Pantene,Hair Care,revenue_quality_score,Revenue Quality Score,73.9,82.1,8.2,11.1,0.1,Improvement
P0605,JioMart,Pantene,Hair Care,revenue_quality_score,Revenue Quality Score,95.2,94.1,-1.1,-1.16,0.0,Deterioration
P0605,Meesho,Pantene,Hair Care,revenue_quality_score,Revenue Quality Score,96.7,91.2,-5.5,-5.69,0.1,Deterioration
P0605,Website,Pantene,Hair Care,revenue_quality_score,Revenue Quality Score,98.4,95.5,-2.9,-2.95,0.1,Deterioration
P0609,Amazon,Pantene,Hair Care,revenue_quality_score,Revenue Quality Score,77.9,78.7,0.8,1.03,0.0,Improvement
P0609,Flipkart,Pantene,Hair Care,revenue_quality_score,Revenue Quality Score,87.8,80.6,-7.2,-8.2,0.1,Deterioration
P0609,JioMart,Pantene,Hair Care,revenue_quality_score,Revenue Quality Score,91.1,96.7,5.6,6.15,0.1,Improvement
P0609,Meesho,Pantene,Hair Care,revenue_quality_score,Revenue Quality Score,92.7,84.7,-8.0,-8.63,0.1,Deterioration
P0609,Website,Pantene,Hair Care,revenue_quality_score,Revenue Quality Score,96.5,78.3,-18.2,-18.86,0.3,Deterioration
P0610,Amazon,Pantene,Hair Care,revenue_quality_score,Revenue Quality Score,75.7,72.7,-3.0,-3.96,0.1,Deterioration
P0610,Flipkart,Pantene,Hair Care,revenue_quality_score,Revenue Quality Score,85.1,83.2,-1.9,-2.23,0.0,Deterioration
P0610,JioMart,Pantene,Hair Care,revenue_quality_score,Revenue Quality Score,78.5,93.3,14.8,18.85,0.3,Improvement
P0610,Meesho,Pantene,Hair Care,revenue_quality_score,Revenue Quality Score,81.0,91.6,10.6,13.09,0.2,Improvement
P0610,Website,Pantene,Hair Care,revenue_quality_score,Revenue Quality Score,100.0,97.7,-2.3,-2.3,0.0,Deterioration
P0617,Amazon,Pantene,Hair Care,revenue_quality_score,Revenue Quality Score,68.1,75.2,7.1,10.43,0.1,Improvement
P0617,Flipkart,Pantene,Hair Care,revenue_quality_score,Revenue Quality Score,80.3,83.9,3.6,4.48,0.1,Improvement
P0617,JioMart,Pantene,Hair Care,revenue_quality_score,Revenue Quality Score,71.1,91.8,20.7,29.11,0.4,Improvement
P0617,Meesho,Pantene,Hair Care,revenue_quality_score,Revenue Quality Score,87.3,89.0,1.7,1.95,0.0,Improvement
P0617,Website,Pantene,Hair Care,revenue_quality_score,Revenue Quality Score,98.4,87.5,-10.9,-11.08,0.2,Deterioration
P0679,Amazon,Poy Sian,Health & Wellness,revenue_quality_score,Revenue Quality Score,60.6,65.0,4.4,7.26,0.1,Improvement
P0679,Flipkart,Poy Sian,Health & Wellness,revenue_quality_score,Revenue Quality Score,90.0,88.7,-1.3,-1.44,0.0,Deterioration
P0679,JioMart,Poy Sian,Health & Wellness,revenue_quality_score,Revenue Quality Score,94.4,93.2,-1.2,-1.27,0.0,Deterioration
P0679,Meesho,Poy Sian,Health & Wellness,revenue_quality_score,Revenue Quality Score,92.9,92.6,-0.3,-0.32,0.0,Deterioration
P0679,Website,Poy Sian,Health & Wellness,revenue_quality_score,Revenue Quality Score,98.4,79.6,-18.8,-19.11,0.3,Deterioration
P0690,Amazon,Protex,Body Care,revenue_quality_score,Revenue Quality Score,65.8,59.4,-6.4,-9.73,0.1,Deterioration
P0690,Flipkart,Protex,Body Care,revenue_quality_score,Revenue Quality Score,93.5,81.6,-11.9,-12.73,0.2,Deterioration
P0690,JioMart,Protex,Body Care,revenue_quality_score,Revenue Quality Score,92.7,97.1,4.4,4.75,0.1,Improvement
P0690,Meesho,Protex,Body Care,revenue_quality_score,Revenue Quality Score,96.7,84.8,-11.9,-12.31,0.2,Deterioration
P0690,Website,Protex,Body Care,revenue_quality_score,Revenue Quality Score,99.0,71.4,-27.6,-27.88,0.5,Deterioration
P0705,Amazon,Protex,Body Care,revenue_quality_score,Revenue Quality Score,63.6,68.3,4.7,7.39,0.1,Improvement
P0705,Flipkart,Protex,Body Care,revenue_quality_score,Revenue Quality Score,85.0,92.1,7.1,8.35,0.1,Improvement
P0705,JioMart,Protex,Body Care,revenue_quality_score,Revenue Quality Score,97.9,95.8,-2.1,-2.15,0.0,Deterioration
P0705,Meesho,Protex,Body Care,revenue_quality_score,Revenue Quality Score,90.0,82.6,-7.4,-8.22,0.1,Deterioration
P0705,Website,Protex,Body Care,revenue_quality_score,Revenue Quality Score,98.5,100.0,1.5,1.52,0.0,Improvement
P0706,Amazon,Protex,Body Care,revenue_quality_score,Revenue Quality Score,64.0,73.2,9.2,14.38,0.2,Improvement
P0706,Flipkart,Protex,Body Care,revenue_quality_score,Revenue Quality Score,89.6,82.1,-7.5,-8.37,0.1,Deterioration
P0706,JioMart,Protex,Body Care,revenue_quality_score,Revenue Quality Score,78.4,88.7,10.3,13.14,0.2,Improvement
P0706,Meesho,Protex,Body Care,revenue_quality_score,Revenue Quality Score,84.8,85.4,0.6,0.71,0.0,Improvement
P0706,Website,Protex,Body Care,revenue_quality_score,Revenue Quality Score,99.5,99.2,-0.3,-0.3,0.0,Deterioration
P0720,Amazon,Protex,Body Care,revenue_quality_score,Revenue Quality Score,65.7,71.1,5.4,8.22,0.1,Improvement
P0720,Flipkart,Protex,Body Care,revenue_quality_score,Revenue Quality Score,91.0,84.5,-6.5,-7.14,0.1,Deterioration
P0720,JioMart,Protex,Body Care,revenue_quality_score,Revenue Quality Score,95.3,94.9,-0.4,-0.42,0.0,Deterioration
P0720,Meesho,Protex,Body Care,revenue_quality_score,Revenue Quality Score,83.9,86.1,2.2,2.62,0.0,Improvement
P0720,Website,Protex,Body Care,revenue_quality_score,Revenue Quality Score,100.0,99.1,-0.9,-0.9,0.0,Deterioration
P0744,Amazon,Rexona,Body Care,revenue_quality_score,Revenue Quality Score,74.5,70.6,-3.9,-5.23,0.1,Deterioration
P0744,Flipkart,Rexona,Body Care,revenue_quality_score,Revenue Quality Score,86.1,88.9,2.8,3.25,0.1,Improvement
P0744,JioMart,Rexona,Body Care,revenue_quality_score,Revenue Quality Score,87.1,86.0,-1.1,-1.26,0.0,Deterioration
P0744,Meesho,Rexona,Body Care,revenue_quality_score,Revenue Quality Score,94.4,91.4,-3.0,-3.18,0.1,Deterioration
P0744,Website,Rexona,Body Care,revenue_quality_score,Revenue Quality Score,99.9,99.4,-0.5,-0.5,0.0,Deterioration
P0747,Amazon,Rexona,Body Care,revenue_quality_score,Revenue Quality Score,76.3,71.9,-4.4,-5.77,0.1,Deterioration
P0747,Flipkart,Rexona,Body Care,revenue_quality_score,Revenue Quality Score,93.4,87.8,-5.6,-6.0,0.1,Deterioration
P0747,JioMart,Rexona,Body Care,revenue_quality_score,Revenue Quality Score,86.4,84.2,-2.2,-2.55,0.0,Deterioration
P0747,Meesho,Rexona,Body Care,revenue_quality_score,Revenue Quality Score,89.4,84.1,-5.3,-5.93,0.1,Deterioration
P0747,Website,Rexona,Body Care,revenue_quality_score,Revenue Quality Score,99.9,96.8,-3.1,-3.1,0.1,Deterioration
P0753,Amazon,Rexona,Body Care,revenue_quality_score,Revenue Quality Score,73.7,73.8,0.1,0.14,0.0,Improvement
P0753,Flipkart,Rexona,Body Care,revenue_quality_score,Revenue Quality Score,70.4,83.6,13.2,18.75,0.2,Improvement
P0753,JioMart,Rexona,Body Care,revenue_quality_score,Revenue Quality Score,92.3,84.8,-7.5,-8.13,0.1,Deterioration
P0753,Meesho,Rexona,Body Care,revenue_quality_score,Revenue Quality Score,86.6,85.7,-0.9,-1.04,0.0,Deterioration
P0753,Website,Rexona,Body Care,revenue_quality_score,Revenue Quality Score,91.5,98.6,7.1,7.76,0.1,Improvement
P0758,Amazon,Sasi,Lip,revenue_quality_score,Revenue Quality Score,67.9,69.7,1.8,2.65,0.0,Improvement
P0758,Flipkart,Sasi,Lip,revenue_quality_score,Revenue Quality Score,83.1,94.2,11.1,13.36,0.2,Improvement
P0758,JioMart,Sasi,Lip,revenue_quality_score,Revenue Quality Score,95.8,93.1,-2.7,-2.82,0.0,Deterioration
P0758,Meesho,Sasi,Lip,revenue_quality_score,Revenue Quality Score,85.5,74.2,-11.3,-13.22,0.2,Deterioration
P0758,Website,Sasi,Lip,revenue_quality_score,Revenue Quality Score,98.3,83.0,-15.3,-15.56,0.3,Deterioration
P0763,Amazon,Sasi,Lip,revenue_quality_score,Revenue Quality Score,67.4,65.2,-2.2,-3.26,0.0,Deterioration
P0763,Flipkart,Sasi,Lip,revenue_quality_score,Revenue Quality Score,86.9,91.4,4.5,5.18,0.1,Improvement
P0763,JioMart,Sasi,Lip,revenue_quality_score,Revenue Quality Score,97.3,94.5,-2.8,-2.88,0.1,Deterioration
P0763,Meesho,Sasi,Lip,revenue_quality_score,Revenue Quality Score,83.5,91.6,8.1,9.7,0.1,Improvement
P0763,Website,Sasi,Lip,revenue_quality_score,Revenue Quality Score,89.1,98.6,9.5,10.66,0.2,Improvement
P0770,Amazon,Sasi,Skin Care,revenue_quality_score,Revenue Quality Score,68.7,57.1,-11.6,-16.89,0.2,Deterioration
P0770,Flipkart,Sasi,Skin Care,revenue_quality_score,Revenue Quality Score,90.6,90.5,-0.1,-0.11,0.0,Deterioration
P0770,JioMart,Sasi,Skin Care,revenue_quality_score,Revenue Quality Score,92.1,96.7,4.6,4.99,0.1,Improvement
P0770,Meesho,Sasi,Skin Care,revenue_quality_score,Revenue Quality Score,97.2,91.9,-5.3,-5.45,0.1,Deterioration
P0770,Website,Sasi,Skin Care,revenue_quality_score,Revenue Quality Score,100.0,86.6,-13.4,-13.4,0.2,Deterioration
P0777,Amazon,Senka,Skin Care,revenue_quality_score,Revenue Quality Score,80.2,71.5,-8.7,-10.85,0.2,Deterioration
P0777,Flipkart,Senka,Skin Care,revenue_quality_score,Revenue Quality Score,84.6,91.3,6.7,7.92,0.1,Improvement
P0777,JioMart,Senka,Skin Care,revenue_quality_score,Revenue Quality Score,95.1,97.0,1.9,2.0,0.0,Improvement
P0777,Meesho,Senka,Skin Care,revenue_quality_score,Revenue Quality Score,84.5,78.3,-6.2,-7.34,0.1,Deterioration
P0777,Website,Senka,Skin Care,revenue_quality_score,Revenue Quality Score,88.2,100.0,11.8,13.38,0.2,Improvement
P0780,Amazon,Senka,Skin Care,revenue_quality_score,Revenue Quality Score,77.4,71.1,-6.3,-8.14,0.1,Deterioration
P0780,Flipkart,Senka,Skin Care,revenue_quality_score,Revenue Quality Score,56.2,88.1,31.9,56.76,0.6,Improvement
P0780,JioMart,Senka,Skin Care,revenue_quality_score,Revenue Quality Score,81.1,76.9,-4.2,-5.18,0.1,Deterioration
P0780,Meesho,Senka,Skin Care,revenue_quality_score,Revenue Quality Score,82.5,94.3,11.8,14.3,0.2,Improvement
P0780,Website,Senka,Skin Care,revenue_quality_score,Revenue Quality Score,95.7,100.0,4.3,4.49,0.1,Improvement
P0781,Amazon,Senka,Skin Care,revenue_quality_score,Revenue Quality Score,75.3,77.3,2.0,2.66,0.0,Improvement
P0781,Flipkart,Senka,Skin Care,revenue_quality_score,Revenue Quality Score,86.2,77.4,-8.8,-10.21,0.2,Deterioration
P0781,JioMart,Senka,Skin Care,revenue_quality_score,Revenue Quality Score,94.6,92.9,-1.7,-1.8,0.0,Deterioration
P0781,Meesho,Senka,Skin Care,revenue_quality_score,Revenue Quality Score,92.4,76.7,-15.7,-16.99,0.3,Deterioration
P0781,Website,Senka,Skin Care,revenue_quality_score,Revenue Quality Score,90.1,91.1,1.0,1.11,0.0,Improvement
P0783,Amazon,Senka,Skin Care,revenue_quality_score,Revenue Quality Score,71.9,71.5,-0.4,-0.56,0.0,Deterioration
P0783,Flipkart,Senka,Skin Care,revenue_quality_score,Revenue Quality Score,90.6,95.7,5.1,5.63,0.1,Improvement
P0783,JioMart,Senka,Skin Care,revenue_quality_score,Revenue Quality Score,98.3,89.1,-9.2,-9.36,0.2,Deterioration
P0783,Meesho,Senka,Skin Care,revenue_quality_score,Revenue Quality Score,93.7,86.4,-7.3,-7.79,0.1,Deterioration
P0783,Website,Senka,Skin Care,revenue_quality_score,Revenue Quality Score,99.9,75.0,-24.9,-24.92,0.5,Deterioration
P0795,Amazon,Senka,Skin Care,revenue_quality_score,Revenue Quality Score,74.9,74.0,-0.9,-1.2,0.0,Deterioration
P0795,Flipkart,Senka,Skin Care,revenue_quality_score,Revenue Quality Score,74.6,92.1,17.5,23.46,0.3,Improvement
P0795,JioMart,Senka,Skin Care,revenue_quality_score,Revenue Quality Score,82.8,89.8,7.0,8.45,0.1,Improvement
P0795,Meesho,Senka,Skin Care,revenue_quality_score,Revenue Quality Score,91.1,86.7,-4.4,-4.83,0.1,Deterioration
P0795,Website,Senka,Skin Care,revenue_quality_score,Revenue Quality Score,97.4,100.0,2.6,2.67,0.0,Improvement
P0797,Amazon,Sensodyne,Oral Care,revenue_quality_score,Revenue Quality Score,63.4,77.4,14.0,22.08,0.3,Improvement
P0797,Flipkart,Sensodyne,Oral Care,revenue_quality_score,Revenue Quality Score,91.6,89.7,-1.9,-2.07,0.0,Deterioration
P0797,JioMart,Sensodyne,Oral Care,revenue_quality_score,Revenue Quality Score,88.5,62.6,-25.9,-29.27,0.5,Deterioration
P0797,Meesho,Sensodyne,Oral Care,revenue_quality_score,Revenue Quality Score,88.0,88.7,0.7,0.8,0.0,Improvement
P0797,Website,Sensodyne,Oral Care,revenue_quality_score,Revenue Quality Score,100.0,100.0,0.0,0.0,0.0,No Change
P0813,Amazon,Sensodyne,Oral Care,revenue_quality_score,Revenue Quality Score,71.7,77.1,5.4,7.53,0.1,Improvement
P0813,Flipkart,Sensodyne,Oral Care,revenue_quality_score,Revenue Quality Score,91.2,93.5,2.3,2.52,0.0,Improvement
P0813,JioMart,Sensodyne,Oral Care,revenue_quality_score,Revenue Quality Score,79.3,93.3,14.0,17.65,0.3,Improvement
P0813,Meesho,Sensodyne,Oral Care,revenue_quality_score,Revenue Quality Score,76.8,92.2,15.4,20.05,0.3,Improvement
P0813,Website,Sensodyne,Oral Care,revenue_quality_score,Revenue Quality Score,98.2,85.3,-12.9,-13.14,0.2,Deterioration
P0840,Amazon,SHIVAMAX,Home & Kitchen,revenue_quality_score,Revenue Quality Score,63.9,68.8,4.9,7.67,0.1,Improvement
P0840,Flipkart,SHIVAMAX,Home & Kitchen,revenue_quality_score,Revenue Quality Score,74.5,81.1,6.6,8.86,0.1,Improvement
P0840,JioMart,SHIVAMAX,Home & Kitchen,revenue_quality_score,Revenue Quality Score,82.0,75.1,-6.9,-8.41,0.1,Deterioration
P0840,Meesho,SHIVAMAX,Home & Kitchen,revenue_quality_score,Revenue Quality Score,95.9,84.2,-11.7,-12.2,0.2,Deterioration
P0840,Website,SHIVAMAX,Home & Kitchen,revenue_quality_score,Revenue Quality Score,100.0,80.9,-19.1,-19.1,0.3,Deterioration
P0868,Amazon,SHIVAMAX,Home & Kitchen,revenue_quality_score,Revenue Quality Score,56.2,63.4,7.2,12.81,0.1,Improvement
P0868,Flipkart,SHIVAMAX,Home & Kitchen,revenue_quality_score,Revenue Quality Score,88.1,92.2,4.1,4.65,0.1,Improvement
P0868,JioMart,SHIVAMAX,Home & Kitchen,revenue_quality_score,Revenue Quality Score,65.4,93.5,28.1,42.97,0.5,Improvement
P0868,Meesho,SHIVAMAX,Home & Kitchen,revenue_quality_score,Revenue Quality Score,89.0,75.0,-14.0,-15.73,0.3,Deterioration
P0868,Website,SHIVAMAX,Home & Kitchen,revenue_quality_score,Revenue Quality Score,98.0,87.2,-10.8,-11.02,0.2,Deterioration
P0889,Amazon,SHIVAMAX,Health & Wellness,revenue_quality_score,Revenue Quality Score,57.5,58.8,1.3,2.26,0.0,Improvement
P0889,Flipkart,SHIVAMAX,Health & Wellness,revenue_quality_score,Revenue Quality Score,84.9,78.9,-6.0,-7.07,0.1,Deterioration
P0889,JioMart,SHIVAMAX,Health & Wellness,revenue_quality_score,Revenue Quality Score,94.3,93.0,-1.3,-1.38,0.0,Deterioration
P0889,Meesho,SHIVAMAX,Health & Wellness,revenue_quality_score,Revenue Quality Score,91.5,91.0,-0.5,-0.55,0.0,Deterioration
P0889,Website,SHIVAMAX,Health & Wellness,revenue_quality_score,Revenue Quality Score,100.0,100.0,0.0,0.0,0.0,No Change
P0890,Amazon,SHIVAMAX,Health & Wellness,revenue_quality_score,Revenue Quality Score,66.7,62.9,-3.8,-5.7,0.1,Deterioration
P0890,Flipkart,SHIVAMAX,Health & Wellness,revenue_quality_score,Revenue Quality Score,92.4,77.8,-14.6,-15.8,0.3,Deterioration
P0890,JioMart,SHIVAMAX,Health & Wellness,revenue_quality_score,Revenue Quality Score,82.8,94.5,11.7,14.13,0.2,Improvement
P0890,Meesho,SHIVAMAX,Health & Wellness,revenue_quality_score,Revenue Quality Score,96.1,91.5,-4.6,-4.79,0.1,Deterioration
P0890,Website,SHIVAMAX,Health & Wellness,revenue_quality_score,Revenue Quality Score,88.0,97.3,9.3,10.57,0.2,Improvement
P0906,Amazon,SHIVAMAX,Hair Care,revenue_quality_score,Revenue Quality Score,74.8,73.0,-1.8,-2.41,0.0,Deterioration
P0906,Flipkart,SHIVAMAX,Hair Care,revenue_quality_score,Revenue Quality Score,82.7,90.4,7.7,9.31,0.1,Improvement
P0906,JioMart,SHIVAMAX,Hair Care,revenue_quality_score,Revenue Quality Score,86.6,93.5,6.9,7.97,0.1,Improvement
P0906,Meesho,SHIVAMAX,Hair Care,revenue_quality_score,Revenue Quality Score,80.2,77.9,-2.3,-2.87,0.0,Deterioration
P0906,Website,SHIVAMAX,Hair Care,revenue_quality_score,Revenue Quality Score,89.5,77.3,-12.2,-13.63,0.2,Deterioration
P0915,Amazon,SHIVAMAX,Health & Wellness,revenue_quality_score,Revenue Quality Score,52.4,54.3,1.9,3.63,0.0,Improvement
P0915,Flipkart,SHIVAMAX,Health & Wellness,revenue_quality_score,Revenue Quality Score,86.0,94.2,8.2,9.53,0.1,Improvement
P0915,JioMart,SHIVAMAX,Health & Wellness,revenue_quality_score,Revenue Quality Score,70.8,84.9,14.1,19.92,0.3,Improvement
P0915,Meesho,SHIVAMAX,Health & Wellness,revenue_quality_score,Revenue Quality Score,87.3,90.8,3.5,4.01,0.1,Improvement
P0915,Website,SHIVAMAX,Health & Wellness,revenue_quality_score,Revenue Quality Score,97.0,96.9,-0.1,-0.1,0.0,Deterioration
P0917,Amazon,SHIVAMAX,Home & Kitchen,revenue_quality_score,Revenue Quality Score,46.6,57.3,10.7,22.96,0.2,Improvement
P0917,Flipkart,SHIVAMAX,Home & Kitchen,revenue_quality_score,Revenue Quality Score,87.7,91.0,3.3,3.76,0.1,Improvement
P0917,JioMart,SHIVAMAX,Home & Kitchen,revenue_quality_score,Revenue Quality Score,97.9,94.8,-3.1,-3.17,0.1,Deterioration
P0917,Meesho,SHIVAMAX,Home & Kitchen,revenue_quality_score,Revenue Quality Score,77.3,84.8,7.5,9.7,0.1,Improvement
P0917,Website,SHIVAMAX,Home & Kitchen,revenue_quality_score,Revenue Quality Score,89.0,99.7,10.7,12.02,0.2,Improvement
P0922,Amazon,SHIVAMAX,Hair Care,revenue_quality_score,Revenue Quality Score,65.5,77.5,12.0,18.32,0.2,Improvement
P0922,Flipkart,SHIVAMAX,Hair Care,revenue_quality_score,Revenue Quality Score,87.4,86.3,-1.1,-1.26,0.0,Deterioration
P0922,JioMart,SHIVAMAX,Hair Care,revenue_quality_score,Revenue Quality Score,88.8,94.4,5.6,6.31,0.1,Improvement
P0922,Meesho,SHIVAMAX,Hair Care,revenue_quality_score,Revenue Quality Score,66.9,79.0,12.1,18.09,0.2,Improvement
P0922,Website,SHIVAMAX,Hair Care,revenue_quality_score,Revenue Quality Score,99.6,97.7,-1.9,-1.91,0.0,Deterioration
P0927,Amazon,SHIVAMAX,Home & Kitchen,revenue_quality_score,Revenue Quality Score,50.5,47.9,-2.6,-5.15,0.0,Deterioration
P0927,Flipkart,SHIVAMAX,Home & Kitchen,revenue_quality_score,Revenue Quality Score,92.0,90.2,-1.8,-1.96,0.0,Deterioration
P0927,JioMart,SHIVAMAX,Home & Kitchen,revenue_quality_score,Revenue Quality Score,90.4,79.9,-10.5,-11.62,0.2,Deterioration
P0927,Meesho,SHIVAMAX,Home & Kitchen,revenue_quality_score,Revenue Quality Score,92.7,71.0,-21.7,-23.41,0.4,Deterioration
P0927,Website,SHIVAMAX,Home & Kitchen,revenue_quality_score,Revenue Quality Score,98.4,76.6,-21.8,-22.15,0.4,Deterioration
P0931,Amazon,SHIVAMAX,Electronics & Travel Accessories,revenue_quality_score,Revenue Quality Score,67.4,72.1,4.7,6.97,0.1,Improvement
P0931,Flipkart,SHIVAMAX,Electronics & Travel Accessories,revenue_quality_score,Revenue Quality Score,85.2,83.5,-1.7,-2.0,0.0,Deterioration
P0931,JioMart,SHIVAMAX,Electronics & Travel Accessories,revenue_quality_score,Revenue Quality Score,95.7,87.4,-8.3,-8.67,0.2,Deterioration
P0931,Meesho,SHIVAMAX,Electronics & Travel Accessories,revenue_quality_score,Revenue Quality Score,83.3,87.0,3.7,4.44,0.1,Improvement
P0931,Website,SHIVAMAX,Electronics & Travel Accessories,revenue_quality_score,Revenue Quality Score,90.0,90.8,0.8,0.89,0.0,Improvement
P0932,Amazon,SHIVAMAX,Electronics & Travel Accessories,revenue_quality_score,Revenue Quality Score,48.7,53.2,4.5,9.24,0.1,Improvement
P0932,Flipkart,SHIVAMAX,Electronics & Travel Accessories,revenue_quality_score,Revenue Quality Score,82.2,80.8,-1.4,-1.7,0.0,Deterioration
P0932,JioMart,SHIVAMAX,Electronics & Travel Accessories,revenue_quality_score,Revenue Quality Score,94.1,95.7,1.6,1.7,0.0,Improvement
P0932,Meesho,SHIVAMAX,Electronics & Travel Accessories,revenue_quality_score,Revenue Quality Score,90.5,91.8,1.3,1.44,0.0,Improvement
P0932,Website,SHIVAMAX,Electronics & Travel Accessories,revenue_quality_score,Revenue Quality Score,96.2,99.4,3.2,3.33,0.1,Improvement
P0944,Amazon,SHIVAMAX,Health & Wellness,revenue_quality_score,Revenue Quality Score,62.9,64.9,2.0,3.18,0.0,Improvement
P0944,Flipkart,SHIVAMAX,Health & Wellness,revenue_quality_score,Revenue Quality Score,89.7,82.3,-7.4,-8.25,0.1,Deterioration
P0944,JioMart,SHIVAMAX,Health & Wellness,revenue_quality_score,Revenue Quality Score,93.5,96.7,3.2,3.42,0.1,Improvement
P0944,Meesho,SHIVAMAX,Health & Wellness,revenue_quality_score,Revenue Quality Score,87.5,76.8,-10.7,-12.23,0.2,Deterioration
P0944,Website,SHIVAMAX,Health & Wellness,revenue_quality_score,Revenue Quality Score,99.2,100.0,0.8,0.81,0.0,Improvement
P1003,Amazon,Snake Brand,Body Care,revenue_quality_score,Revenue Quality Score,71.1,68.4,-2.7,-3.8,0.0,Deterioration
P1003,Flipkart,Snake Brand,Body Care,revenue_quality_score,Revenue Quality Score,91.1,93.7,2.6,2.85,0.0,Improvement
P1003,JioMart,Snake Brand,Body Care,revenue_quality_score,Revenue Quality Score,79.1,93.1,14.0,17.7,0.3,Improvement
P1003,Meesho,Snake Brand,Body Care,revenue_quality_score,Revenue Quality Score,83.7,84.1,0.4,0.48,0.0,Improvement
P1003,Website,Snake Brand,Body Care,revenue_quality_score,Revenue Quality Score,99.8,98.6,-1.2,-1.2,0.0,Deterioration
P1026,Amazon,Sunsilk,Hair Care,revenue_quality_score,Revenue Quality Score,60.9,57.1,-3.8,-6.24,0.1,Deterioration
P1026,Flipkart,Sunsilk,Hair Care,revenue_quality_score,Revenue Quality Score,90.1,90.2,0.1,0.11,0.0,Improvement
P1026,JioMart,Sunsilk,Hair Care,revenue_quality_score,Revenue Quality Score,94.4,93.0,-1.4,-1.48,0.0,Deterioration
P1026,Meesho,Sunsilk,Hair Care,revenue_quality_score,Revenue Quality Score,94.0,93.0,-1.0,-1.06,0.0,Deterioration
P1026,Website,Sunsilk,Hair Care,revenue_quality_score,Revenue Quality Score,100.0,97.6,-2.4,-2.4,0.0,Deterioration
P1029,Amazon,Sunsilk,Hair Care,revenue_quality_score,Revenue Quality Score,61.1,62.5,1.4,2.29,0.0,Improvement
P1029,Flipkart,Sunsilk,Hair Care,revenue_quality_score,Revenue Quality Score,72.5,91.0,18.5,25.52,0.3,Improvement
P1029,JioMart,Sunsilk,Hair Care,revenue_quality_score,Revenue Quality Score,80.2,85.1,4.9,6.11,0.1,Improvement
P1029,Meesho,Sunsilk,Hair Care,revenue_quality_score,Revenue Quality Score,72.1,82.0,9.9,13.73,0.2,Improvement
P1029,Website,Sunsilk,Hair Care,revenue_quality_score,Revenue Quality Score,97.0,100.0,3.0,3.09,0.1,Improvement
P1032,Amazon,Sunsilk,Hair Care,revenue_quality_score,Revenue Quality Score,58.1,64.4,6.3,10.84,0.1,Improvement
P1032,Flipkart,Sunsilk,Hair Care,revenue_quality_score,Revenue Quality Score,80.3,91.6,11.3,14.07,0.2,Improvement
P1032,JioMart,Sunsilk,Hair Care,revenue_quality_score,Revenue Quality Score,96.5,83.2,-13.3,-13.78,0.2,Deterioration
P1032,Meesho,Sunsilk,Hair Care,revenue_quality_score,Revenue Quality Score,89.0,77.9,-11.1,-12.47,0.2,Deterioration
P1032,Website,Sunsilk,Hair Care,revenue_quality_score,Revenue Quality Score,100.0,98.9,-1.1,-1.1,0.0,Deterioration
P1033,Amazon,Sunsilk,Hair Care,revenue_quality_score,Revenue Quality Score,54.5,68.9,14.4,26.42,0.3,Improvement
P1033,Flipkart,Sunsilk,Hair Care,revenue_quality_score,Revenue Quality Score,80.2,87.9,7.7,9.6,0.1,Improvement
P1033,JioMart,Sunsilk,Hair Care,revenue_quality_score,Revenue Quality Score,81.2,94.2,13.0,16.01,0.2,Improvement
P1033,Meesho,Sunsilk,Hair Care,revenue_quality_score,Revenue Quality Score,93.0,89.0,-4.0,-4.3,0.1,Deterioration
P1033,Website,Sunsilk,Hair Care,revenue_quality_score,Revenue Quality Score,99.6,97.5,-2.1,-2.11,0.0,Deterioration
P1035,Amazon,Sunsilk,Hair Care,revenue_quality_score,Revenue Quality Score,66.0,63.8,-2.2,-3.33,0.0,Deterioration
P1035,Flipkart,Sunsilk,Hair Care,revenue_quality_score,Revenue Quality Score,78.2,73.8,-4.4,-5.63,0.1,Deterioration
P1035,JioMart,Sunsilk,Hair Care,revenue_quality_score,Revenue Quality Score,92.0,91.6,-0.4,-0.43,0.0,Deterioration
P1035,Meesho,Sunsilk,Hair Care,revenue_quality_score,Revenue Quality Score,87.0,90.6,3.6,4.14,0.1,Improvement
P1035,Website,Sunsilk,Hair Care,revenue_quality_score,Revenue Quality Score,83.2,99.8,16.6,19.95,0.3,Improvement
P1038,Amazon,Sunsilk,Hair Care,revenue_quality_score,Revenue Quality Score,60.7,59.9,-0.8,-1.32,0.0,Deterioration
P1038,Flipkart,Sunsilk,Hair Care,revenue_quality_score,Revenue Quality Score,81.9,84.7,2.8,3.42,0.1,Improvement
P1038,JioMart,Sunsilk,Hair Care,revenue_quality_score,Revenue Quality Score,79.3,96.1,16.8,21.19,0.3,Improvement
P1038,Meesho,Sunsilk,Hair Care,revenue_quality_score,Revenue Quality Score,87.3,84.8,-2.5,-2.86,0.0,Deterioration
P1038,Website,Sunsilk,Hair Care,revenue_quality_score,Revenue Quality Score,78.9,99.4,20.5,25.98,0.4,Improvement
P1039,Amazon,Sunsilk,Hair Care,revenue_quality_score,Revenue Quality Score,67.8,64.3,-3.5,-5.16,0.1,Deterioration
P1039,Flipkart,Sunsilk,Hair Care,revenue_quality_score,Revenue Quality Score,92.5,75.0,-17.5,-18.92,0.3,Deterioration
P1039,JioMart,Sunsilk,Hair Care,revenue_quality_score,Revenue Quality Score,90.5,95.8,5.3,5.86,0.1,Improvement
P1039,Meesho,Sunsilk,Hair Care,revenue_quality_score,Revenue Quality Score,91.5,93.8,2.3,2.51,0.0,Improvement
P1039,Website,Sunsilk,Hair Care,revenue_quality_score,Revenue Quality Score,75.0,95.8,20.8,27.73,0.4,Improvement
P1041,Amazon,Sunsilk,Hair Care,revenue_quality_score,Revenue Quality Score,59.7,69.6,9.9,16.58,0.2,Improvement
P1041,Flipkart,Sunsilk,Hair Care,revenue_quality_score,Revenue Quality Score,79.2,92.1,12.9,16.29,0.2,Improvement
P1041,JioMart,Sunsilk,Hair Care,revenue_quality_score,Revenue Quality Score,97.1,79.0,-18.1,-18.64,0.3,Deterioration
P1041,Meesho,Sunsilk,Hair Care,revenue_quality_score,Revenue Quality Score,96.4,65.8,-30.6,-31.74,0.6,Deterioration
P1041,Website,Sunsilk,Hair Care,revenue_quality_score,Revenue Quality Score,97.1,98.6,1.5,1.54,0.0,Improvement
P1042,Amazon,Sunsilk,Hair Care,revenue_quality_score,Revenue Quality Score,67.3,78.8,11.5,17.09,0.2,Improvement
P1042,Flipkart,Sunsilk,Hair Care,revenue_quality_score,Revenue Quality Score,82.2,90.2,8.0,9.73,0.1,Improvement
P1042,JioMart,Sunsilk,Hair Care,revenue_quality_score,Revenue Quality Score,83.1,62.9,-20.2,-24.31,0.4,Deterioration
P1042,Meesho,Sunsilk,Hair Care,revenue_quality_score,Revenue Quality Score,91.2,83.0,-8.2,-8.99,0.1,Deterioration
P1042,Website,Sunsilk,Hair Care,revenue_quality_score,Revenue Quality Score,99.7,91.1,-8.6,-8.63,0.2,Deterioration
P1043,Amazon,Sunsilk,Hair Care,revenue_quality_score,Revenue Quality Score,76.7,73.1,-3.6,-4.69,0.1,Deterioration
P1043,Flipkart,Sunsilk,Hair Care,revenue_quality_score,Revenue Quality Score,91.0,90.0,-1.0,-1.1,0.0,Deterioration
P1043,JioMart,Sunsilk,Hair Care,revenue_quality_score,Revenue Quality Score,91.2,94.9,3.7,4.06,0.1,Improvement
P1043,Meesho,Sunsilk,Hair Care,revenue_quality_score,Revenue Quality Score,72.4,85.2,12.8,17.68,0.2,Improvement
P1043,Website,Sunsilk,Hair Care,revenue_quality_score,Revenue Quality Score,77.8,84.3,6.5,8.35,0.1,Improvement
P1044,Amazon,Sunsilk,Hair Care,revenue_quality_score,Revenue Quality Score,72.0,79.2,7.2,10.0,0.1,Improvement
P1044,Flipkart,Sunsilk,Hair Care,revenue_quality_score,Revenue Quality Score,78.2,88.4,10.2,13.04,0.2,Improvement
P1044,JioMart,Sunsilk,Hair Care,revenue_quality_score,Revenue Quality Score,77.1,93.8,16.7,21.66,0.3,Improvement
P1044,Meesho,Sunsilk,Hair Care,revenue_quality_score,Revenue Quality Score,92.8,77.2,-15.6,-16.81,0.3,Deterioration
P1044,Website,Sunsilk,Hair Care,revenue_quality_score,Revenue Quality Score,66.4,99.2,32.8,49.4,0.6,Improvement
P1048,Amazon,Sunsilk,Hair Care,revenue_quality_score,Revenue Quality Score,74.2,74.2,0.0,0.0,0.0,No Change
P1048,Flipkart,Sunsilk,Hair Care,revenue_quality_score,Revenue Quality Score,89.1,88.6,-0.5,-0.56,0.0,Deterioration
P1048,JioMart,Sunsilk,Hair Care,revenue_quality_score,Revenue Quality Score,92.8,94.4,1.6,1.72,0.0,Improvement
P1048,Meesho,Sunsilk,Hair Care,revenue_quality_score,Revenue Quality Score,96.0,62.5,-33.5,-34.9,0.6,Deterioration
P1048,Website,Sunsilk,Hair Care,revenue_quality_score,Revenue Quality Score,97.5,97.5,0.0,0.0,0.0,No Change
P1052,Amazon,Sunsilk,Hair Care,revenue_quality_score,Revenue Quality Score,61.9,67.3,5.4,8.72,0.1,Improvement
P1052,Flipkart,Sunsilk,Hair Care,revenue_quality_score,Revenue Quality Score,90.9,82.6,-8.3,-9.13,0.2,Deterioration
P1052,JioMart,Sunsilk,Hair Care,revenue_quality_score,Revenue Quality Score,90.7,75.2,-15.5,-17.09,0.3,Deterioration
P1052,Meesho,Sunsilk,Hair Care,revenue_quality_score,Revenue Quality Score,82.7,82.2,-0.5,-0.6,0.0,Deterioration
P1052,Website,Sunsilk,Hair Care,revenue_quality_score,Revenue Quality Score,100.0,98.4,-1.6,-1.6,0.0,Deterioration
P1067,Amazon,Tiger Balm,Health & Wellness,revenue_quality_score,Revenue Quality Score,73.1,73.5,0.4,0.55,0.0,Improvement
P1067,Flipkart,Tiger Balm,Health & Wellness,revenue_quality_score,Revenue Quality Score,84.6,76.0,-8.6,-10.17,0.2,Deterioration
P1067,JioMart,Tiger Balm,Health & Wellness,revenue_quality_score,Revenue Quality Score,99.5,94.2,-5.3,-5.33,0.1,Deterioration
P1067,Meesho,Tiger Balm,Health & Wellness,revenue_quality_score,Revenue Quality Score,94.1,90.0,-4.1,-4.36,0.1,Deterioration
P1067,Website,Tiger Balm,Health & Wellness,revenue_quality_score,Revenue Quality Score,95.5,97.1,1.6,1.68,0.0,Improvement
P1069,Amazon,Tiger Balm,Health & Wellness,revenue_quality_score,Revenue Quality Score,72.2,72.3,0.1,0.14,0.0,Improvement
P1069,Flipkart,Tiger Balm,Health & Wellness,revenue_quality_score,Revenue Quality Score,85.1,75.0,-10.1,-11.87,0.2,Deterioration
P1069,JioMart,Tiger Balm,Health & Wellness,revenue_quality_score,Revenue Quality Score,95.3,98.6,3.3,3.46,0.1,Improvement
P1069,Meesho,Tiger Balm,Health & Wellness,revenue_quality_score,Revenue Quality Score,87.6,74.5,-13.1,-14.95,0.2,Deterioration
P1069,Website,Tiger Balm,Health & Wellness,revenue_quality_score,Revenue Quality Score,99.8,98.0,-1.8,-1.8,0.0,Deterioration
P1070,Amazon,Tiger Balm,Health & Wellness,revenue_quality_score,Revenue Quality Score,59.0,59.1,0.1,0.17,0.0,Improvement
P1070,Flipkart,Tiger Balm,Health & Wellness,revenue_quality_score,Revenue Quality Score,79.1,78.6,-0.5,-0.63,0.0,Deterioration
P1070,JioMart,Tiger Balm,Health & Wellness,revenue_quality_score,Revenue Quality Score,97.1,77.6,-19.5,-20.08,0.4,Deterioration
P1070,Meesho,Tiger Balm,Health & Wellness,revenue_quality_score,Revenue Quality Score,92.3,91.5,-0.8,-0.87,0.0,Deterioration
P1070,Website,Tiger Balm,Health & Wellness,revenue_quality_score,Revenue Quality Score,98.9,98.8,-0.1,-0.1,0.0,Deterioration
P1071,Amazon,Tiger Balm,Health & Wellness,revenue_quality_score,Revenue Quality Score,56.2,60.6,4.4,7.83,0.1,Improvement
P1071,Flipkart,Tiger Balm,Health & Wellness,revenue_quality_score,Revenue Quality Score,92.9,80.4,-12.5,-13.46,0.2,Deterioration
P1071,JioMart,Tiger Balm,Health & Wellness,revenue_quality_score,Revenue Quality Score,82.4,90.9,8.5,10.32,0.2,Improvement
P1071,Meesho,Tiger Balm,Health & Wellness,revenue_quality_score,Revenue Quality Score,98.3,90.4,-7.9,-8.04,0.1,Deterioration
P1071,Website,Tiger Balm,Health & Wellness,revenue_quality_score,Revenue Quality Score,100.0,99.8,-0.2,-0.2,0.0,Deterioration
P1072,Amazon,Tiger Balm,Health & Wellness,revenue_quality_score,Revenue Quality Score,61.8,60.8,-1.0,-1.62,0.0,Deterioration
P1072,Flipkart,Tiger Balm,Health & Wellness,revenue_quality_score,Revenue Quality Score,74.4,78.7,4.3,5.78,0.1,Improvement
P1072,JioMart,Tiger Balm,Health & Wellness,revenue_quality_score,Revenue Quality Score,89.6,79.1,-10.5,-11.72,0.2,Deterioration
P1072,Meesho,Tiger Balm,Health & Wellness,revenue_quality_score,Revenue Quality Score,88.7,79.9,-8.8,-9.92,0.2,Deterioration
P1072,Website,Tiger Balm,Health & Wellness,revenue_quality_score,Revenue Quality Score,96.5,85.0,-11.5,-11.92,0.2,Deterioration
P1075,Amazon,Tresemme,Hair Care,revenue_quality_score,Revenue Quality Score,76.0,75.4,-0.6,-0.79,0.0,Deterioration
P1075,Flipkart,Tresemme,Hair Care,revenue_quality_score,Revenue Quality Score,83.0,88.7,5.7,6.87,0.1,Improvement
P1075,JioMart,Tresemme,Hair Care,revenue_quality_score,Revenue Quality Score,74.2,95.9,21.7,29.25,0.4,Improvement
P1075,Meesho,Tresemme,Hair Care,revenue_quality_score,Revenue Quality Score,84.3,82.3,-2.0,-2.37,0.0,Deterioration
P1075,Website,Tresemme,Hair Care,revenue_quality_score,Revenue Quality Score,98.8,99.8,1.0,1.01,0.0,Improvement
P1080,Amazon,Tresemme,Hair Care,revenue_quality_score,Revenue Quality Score,75.0,73.0,-2.0,-2.67,0.0,Deterioration
P1080,Flipkart,Tresemme,Hair Care,revenue_quality_score,Revenue Quality Score,81.4,90.7,9.3,11.43,0.2,Improvement
P1080,JioMart,Tresemme,Hair Care,revenue_quality_score,Revenue Quality Score,95.7,89.8,-5.9,-6.17,0.1,Deterioration
P1080,Meesho,Tresemme,Hair Care,revenue_quality_score,Revenue Quality Score,97.4,92.7,-4.7,-4.83,0.1,Deterioration
P1080,Website,Tresemme,Hair Care,revenue_quality_score,Revenue Quality Score,98.8,86.7,-12.1,-12.25,0.2,Deterioration
P1085,Amazon,Tresemme,Hair Care,revenue_quality_score,Revenue Quality Score,68.5,78.0,9.5,13.87,0.2,Improvement
P1085,Flipkart,Tresemme,Hair Care,revenue_quality_score,Revenue Quality Score,86.9,88.3,1.4,1.61,0.0,Improvement
P1085,JioMart,Tresemme,Hair Care,revenue_quality_score,Revenue Quality Score,75.5,91.0,15.5,20.53,0.3,Improvement
P1085,Meesho,Tresemme,Hair Care,revenue_quality_score,Revenue Quality Score,93.3,78.1,-15.2,-16.29,0.3,Deterioration
P1085,Website,Tresemme,Hair Care,revenue_quality_score,Revenue Quality Score,66.4,99.6,33.2,50.0,0.6,Improvement
P1099,Amazon,Tros,Body Care,revenue_quality_score,Revenue Quality Score,63.1,65.2,2.1,3.33,0.0,Improvement
P1099,Flipkart,Tros,Body Care,revenue_quality_score,Revenue Quality Score,93.5,86.0,-7.5,-8.02,0.1,Deterioration
P1099,JioMart,Tros,Body Care,revenue_quality_score,Revenue Quality Score,94.8,75.0,-19.8,-20.89,0.4,Deterioration
P1099,Meesho,Tros,Body Care,revenue_quality_score,Revenue Quality Score,86.6,96.1,9.5,10.97,0.2,Improvement
P1099,Website,Tros,Body Care,revenue_quality_score,Revenue Quality Score,100.0,97.4,-2.6,-2.6,0.0,Deterioration
P1100,Amazon,Tros,Body Care,revenue_quality_score,Revenue Quality Score,64.4,67.3,2.9,4.5,0.1,Improvement
P1100,Flipkart,Tros,Body Care,revenue_quality_score,Revenue Quality Score,80.0,78.6,-1.4,-1.75,0.0,Deterioration
P1100,JioMart,Tros,Body Care,revenue_quality_score,Revenue Quality Score,96.0,96.0,0.0,0.0,0.0,No Change
P1100,Meesho,Tros,Body Care,revenue_quality_score,Revenue Quality Score,84.7,94.4,9.7,11.45,0.2,Improvement
P1100,Website,Tros,Body Care,revenue_quality_score,Revenue Quality Score,85.2,98.8,13.6,15.96,0.2,Improvement
P1105,Amazon,Vaseline,Body Care,revenue_quality_score,Revenue Quality Score,70.1,76.1,6.0,8.56,0.1,Improvement
P1105,Flipkart,Vaseline,Body Care,revenue_quality_score,Revenue Quality Score,88.1,83.2,-4.9,-5.56,0.1,Deterioration
P1105,JioMart,Vaseline,Body Care,revenue_quality_score,Revenue Quality Score,97.3,75.5,-21.8,-22.4,0.4,Deterioration
P1105,Meesho,Vaseline,Body Care,revenue_quality_score,Revenue Quality Score,60.7,90.3,29.6,48.76,0.5,Improvement
P1105,Website,Vaseline,Body Care,revenue_quality_score,Revenue Quality Score,98.9,87.2,-11.7,-11.83,0.2,Deterioration
P1107,Amazon,Vaseline,Body Care,revenue_quality_score,Revenue Quality Score,67.1,67.7,0.6,0.89,0.0,Improvement
P1107,Flipkart,Vaseline,Body Care,revenue_quality_score,Revenue Quality Score,91.5,92.4,0.9,0.98,0.0,Improvement
P1107,JioMart,Vaseline,Body Care,revenue_quality_score,Revenue Quality Score,88.1,96.1,8.0,9.08,0.1,Improvement
P1107,Meesho,Vaseline,Body Care,revenue_quality_score,Revenue Quality Score,81.2,93.8,12.6,15.52,0.2,Improvement
P1107,Website,Vaseline,Body Care,revenue_quality_score,Revenue Quality Score,100.0,95.8,-4.2,-4.2,0.1,Deterioration
P1109,Amazon,Vaseline,Body Care,revenue_quality_score,Revenue Quality Score,74.6,73.0,-1.6,-2.14,0.0,Deterioration
P1109,Flipkart,Vaseline,Body Care,revenue_quality_score,Revenue Quality Score,82.7,76.0,-6.7,-8.1,0.1,Deterioration
P1109,JioMart,Vaseline,Body Care,revenue_quality_score,Revenue Quality Score,94.7,94.7,0.0,0.0,0.0,No Change
P1109,Meesho,Vaseline,Body Care,revenue_quality_score,Revenue Quality Score,83.9,85.7,1.8,2.15,0.0,Improvement
P1109,Website,Vaseline,Body Care,revenue_quality_score,Revenue Quality Score,100.0,99.2,-0.8,-0.8,0.0,Deterioration
P1112,Amazon,Vaseline,Body Care,revenue_quality_score,Revenue Quality Score,69.2,64.9,-4.3,-6.21,0.1,Deterioration
P1112,Flipkart,Vaseline,Body Care,revenue_quality_score,Revenue Quality Score,91.8,84.7,-7.1,-7.73,0.1,Deterioration
P1112,JioMart,Vaseline,Body Care,revenue_quality_score,Revenue Quality Score,95.6,82.5,-13.1,-13.7,0.2,Deterioration
P1112,Meesho,Vaseline,Body Care,revenue_quality_score,Revenue Quality Score,90.8,93.7,2.9,3.19,0.1,Improvement
P1112,Website,Vaseline,Body Care,revenue_quality_score,Revenue Quality Score,100.0,83.4,-16.6,-16.6,0.3,Deterioration
P1114,Amazon,Vaseline,Body Care,revenue_quality_score,Revenue Quality Score,72.6,64.8,-7.8,-10.74,0.1,Deterioration
P1114,Flipkart,Vaseline,Body Care,revenue_quality_score,Revenue Quality Score,91.8,91.8,0.0,0.0,0.0,No Change
P1114,JioMart,Vaseline,Body Care,revenue_quality_score,Revenue Quality Score,85.3,80.0,-5.3,-6.21,0.1,Deterioration
P1114,Meesho,Vaseline,Body Care,revenue_quality_score,Revenue Quality Score,80.9,87.5,6.6,8.16,0.1,Improvement
P1114,Website,Vaseline,Body Care,revenue_quality_score,Revenue Quality Score,100.0,91.8,-8.2,-8.2,0.1,Deterioration
P1120,Amazon,Vaseline,Skin Care,revenue_quality_score,Revenue Quality Score,74.5,79.0,4.5,6.04,0.1,Improvement
P1120,Flipkart,Vaseline,Skin Care,revenue_quality_score,Revenue Quality Score,79.1,91.5,12.4,15.68,0.2,Improvement
P1120,JioMart,Vaseline,Skin Care,revenue_quality_score,Revenue Quality Score,93.3,93.0,-0.3,-0.32,0.0,Deterioration
P1120,Meesho,Vaseline,Skin Care,revenue_quality_score,Revenue Quality Score,93.3,84.7,-8.6,-9.22,0.2,Deterioration
P1120,Website,Vaseline,Skin Care,revenue_quality_score,Revenue Quality Score,96.6,99.0,2.4,2.48,0.0,Improvement
P1121,Amazon,Vaseline,Body Care,revenue_quality_score,Revenue Quality Score,72.9,71.7,-1.2,-1.65,0.0,Deterioration
P1121,Flipkart,Vaseline,Body Care,revenue_quality_score,Revenue Quality Score,74.5,80.3,5.8,7.79,0.1,Improvement
P1121,JioMart,Vaseline,Body Care,revenue_quality_score,Revenue Quality Score,88.6,100.0,11.4,12.87,0.2,Improvement
P1121,Meesho,Vaseline,Body Care,revenue_quality_score,Revenue Quality Score,89.8,94.2,4.4,4.9,0.1,Improvement
P1121,Website,Vaseline,Body Care,revenue_quality_score,Revenue Quality Score,85.4,100.0,14.6,17.1,0.3,Improvement
P1131,Amazon,Vaseline,Skin Care,revenue_quality_score,Revenue Quality Score,77.8,70.2,-7.6,-9.77,0.1,Deterioration
P1131,Flipkart,Vaseline,Skin Care,revenue_quality_score,Revenue Quality Score,72.8,93.6,20.8,28.57,0.4,Improvement
P1131,JioMart,Vaseline,Skin Care,revenue_quality_score,Revenue Quality Score,82.7,94.2,11.5,13.91,0.2,Improvement
P1131,Meesho,Vaseline,Skin Care,revenue_quality_score,Revenue Quality Score,89.3,87.2,-2.1,-2.35,0.0,Deterioration
P1131,Website,Vaseline,Skin Care,revenue_quality_score,Revenue Quality Score,96.6,89.4,-7.2,-7.45,0.1,Deterioration
P1146,Amazon,Vaseline,Body Care,revenue_quality_score,Revenue Quality Score,73.0,81.2,8.2,11.23,0.1,Improvement
P1146,Flipkart,Vaseline,Body Care,revenue_quality_score,Revenue Quality Score,91.4,86.5,-4.9,-5.36,0.1,Deterioration
P1146,JioMart,Vaseline,Body Care,revenue_quality_score,Revenue Quality Score,87.1,85.5,-1.6,-1.84,0.0,Deterioration
P1146,Meesho,Vaseline,Body Care,revenue_quality_score,Revenue Quality Score,78.0,90.3,12.3,15.77,0.2,Improvement
P1146,Website,Vaseline,Body Care,revenue_quality_score,Revenue Quality Score,91.4,89.3,-2.1,-2.3,0.0,Deterioration
P1150,Amazon,Vaseline,Body Care,revenue_quality_score,Revenue Quality Score,73.9,73.3,-0.6,-0.81,0.0,Deterioration
P1150,Flipkart,Vaseline,Body Care,revenue_quality_score,Revenue Quality Score,92.0,85.7,-6.3,-6.85,0.1,Deterioration
P1150,JioMart,Vaseline,Body Care,revenue_quality_score,Revenue Quality Score,97.7,95.6,-2.1,-2.15,0.0,Deterioration
P1150,Meesho,Vaseline,Body Care,revenue_quality_score,Revenue Quality Score,94.8,94.3,-0.5,-0.53,0.0,Deterioration
P1150,Website,Vaseline,Body Care,revenue_quality_score,Revenue Quality Score,66.7,99.2,32.5,48.73,0.6,Improvement
P1156,Amazon,Vaseline,Body Care,revenue_quality_score,Revenue Quality Score,74.0,78.8,4.8,6.49,0.1,Improvement
P1156,Flipkart,Vaseline,Body Care,revenue_quality_score,Revenue Quality Score,78.7,88.3,9.6,12.2,0.2,Improvement
P1156,JioMart,Vaseline,Body Care,revenue_quality_score,Revenue Quality Score,90.2,75.3,-14.9,-16.52,0.3,Deterioration
P1156,Meesho,Vaseline,Body Care,revenue_quality_score,Revenue Quality Score,91.7,74.3,-17.4,-18.97,0.3,Deterioration
P1156,Website,Vaseline,Body Care,revenue_quality_score,Revenue Quality Score,99.6,85.3,-14.3,-14.36,0.3,Deterioration
P1157,Amazon,Vaseline,Skin Care,revenue_quality_score,Revenue Quality Score,72.2,65.7,-6.5,-9.0,0.1,Deterioration
P1157,Flipkart,Vaseline,Skin Care,revenue_quality_score,Revenue Quality Score,89.3,74.6,-14.7,-16.46,0.3,Deterioration
P1157,JioMart,Vaseline,Skin Care,revenue_quality_score,Revenue Quality Score,94.6,82.3,-12.3,-13.0,0.2,Deterioration
P1157,Meesho,Vaseline,Skin Care,revenue_quality_score,Revenue Quality Score,83.8,84.0,0.2,0.24,0.0,Improvement
P1157,Website,Vaseline,Skin Care,revenue_quality_score,Revenue Quality Score,97.8,99.3,1.5,1.53,0.0,Improvement
P1162,Amazon,Vita Keratin,Hair Care,revenue_quality_score,Revenue Quality Score,72.6,76.6,4.0,5.51,0.1,Improvement
P1162,Flipkart,Vita Keratin,Hair Care,revenue_quality_score,Revenue Quality Score,78.1,87.1,9.0,11.52,0.2,Improvement
P1162,JioMart,Vita Keratin,Hair Care,revenue_quality_score,Revenue Quality Score,93.4,96.8,3.4,3.64,0.1,Improvement
P1162,Meesho,Vita Keratin,Hair Care,revenue_quality_score,Revenue Quality Score,85.1,83.4,-1.7,-2.0,0.0,Deterioration
P1162,Website,Vita Keratin,Hair Care,revenue_quality_score,Revenue Quality Score,99.1,84.0,-15.1,-15.24,0.3,Deterioration
P1164,Amazon,Wangprom,Health & Wellness,revenue_quality_score,Revenue Quality Score,66.3,70.3,4.0,6.03,0.1,Improvement
P1164,Flipkart,Wangprom,Health & Wellness,revenue_quality_score,Revenue Quality Score,92.1,85.6,-6.5,-7.06,0.1,Deterioration
P1164,JioMart,Wangprom,Health & Wellness,revenue_quality_score,Revenue Quality Score,100.0,95.6,-4.4,-4.4,0.1,Deterioration
P1164,Meesho,Wangprom,Health & Wellness,revenue_quality_score,Revenue Quality Score,75.4,94.8,19.4,25.73,0.4,Improvement
P1164,Website,Wangprom,Health & Wellness,revenue_quality_score,Revenue Quality Score,98.5,79.4,-19.1,-19.39,0.3,Deterioration
P1176,Amazon,Wangprom,Health & Wellness,revenue_quality_score,Revenue Quality Score,69.1,68.5,-0.6,-0.87,0.0,Deterioration
P1176,Flipkart,Wangprom,Health & Wellness,revenue_quality_score,Revenue Quality Score,90.9,90.8,-0.1,-0.11,0.0,Deterioration
P1176,JioMart,Wangprom,Health & Wellness,revenue_quality_score,Revenue Quality Score,82.3,91.3,9.0,10.94,0.2,Improvement
P1176,Meesho,Wangprom,Health & Wellness,revenue_quality_score,Revenue Quality Score,90.8,93.3,2.5,2.75,0.0,Improvement
P1176,Website,Wangprom,Health & Wellness,revenue_quality_score,Revenue Quality Score,69.4,83.3,13.9,20.03,0.3,Improvement
P1185,Amazon,Watsons,Oral Care,revenue_quality_score,Revenue Quality Score,59.7,67.7,8.0,13.4,0.1,Improvement
P1185,Flipkart,Watsons,Oral Care,revenue_quality_score,Revenue Quality Score,93.7,97.0,3.3,3.52,0.1,Improvement
P1185,JioMart,Watsons,Oral Care,revenue_quality_score,Revenue Quality Score,95.2,91.3,-3.9,-4.1,0.1,Deterioration
P1185,Meesho,Watsons,Oral Care,revenue_quality_score,Revenue Quality Score,91.7,90.0,-1.7,-1.85,0.0,Deterioration
P1185,Website,Watsons,Oral Care,revenue_quality_score,Revenue Quality Score,97.8,75.0,-22.8,-23.31,0.4,Deterioration
P1190,Amazon,Watsons,Oral Care,revenue_quality_score,Revenue Quality Score,65.8,68.9,3.1,4.71,0.1,Improvement
P1190,Flipkart,Watsons,Oral Care,revenue_quality_score,Revenue Quality Score,88.2,85.5,-2.7,-3.06,0.0,Deterioration
P1190,JioMart,Watsons,Oral Care,revenue_quality_score,Revenue Quality Score,94.1,92.4,-1.7,-1.81,0.0,Deterioration
P1190,Meesho,Watsons,Oral Care,revenue_quality_score,Revenue Quality Score,98.8,80.3,-18.5,-18.72,0.3,Deterioration
P1190,Website,Watsons,Oral Care,revenue_quality_score,Revenue Quality Score,88.8,97.4,8.6,9.68,0.2,Improvement
P1196,Amazon,Watsons,Oral Care,revenue_quality_score,Revenue Quality Score,72.1,71.0,-1.1,-1.53,0.0,Deterioration
P1196,Flipkart,Watsons,Oral Care,revenue_quality_score,Revenue Quality Score,90.6,69.7,-20.9,-23.07,0.4,Deterioration
P1196,JioMart,Watsons,Oral Care,revenue_quality_score,Revenue Quality Score,80.1,82.5,2.4,3.0,0.0,Improvement
P1196,Meesho,Watsons,Oral Care,revenue_quality_score,Revenue Quality Score,90.1,86.4,-3.7,-4.11,0.1,Deterioration
P1196,Website,Watsons,Oral Care,revenue_quality_score,Revenue Quality Score,100.0,99.0,-1.0,-1.0,0.0,Deterioration
P1200,Amazon,Watsons,Oral Care,revenue_quality_score,Revenue Quality Score,65.8,49.8,-16.0,-24.32,0.3,Deterioration
P1200,Flipkart,Watsons,Oral Care,revenue_quality_score,Revenue Quality Score,83.6,79.0,-4.6,-5.5,0.1,Deterioration
P1200,JioMart,Watsons,Oral Care,revenue_quality_score,Revenue Quality Score,98.0,81.9,-16.1,-16.43,0.3,Deterioration
P1200,Meesho,Watsons,Oral Care,revenue_quality_score,Revenue Quality Score,85.4,90.2,4.8,5.62,0.1,Improvement
P1200,Website,Watsons,Oral Care,revenue_quality_score,Revenue Quality Score,85.6,97.8,12.2,14.25,0.2,Improvement
P1214,Amazon,Watsons,Oral Care,revenue_quality_score,Revenue Quality Score,59.7,54.1,-5.6,-9.38,0.1,Deterioration
P1214,Flipkart,Watsons,Oral Care,revenue_quality_score,Revenue Quality Score,85.1,86.9,1.8,2.12,0.0,Improvement
P1214,JioMart,Watsons,Oral Care,revenue_quality_score,Revenue Quality Score,83.0,84.8,1.8,2.17,0.0,Improvement
P1214,Meesho,Watsons,Oral Care,revenue_quality_score,Revenue Quality Score,81.8,79.3,-2.5,-3.06,0.0,Deterioration
P1214,Website,Watsons,Oral Care,revenue_quality_score,Revenue Quality Score,99.6,100.0,0.4,0.4,0.0,Improvement
P1218,Amazon,Watsons,Oral Care,revenue_quality_score,Revenue Quality Score,62.5,61.1,-1.4,-2.24,0.0,Deterioration
P1218,Flipkart,Watsons,Oral Care,revenue_quality_score,Revenue Quality Score,86.0,90.5,4.5,5.23,0.1,Improvement
P1218,JioMart,Watsons,Oral Care,revenue_quality_score,Revenue Quality Score,83.9,90.4,6.5,7.75,0.1,Improvement
P1218,Meesho,Watsons,Oral Care,revenue_quality_score,Revenue Quality Score,87.0,87.4,0.4,0.46,0.0,Improvement
P1218,Website,Watsons,Oral Care,revenue_quality_score,Revenue Quality Score,96.4,99.2,2.8,2.9,0.1,Improvement
P1237,Amazon,Watsons,Oral Care,revenue_quality_score,Revenue Quality Score,70.4,78.3,7.9,11.22,0.1,Improvement
P1237,Flipkart,Watsons,Oral Care,revenue_quality_score,Revenue Quality Score,89.1,83.3,-5.8,-6.51,0.1,Deterioration
P1237,JioMart,Watsons,Oral Care,revenue_quality_score,Revenue Quality Score,79.7,87.5,7.8,9.79,0.1,Improvement
P1237,Meesho,Watsons,Oral Care,revenue_quality_score,Revenue Quality Score,82.9,91.6,8.7,10.49,0.2,Improvement
P1237,Website,Watsons,Oral Care,revenue_quality_score,Revenue Quality Score,98.8,99.4,0.6,0.61,0.0,Improvement
P1248,Amazon,Watsons,Skin Care,revenue_quality_score,Revenue Quality Score,63.0,63.1,0.1,0.16,0.0,Improvement
P1248,Flipkart,Watsons,Skin Care,revenue_quality_score,Revenue Quality Score,82.2,95.4,13.2,16.06,0.2,Improvement
P1248,JioMart,Watsons,Skin Care,revenue_quality_score,Revenue Quality Score,89.7,96.8,7.1,7.92,0.1,Improvement
P1248,Meesho,Watsons,Skin Care,revenue_quality_score,Revenue Quality Score,90.0,94.5,4.5,5.0,0.1,Improvement
P1248,Website,Watsons,Skin Care,revenue_quality_score,Revenue Quality Score,99.2,97.8,-1.4,-1.41,0.0,Deterioration
P1249,Amazon,Watsons,Oral Care,revenue_quality_score,Revenue Quality Score,61.1,61.6,0.5,0.82,0.0,Improvement
P1249,Flipkart,Watsons,Oral Care,revenue_quality_score,Revenue Quality Score,91.5,82.9,-8.6,-9.4,0.2,Deterioration
P1249,JioMart,Watsons,Oral Care,revenue_quality_score,Revenue Quality Score,86.4,95.3,8.9,10.3,0.2,Improvement
P1249,Meesho,Watsons,Oral Care,revenue_quality_score,Revenue Quality Score,92.2,78.0,-14.2,-15.4,0.3,Deterioration
P1249,Website,Watsons,Oral Care,revenue_quality_score,Revenue Quality Score,99.7,97.2,-2.5,-2.51,0.0,Deterioration
P1251,Amazon,Watsons,Oral Care,revenue_quality_score,Revenue Quality Score,49.7,60.6,10.9,21.93,0.2,Improvement
P1251,Flipkart,Watsons,Oral Care,revenue_quality_score,Revenue Quality Score,92.2,78.5,-13.7,-14.86,0.3,Deterioration
P1251,JioMart,Watsons,Oral Care,revenue_quality_score,Revenue Quality Score,93.9,96.6,2.7,2.88,0.0,Improvement
P1251,Meesho,Watsons,Oral Care,revenue_quality_score,Revenue Quality Score,93.8,82.0,-11.8,-12.58,0.2,Deterioration
P1251,Website,Watsons,Oral Care,revenue_quality_score,Revenue Quality Score,99.0,86.1,-12.9,-13.03,0.2,Deterioration
P1254,Amazon,Watsons,Oral Care,revenue_quality_score,Revenue Quality Score,64.1,68.1,4.0,6.24,0.1,Improvement
P1254,Flipkart,Watsons,Oral Care,revenue_quality_score,Revenue Quality Score,88.4,75.8,-12.6,-14.25,0.2,Deterioration
P1254,JioMart,Watsons,Oral Care,revenue_quality_score,Revenue Quality Score,80.9,89.1,8.2,10.14,0.1,Improvement
P1254,Meesho,Watsons,Oral Care,revenue_quality_score,Revenue Quality Score,82.4,96.5,14.1,17.11,0.3,Improvement
P1254,Website,Watsons,Oral Care,revenue_quality_score,Revenue Quality Score,99.7,100.0,0.3,0.3,0.0,Improvement
P0022,Amazon,Ambi Pur,Home & Kitchen,estimated_profitability_index,Estimated Profitability Index,75.2,71.7,-3.5,-4.65,0.1,Deterioration
P0022,Flipkart,Ambi Pur,Home & Kitchen,estimated_profitability_index,Estimated Profitability Index,44.6,66.2,21.6,48.43,0.6,Improvement
P0022,JioMart,Ambi Pur,Home & Kitchen,estimated_profitability_index,Estimated Profitability Index,62.0,61.0,-1.0,-1.61,0.0,Deterioration
P0022,Meesho,Ambi Pur,Home & Kitchen,estimated_profitability_index,Estimated Profitability Index,65.9,63.8,-2.1,-3.19,0.1,Deterioration
P0022,Website,Ambi Pur,Home & Kitchen,estimated_profitability_index,Estimated Profitability Index,65.8,60.5,-5.3,-8.05,0.1,Deterioration
P0024,Amazon,AR,Skin Care,estimated_profitability_index,Estimated Profitability Index,50.5,56.1,5.6,11.09,0.1,Improvement
P0024,Flipkart,AR,Skin Care,estimated_profitability_index,Estimated Profitability Index,56.9,61.5,4.6,8.08,0.1,Improvement
P0024,JioMart,AR,Skin Care,estimated_profitability_index,Estimated Profitability Index,50.5,57.8,7.3,14.46,0.2,Improvement
P0024,Meesho,AR,Skin Care,estimated_profitability_index,Estimated Profitability Index,61.6,50.5,-11.1,-18.02,0.3,Deterioration
P0024,Website,AR,Skin Care,estimated_profitability_index,Estimated Profitability Index,62.7,61.8,-0.9,-1.44,0.0,Deterioration
P0029,Amazon,Axe,Body Care,estimated_profitability_index,Estimated Profitability Index,59.6,76.5,16.9,28.36,0.4,Improvement
P0029,Flipkart,Axe,Body Care,estimated_profitability_index,Estimated Profitability Index,58.6,56.6,-2.0,-3.41,0.1,Deterioration
P0029,JioMart,Axe,Body Care,estimated_profitability_index,Estimated Profitability Index,65.2,65.7,0.5,0.77,0.0,Improvement
P0029,Meesho,Axe,Body Care,estimated_profitability_index,Estimated Profitability Index,54.5,62.0,7.5,13.76,0.2,Improvement
P0029,Website,Axe,Body Care,estimated_profitability_index,Estimated Profitability Index,55.5,62.2,6.7,12.07,0.2,Improvement
P0034,Amazon,Axe,Body Care,estimated_profitability_index,Estimated Profitability Index,64.7,68.6,3.9,6.03,0.1,Improvement
P0034,Flipkart,Axe,Body Care,estimated_profitability_index,Estimated Profitability Index,50.3,63.1,12.8,25.45,0.3,Improvement
P0034,JioMart,Axe,Body Care,estimated_profitability_index,Estimated Profitability Index,54.4,53.7,-0.7,-1.29,0.0,Deterioration
P0034,Meesho,Axe,Body Care,estimated_profitability_index,Estimated Profitability Index,52.2,61.3,9.1,17.43,0.2,Improvement
P0034,Website,Axe,Body Care,estimated_profitability_index,Estimated Profitability Index,63.5,58.5,-5.0,-7.87,0.1,Deterioration
P0039,Amazon,Axe,Body Care,estimated_profitability_index,Estimated Profitability Index,60.7,53.0,-7.7,-12.69,0.2,Deterioration
P0039,Flipkart,Axe,Body Care,estimated_profitability_index,Estimated Profitability Index,63.3,65.8,2.5,3.95,0.1,Improvement
P0039,JioMart,Axe,Body Care,estimated_profitability_index,Estimated Profitability Index,55.7,60.2,4.5,8.08,0.1,Improvement
P0039,Meesho,Axe,Body Care,estimated_profitability_index,Estimated Profitability Index,64.0,60.1,-3.9,-6.09,0.1,Deterioration
P0039,Website,Axe,Body Care,estimated_profitability_index,Estimated Profitability Index,69.4,65.0,-4.4,-6.34,0.1,Deterioration
P0041,Amazon,Axe,Body Care,estimated_profitability_index,Estimated Profitability Index,61.3,55.7,-5.6,-9.14,0.1,Deterioration
P0041,Flipkart,Axe,Body Care,estimated_profitability_index,Estimated Profitability Index,54.2,64.8,10.6,19.56,0.3,Improvement
P0041,JioMart,Axe,Body Care,estimated_profitability_index,Estimated Profitability Index,67.0,59.4,-7.6,-11.34,0.2,Deterioration
P0041,Meesho,Axe,Body Care,estimated_profitability_index,Estimated Profitability Index,67.1,61.4,-5.7,-8.49,0.1,Deterioration
P0041,Website,Axe,Body Care,estimated_profitability_index,Estimated Profitability Index,66.3,66.7,0.4,0.6,0.0,Improvement
P0042,Amazon,Axe,Body Care,estimated_profitability_index,Estimated Profitability Index,73.3,70.1,-3.2,-4.37,0.1,Deterioration
P0042,Flipkart,Axe,Body Care,estimated_profitability_index,Estimated Profitability Index,67.6,71.0,3.4,5.03,0.1,Improvement
P0042,JioMart,Axe,Body Care,estimated_profitability_index,Estimated Profitability Index,63.4,61.1,-2.3,-3.63,0.1,Deterioration
P0042,Meesho,Axe,Body Care,estimated_profitability_index,Estimated Profitability Index,62.7,66.9,4.2,6.7,0.1,Improvement
P0042,Website,Axe,Body Care,estimated_profitability_index,Estimated Profitability Index,64.4,56.4,-8.0,-12.42,0.2,Deterioration
P0082,Amazon,Biore,Skin Care,estimated_profitability_index,Estimated Profitability Index,66.6,63.0,-3.6,-5.41,0.1,Deterioration
P0082,Flipkart,Biore,Skin Care,estimated_profitability_index,Estimated Profitability Index,56.5,66.5,10.0,17.7,0.3,Improvement
P0082,JioMart,Biore,Skin Care,estimated_profitability_index,Estimated Profitability Index,61.4,66.3,4.9,7.98,0.1,Improvement
P0082,Meesho,Biore,Skin Care,estimated_profitability_index,Estimated Profitability Index,61.7,61.4,-0.3,-0.49,0.0,Deterioration
P0082,Website,Biore,Skin Care,estimated_profitability_index,Estimated Profitability Index,63.1,64.4,1.3,2.06,0.0,Improvement
P0156,Amazon,Colgate,Oral Care,estimated_profitability_index,Estimated Profitability Index,66.7,68.2,1.5,2.25,0.0,Improvement
P0156,Flipkart,Colgate,Oral Care,estimated_profitability_index,Estimated Profitability Index,60.5,57.3,-3.2,-5.29,0.1,Deterioration
P0156,JioMart,Colgate,Oral Care,estimated_profitability_index,Estimated Profitability Index,59.1,62.2,3.1,5.25,0.1,Improvement
P0156,Meesho,Colgate,Oral Care,estimated_profitability_index,Estimated Profitability Index,61.7,60.8,-0.9,-1.46,0.0,Deterioration
P0156,Website,Colgate,Oral Care,estimated_profitability_index,Estimated Profitability Index,61.6,66.2,4.6,7.47,0.1,Improvement
P0168,Amazon,Colgate,Oral Care,estimated_profitability_index,Estimated Profitability Index,74.5,73.5,-1.0,-1.34,0.0,Deterioration
P0168,Flipkart,Colgate,Oral Care,estimated_profitability_index,Estimated Profitability Index,64.9,74.9,10.0,15.41,0.3,Improvement
P0168,JioMart,Colgate,Oral Care,estimated_profitability_index,Estimated Profitability Index,71.2,62.4,-8.8,-12.36,0.2,Deterioration
P0168,Meesho,Colgate,Oral Care,estimated_profitability_index,Estimated Profitability Index,62.8,59.6,-3.2,-5.1,0.1,Deterioration
P0168,Website,Colgate,Oral Care,estimated_profitability_index,Estimated Profitability Index,48.8,66.4,17.6,36.07,0.5,Improvement
P0170,Amazon,Colgate,Oral Care,estimated_profitability_index,Estimated Profitability Index,51.0,54.4,3.4,6.67,0.1,Improvement
P0170,Flipkart,Colgate,Oral Care,estimated_profitability_index,Estimated Profitability Index,55.6,54.5,-1.1,-1.98,0.0,Deterioration
P0170,JioMart,Colgate,Oral Care,estimated_profitability_index,Estimated Profitability Index,62.9,61.9,-1.0,-1.59,0.0,Deterioration
P0170,Meesho,Colgate,Oral Care,estimated_profitability_index,Estimated Profitability Index,40.8,64.2,23.4,57.35,0.6,Improvement
P0170,Website,Colgate,Oral Care,estimated_profitability_index,Estimated Profitability Index,59.8,63.8,4.0,6.69,0.1,Improvement
P0172,Amazon,Colgate,Oral Care,estimated_profitability_index,Estimated Profitability Index,73.1,74.1,1.0,1.37,0.0,Improvement
P0172,Flipkart,Colgate,Oral Care,estimated_profitability_index,Estimated Profitability Index,63.1,57.5,-5.6,-8.87,0.1,Deterioration
P0172,JioMart,Colgate,Oral Care,estimated_profitability_index,Estimated Profitability Index,64.4,64.5,0.1,0.16,0.0,Improvement
P0172,Meesho,Colgate,Oral Care,estimated_profitability_index,Estimated Profitability Index,61.6,62.0,0.4,0.65,0.0,Improvement
P0172,Website,Colgate,Oral Care,estimated_profitability_index,Estimated Profitability Index,62.8,63.0,0.2,0.32,0.0,Improvement
P0175,Amazon,Colgate,Oral Care,estimated_profitability_index,Estimated Profitability Index,66.5,64.0,-2.5,-3.76,0.1,Deterioration
P0175,Flipkart,Colgate,Oral Care,estimated_profitability_index,Estimated Profitability Index,56.2,63.8,7.6,13.52,0.2,Improvement
P0175,JioMart,Colgate,Oral Care,estimated_profitability_index,Estimated Profitability Index,64.2,62.1,-2.1,-3.27,0.1,Deterioration
P0175,Meesho,Colgate,Oral Care,estimated_profitability_index,Estimated Profitability Index,58.5,65.4,6.9,11.79,0.2,Improvement
P0175,Website,Colgate,Oral Care,estimated_profitability_index,Estimated Profitability Index,63.7,57.0,-6.7,-10.52,0.2,Deterioration
P0178,Amazon,Colgate,Oral Care,estimated_profitability_index,Estimated Profitability Index,58.2,61.7,3.5,6.01,0.1,Improvement
P0178,Flipkart,Colgate,Oral Care,estimated_profitability_index,Estimated Profitability Index,67.4,57.1,-10.3,-15.28,0.3,Deterioration
P0178,JioMart,Colgate,Oral Care,estimated_profitability_index,Estimated Profitability Index,58.0,56.6,-1.4,-2.41,0.0,Deterioration
P0178,Meesho,Colgate,Oral Care,estimated_profitability_index,Estimated Profitability Index,67.8,56.3,-11.5,-16.96,0.3,Deterioration
P0178,Website,Colgate,Oral Care,estimated_profitability_index,Estimated Profitability Index,64.8,62.9,-1.9,-2.93,0.0,Deterioration
P0212,Amazon,Colgate,Oral Care,estimated_profitability_index,Estimated Profitability Index,53.3,58.5,5.2,9.76,0.1,Improvement
P0212,Flipkart,Colgate,Oral Care,estimated_profitability_index,Estimated Profitability Index,60.7,61.6,0.9,1.48,0.0,Improvement
P0212,JioMart,Colgate,Oral Care,estimated_profitability_index,Estimated Profitability Index,62.7,50.2,-12.5,-19.94,0.3,Deterioration
P0212,Meesho,Colgate,Oral Care,estimated_profitability_index,Estimated Profitability Index,55.1,64.2,9.1,16.52,0.2,Improvement
P0212,Website,Colgate,Oral Care,estimated_profitability_index,Estimated Profitability Index,55.5,61.9,6.4,11.53,0.2,Improvement
P0218,Amazon,Colgate,Oral Care,estimated_profitability_index,Estimated Profitability Index,56.4,62.5,6.1,10.82,0.2,Improvement
P0218,Flipkart,Colgate,Oral Care,estimated_profitability_index,Estimated Profitability Index,48.8,65.0,16.2,33.2,0.4,Improvement
P0218,JioMart,Colgate,Oral Care,estimated_profitability_index,Estimated Profitability Index,45.9,66.4,20.5,44.66,0.5,Improvement
P0218,Meesho,Colgate,Oral Care,estimated_profitability_index,Estimated Profitability Index,60.5,69.1,8.6,14.21,0.2,Improvement
P0218,Website,Colgate,Oral Care,estimated_profitability_index,Estimated Profitability Index,64.3,65.5,1.2,1.87,0.0,Improvement
P0225,Amazon,Colgate,Oral Care,estimated_profitability_index,Estimated Profitability Index,54.6,61.4,6.8,12.45,0.2,Improvement
P0225,Flipkart,Colgate,Oral Care,estimated_profitability_index,Estimated Profitability Index,57.9,58.5,0.6,1.04,0.0,Improvement
P0225,JioMart,Colgate,Oral Care,estimated_profitability_index,Estimated Profitability Index,62.0,61.3,-0.7,-1.13,0.0,Deterioration
P0225,Meesho,Colgate,Oral Care,estimated_profitability_index,Estimated Profitability Index,61.2,60.5,-0.7,-1.14,0.0,Deterioration
P0225,Website,Colgate,Oral Care,estimated_profitability_index,Estimated Profitability Index,65.1,59.1,-6.0,-9.22,0.2,Deterioration
P0230,Amazon,Counterpain,Health & Wellness,estimated_profitability_index,Estimated Profitability Index,77.5,75.1,-2.4,-3.1,0.1,Deterioration
P0230,Flipkart,Counterpain,Health & Wellness,estimated_profitability_index,Estimated Profitability Index,63.8,69.9,6.1,9.56,0.2,Improvement
P0230,JioMart,Counterpain,Health & Wellness,estimated_profitability_index,Estimated Profitability Index,59.8,48.4,-11.4,-19.06,0.3,Deterioration
P0230,Meesho,Counterpain,Health & Wellness,estimated_profitability_index,Estimated Profitability Index,64.4,53.4,-11.0,-17.08,0.3,Deterioration
P0230,Website,Counterpain,Health & Wellness,estimated_profitability_index,Estimated Profitability Index,67.1,63.7,-3.4,-5.07,0.1,Deterioration
P0233,Amazon,Counterpain,Health & Wellness,estimated_profitability_index,Estimated Profitability Index,53.7,52.2,-1.5,-2.79,0.0,Deterioration
P0233,Flipkart,Counterpain,Health & Wellness,estimated_profitability_index,Estimated Profitability Index,60.6,53.7,-6.9,-11.39,0.2,Deterioration
P0233,JioMart,Counterpain,Health & Wellness,estimated_profitability_index,Estimated Profitability Index,60.4,54.0,-6.4,-10.6,0.2,Deterioration
P0233,Meesho,Counterpain,Health & Wellness,estimated_profitability_index,Estimated Profitability Index,60.0,60.5,0.5,0.83,0.0,Improvement
P0233,Website,Counterpain,Health & Wellness,estimated_profitability_index,Estimated Profitability Index,62.8,57.4,-5.4,-8.6,0.1,Deterioration
P0235,Amazon,Counterpain,Health & Wellness,estimated_profitability_index,Estimated Profitability Index,65.5,70.8,5.3,8.09,0.1,Improvement
P0235,Flipkart,Counterpain,Health & Wellness,estimated_profitability_index,Estimated Profitability Index,68.2,61.9,-6.3,-9.24,0.2,Deterioration
P0235,JioMart,Counterpain,Health & Wellness,estimated_profitability_index,Estimated Profitability Index,64.5,62.4,-2.1,-3.26,0.1,Deterioration
P0235,Meesho,Counterpain,Health & Wellness,estimated_profitability_index,Estimated Profitability Index,65.9,58.1,-7.8,-11.84,0.2,Deterioration
P0235,Website,Counterpain,Health & Wellness,estimated_profitability_index,Estimated Profitability Index,65.3,65.8,0.5,0.77,0.0,Improvement
P0246,Amazon,Dove,Body Care,estimated_profitability_index,Estimated Profitability Index,59.7,63.0,3.3,5.53,0.1,Improvement
P0246,Flipkart,Dove,Body Care,estimated_profitability_index,Estimated Profitability Index,62.6,62.0,-0.6,-0.96,0.0,Deterioration
P0246,JioMart,Dove,Body Care,estimated_profitability_index,Estimated Profitability Index,65.0,61.5,-3.5,-5.38,0.1,Deterioration
P0246,Meesho,Dove,Body Care,estimated_profitability_index,Estimated Profitability Index,61.0,60.3,-0.7,-1.15,0.0,Deterioration
P0246,Website,Dove,Body Care,estimated_profitability_index,Estimated Profitability Index,64.5,64.6,0.1,0.16,0.0,Improvement
P0252,Amazon,Dove,Hair Care,estimated_profitability_index,Estimated Profitability Index,58.1,76.8,18.7,32.19,0.5,Improvement
P0252,Flipkart,Dove,Hair Care,estimated_profitability_index,Estimated Profitability Index,58.9,66.8,7.9,13.41,0.2,Improvement
P0252,JioMart,Dove,Hair Care,estimated_profitability_index,Estimated Profitability Index,67.4,66.6,-0.8,-1.19,0.0,Deterioration
P0252,Meesho,Dove,Hair Care,estimated_profitability_index,Estimated Profitability Index,60.0,65.3,5.3,8.83,0.1,Improvement
P0252,Website,Dove,Hair Care,estimated_profitability_index,Estimated Profitability Index,67.2,59.7,-7.5,-11.16,0.2,Deterioration
P0253,Amazon,Dove,Hair Care,estimated_profitability_index,Estimated Profitability Index,54.0,45.3,-8.7,-16.11,0.2,Deterioration
P0253,Flipkart,Dove,Hair Care,estimated_profitability_index,Estimated Profitability Index,59.4,57.9,-1.5,-2.53,0.0,Deterioration
P0253,JioMart,Dove,Hair Care,estimated_profitability_index,Estimated Profitability Index,59.5,60.5,1.0,1.68,0.0,Improvement
P0253,Meesho,Dove,Hair Care,estimated_profitability_index,Estimated Profitability Index,60.5,64.8,4.3,7.11,0.1,Improvement
P0253,Website,Dove,Hair Care,estimated_profitability_index,Estimated Profitability Index,59.7,58.1,-1.6,-2.68,0.0,Deterioration
P0257,Amazon,Dove,Hair Care,estimated_profitability_index,Estimated Profitability Index,59.2,54.6,-4.6,-7.77,0.1,Deterioration
P0257,Flipkart,Dove,Hair Care,estimated_profitability_index,Estimated Profitability Index,58.9,60.5,1.6,2.72,0.0,Improvement
P0257,JioMart,Dove,Hair Care,estimated_profitability_index,Estimated Profitability Index,61.1,60.4,-0.7,-1.15,0.0,Deterioration
P0257,Meesho,Dove,Hair Care,estimated_profitability_index,Estimated Profitability Index,59.8,63.1,3.3,5.52,0.1,Improvement
P0257,Website,Dove,Hair Care,estimated_profitability_index,Estimated Profitability Index,61.5,60.6,-0.9,-1.46,0.0,Deterioration
P0259,Amazon,Dove,Hair Care,estimated_profitability_index,Estimated Profitability Index,57.9,53.1,-4.8,-8.29,0.1,Deterioration
P0259,Flipkart,Dove,Hair Care,estimated_profitability_index,Estimated Profitability Index,56.2,56.3,0.1,0.18,0.0,Improvement
P0259,JioMart,Dove,Hair Care,estimated_profitability_index,Estimated Profitability Index,62.0,59.4,-2.6,-4.19,0.1,Deterioration
P0259,Meesho,Dove,Hair Care,estimated_profitability_index,Estimated Profitability Index,60.5,56.5,-4.0,-6.61,0.1,Deterioration
P0259,Website,Dove,Hair Care,estimated_profitability_index,Estimated Profitability Index,64.8,63.7,-1.1,-1.7,0.0,Deterioration
P0260,Amazon,Dove,Hair Care,estimated_profitability_index,Estimated Profitability Index,73.5,72.0,-1.5,-2.04,0.0,Deterioration
P0260,Flipkart,Dove,Hair Care,estimated_profitability_index,Estimated Profitability Index,56.3,70.5,14.2,25.22,0.4,Improvement
P0260,JioMart,Dove,Hair Care,estimated_profitability_index,Estimated Profitability Index,61.2,54.6,-6.6,-10.78,0.2,Deterioration
P0260,Meesho,Dove,Hair Care,estimated_profitability_index,Estimated Profitability Index,52.8,66.8,14.0,26.52,0.4,Improvement
P0260,Website,Dove,Hair Care,estimated_profitability_index,Estimated Profitability Index,61.0,59.5,-1.5,-2.46,0.0,Deterioration
P0261,Amazon,Dove,Hair Care,estimated_profitability_index,Estimated Profitability Index,62.1,43.4,-18.7,-30.11,0.5,Deterioration
P0261,Flipkart,Dove,Hair Care,estimated_profitability_index,Estimated Profitability Index,58.7,55.4,-3.3,-5.62,0.1,Deterioration
P0261,JioMart,Dove,Hair Care,estimated_profitability_index,Estimated Profitability Index,60.4,61.5,1.1,1.82,0.0,Improvement
P0261,Meesho,Dove,Hair Care,estimated_profitability_index,Estimated Profitability Index,60.2,62.4,2.2,3.65,0.1,Improvement
P0261,Website,Dove,Hair Care,estimated_profitability_index,Estimated Profitability Index,62.0,62.5,0.5,0.81,0.0,Improvement
P0262,Amazon,Dove,Hair Care,estimated_profitability_index,Estimated Profitability Index,57.1,55.9,-1.2,-2.1,0.0,Deterioration
P0262,Flipkart,Dove,Hair Care,estimated_profitability_index,Estimated Profitability Index,63.6,61.1,-2.5,-3.93,0.1,Deterioration
P0262,JioMart,Dove,Hair Care,estimated_profitability_index,Estimated Profitability Index,59.4,58.1,-1.3,-2.19,0.0,Deterioration
P0262,Meesho,Dove,Hair Care,estimated_profitability_index,Estimated Profitability Index,59.9,35.9,-24.0,-40.07,0.6,Deterioration
P0262,Website,Dove,Hair Care,estimated_profitability_index,Estimated Profitability Index,59.0,61.9,2.9,4.92,0.1,Improvement
P0263,Amazon,Dove,Hair Care,estimated_profitability_index,Estimated Profitability Index,65.3,71.5,6.2,9.49,0.2,Improvement
P0263,Flipkart,Dove,Hair Care,estimated_profitability_index,Estimated Profitability Index,63.2,73.4,10.2,16.14,0.3,Improvement
P0263,JioMart,Dove,Hair Care,estimated_profitability_index,Estimated Profitability Index,56.6,64.1,7.5,13.25,0.2,Improvement
P0263,Meesho,Dove,Hair Care,estimated_profitability_index,Estimated Profitability Index,62.6,59.6,-3.0,-4.79,0.1,Deterioration
P0263,Website,Dove,Hair Care,estimated_profitability_index,Estimated Profitability Index,66.9,69.0,2.1,3.14,0.1,Improvement
P0264,Amazon,Dove,Body Care,estimated_profitability_index,Estimated Profitability Index,68.2,72.2,4.0,5.87,0.1,Improvement
P0264,Flipkart,Dove,Body Care,estimated_profitability_index,Estimated Profitability Index,65.7,60.5,-5.2,-7.91,0.1,Deterioration
P0264,JioMart,Dove,Body Care,estimated_profitability_index,Estimated Profitability Index,62.2,63.9,1.7,2.73,0.0,Improvement
P0264,Meesho,Dove,Body Care,estimated_profitability_index,Estimated Profitability Index,66.1,66.4,0.3,0.45,0.0,Improvement
P0264,Website,Dove,Body Care,estimated_profitability_index,Estimated Profitability Index,60.0,65.6,5.6,9.33,0.1,Improvement
P0270,Amazon,Dove,Hair Care,estimated_profitability_index,Estimated Profitability Index,59.9,53.6,-6.3,-10.52,0.2,Deterioration
P0270,Flipkart,Dove,Hair Care,estimated_profitability_index,Estimated Profitability Index,59.0,58.3,-0.7,-1.19,0.0,Deterioration
P0270,JioMart,Dove,Hair Care,estimated_profitability_index,Estimated Profitability Index,55.8,49.8,-6.0,-10.75,0.2,Deterioration
P0270,Meesho,Dove,Hair Care,estimated_profitability_index,Estimated Profitability Index,55.6,57.0,1.4,2.52,0.0,Improvement
P0270,Website,Dove,Hair Care,estimated_profitability_index,Estimated Profitability Index,62.0,63.8,1.8,2.9,0.0,Improvement
P0271,Amazon,Dove,Hair Care,estimated_profitability_index,Estimated Profitability Index,50.1,55.2,5.1,10.18,0.1,Improvement
P0271,Flipkart,Dove,Hair Care,estimated_profitability_index,Estimated Profitability Index,51.1,62.4,11.3,22.11,0.3,Improvement
P0271,JioMart,Dove,Hair Care,estimated_profitability_index,Estimated Profitability Index,62.7,62.7,0.0,0.0,0.0,No Change
P0271,Meesho,Dove,Hair Care,estimated_profitability_index,Estimated Profitability Index,62.9,59.2,-3.7,-5.88,0.1,Deterioration
P0271,Website,Dove,Hair Care,estimated_profitability_index,Estimated Profitability Index,61.9,61.3,-0.6,-0.97,0.0,Deterioration
P0278,Amazon,Dove,Hair Care,estimated_profitability_index,Estimated Profitability Index,48.4,42.7,-5.7,-11.78,0.1,Deterioration
P0278,Flipkart,Dove,Hair Care,estimated_profitability_index,Estimated Profitability Index,62.4,57.3,-5.1,-8.17,0.1,Deterioration
P0278,JioMart,Dove,Hair Care,estimated_profitability_index,Estimated Profitability Index,62.4,53.8,-8.6,-13.78,0.2,Deterioration
P0278,Meesho,Dove,Hair Care,estimated_profitability_index,Estimated Profitability Index,60.1,62.6,2.5,4.16,0.1,Improvement
P0278,Website,Dove,Hair Care,estimated_profitability_index,Estimated Profitability Index,61.7,61.1,-0.6,-0.97,0.0,Deterioration
P0279,Amazon,Dove,Body Care,estimated_profitability_index,Estimated Profitability Index,76.6,74.1,-2.5,-3.26,0.1,Deterioration
P0279,Flipkart,Dove,Body Care,estimated_profitability_index,Estimated Profitability Index,67.4,59.9,-7.5,-11.13,0.2,Deterioration
P0279,JioMart,Dove,Body Care,estimated_profitability_index,Estimated Profitability Index,62.4,67.7,5.3,8.49,0.1,Improvement
P0279,Meesho,Dove,Body Care,estimated_profitability_index,Estimated Profitability Index,62.2,64.4,2.2,3.54,0.1,Improvement
P0279,Website,Dove,Body Care,estimated_profitability_index,Estimated Profitability Index,70.2,64.7,-5.5,-7.83,0.1,Deterioration
P0308,Amazon,Dove,Hair Care,estimated_profitability_index,Estimated Profitability Index,55.1,52.5,-2.6,-4.72,0.1,Deterioration
P0308,Flipkart,Dove,Hair Care,estimated_profitability_index,Estimated Profitability Index,60.5,59.8,-0.7,-1.16,0.0,Deterioration
P0308,JioMart,Dove,Hair Care,estimated_profitability_index,Estimated Profitability Index,61.2,59.1,-2.1,-3.43,0.1,Deterioration
P0308,Meesho,Dove,Hair Care,estimated_profitability_index,Estimated Profitability Index,60.8,53.9,-6.9,-11.35,0.2,Deterioration
P0308,Website,Dove,Hair Care,estimated_profitability_index,Estimated Profitability Index,64.6,61.9,-2.7,-4.18,0.1,Deterioration
P0342,Amazon,Fino,Hair Care,estimated_profitability_index,Estimated Profitability Index,66.3,71.7,5.4,8.14,0.1,Improvement
P0342,Flipkart,Fino,Hair Care,estimated_profitability_index,Estimated Profitability Index,57.0,62.8,5.8,10.18,0.2,Improvement
P0342,JioMart,Fino,Hair Care,estimated_profitability_index,Estimated Profitability Index,59.5,65.7,6.2,10.42,0.2,Improvement
P0342,Meesho,Fino,Hair Care,estimated_profitability_index,Estimated Profitability Index,62.1,55.1,-7.0,-11.27,0.2,Deterioration
P0342,Website,Fino,Hair Care,estimated_profitability_index,Estimated Profitability Index,65.5,62.9,-2.6,-3.97,0.1,Deterioration
P0343,Amazon,Fino,Hair Care,estimated_profitability_index,Estimated Profitability Index,66.3,69.0,2.7,4.07,0.1,Improvement
P0343,Flipkart,Fino,Hair Care,estimated_profitability_index,Estimated Profitability Index,61.9,55.3,-6.6,-10.66,0.2,Deterioration
P0343,JioMart,Fino,Hair Care,estimated_profitability_index,Estimated Profitability Index,51.7,59.8,8.1,15.67,0.2,Improvement
P0343,Meesho,Fino,Hair Care,estimated_profitability_index,Estimated Profitability Index,65.7,63.0,-2.7,-4.11,0.1,Deterioration
P0343,Website,Fino,Hair Care,estimated_profitability_index,Estimated Profitability Index,43.5,68.8,25.3,58.16,0.7,Improvement
P0427,Amazon,Kaowmanee,Skin Care,estimated_profitability_index,Estimated Profitability Index,42.0,50.4,8.4,20.0,0.2,Improvement
P0427,Flipkart,Kaowmanee,Skin Care,estimated_profitability_index,Estimated Profitability Index,57.7,60.2,2.5,4.33,0.1,Improvement
P0427,JioMart,Kaowmanee,Skin Care,estimated_profitability_index,Estimated Profitability Index,57.3,59.4,2.1,3.66,0.1,Improvement
P0427,Meesho,Kaowmanee,Skin Care,estimated_profitability_index,Estimated Profitability Index,60.7,60.6,-0.1,-0.16,0.0,Deterioration
P0427,Website,Kaowmanee,Skin Care,estimated_profitability_index,Estimated Profitability Index,53.1,59.1,6.0,11.3,0.2,Improvement
P0437,Amazon,L'Oreal Paris,Skin Care,estimated_profitability_index,Estimated Profitability Index,64.8,63.9,-0.9,-1.39,0.0,Deterioration
P0437,Flipkart,L'Oreal Paris,Skin Care,estimated_profitability_index,Estimated Profitability Index,54.9,68.6,13.7,24.95,0.4,Improvement
P0437,JioMart,L'Oreal Paris,Skin Care,estimated_profitability_index,Estimated Profitability Index,57.7,51.5,-6.2,-10.75,0.2,Deterioration
P0437,Meesho,L'Oreal Paris,Skin Care,estimated_profitability_index,Estimated Profitability Index,54.5,62.1,7.6,13.94,0.2,Improvement
P0437,Website,L'Oreal Paris,Skin Care,estimated_profitability_index,Estimated Profitability Index,66.5,65.1,-1.4,-2.11,0.0,Deterioration
P0475,Amazon,Listerine,Oral Care,estimated_profitability_index,Estimated Profitability Index,53.4,55.8,2.4,4.49,0.1,Improvement
P0475,Flipkart,Listerine,Oral Care,estimated_profitability_index,Estimated Profitability Index,59.7,57.5,-2.2,-3.69,0.1,Deterioration
P0475,JioMart,Listerine,Oral Care,estimated_profitability_index,Estimated Profitability Index,62.4,60.5,-1.9,-3.04,0.0,Deterioration
P0475,Meesho,Listerine,Oral Care,estimated_profitability_index,Estimated Profitability Index,61.2,62.6,1.4,2.29,0.0,Improvement
P0475,Website,Listerine,Oral Care,estimated_profitability_index,Estimated Profitability Index,57.5,62.9,5.4,9.39,0.1,Improvement
P0476,Amazon,Listerine,Oral Care,estimated_profitability_index,Estimated Profitability Index,52.3,53.6,1.3,2.49,0.0,Improvement
P0476,Flipkart,Listerine,Oral Care,estimated_profitability_index,Estimated Profitability Index,61.0,59.3,-1.7,-2.79,0.0,Deterioration
P0476,JioMart,Listerine,Oral Care,estimated_profitability_index,Estimated Profitability Index,60.3,62.1,1.8,2.99,0.0,Improvement
P0476,Meesho,Listerine,Oral Care,estimated_profitability_index,Estimated Profitability Index,58.6,63.1,4.5,7.68,0.1,Improvement
P0476,Website,Listerine,Oral Care,estimated_profitability_index,Estimated Profitability Index,57.2,56.2,-1.0,-1.75,0.0,Deterioration
P0488,Amazon,Listerine,Oral Care,estimated_profitability_index,Estimated Profitability Index,71.2,76.6,5.4,7.58,0.1,Improvement
P0488,Flipkart,Listerine,Oral Care,estimated_profitability_index,Estimated Profitability Index,63.0,71.1,8.1,12.86,0.2,Improvement
P0488,JioMart,Listerine,Oral Care,estimated_profitability_index,Estimated Profitability Index,61.0,58.5,-2.5,-4.1,0.1,Deterioration
P0488,Meesho,Listerine,Oral Care,estimated_profitability_index,Estimated Profitability Index,59.6,55.0,-4.6,-7.72,0.1,Deterioration
P0488,Website,Listerine,Oral Care,estimated_profitability_index,Estimated Profitability Index,69.8,62.7,-7.1,-10.17,0.2,Deterioration
P0528,Amazon,NEXCARE,Skin Care,estimated_profitability_index,Estimated Profitability Index,69.6,64.2,-5.4,-7.76,0.1,Deterioration
P0528,Flipkart,NEXCARE,Skin Care,estimated_profitability_index,Estimated Profitability Index,67.6,66.6,-1.0,-1.48,0.0,Deterioration
P0528,JioMart,NEXCARE,Skin Care,estimated_profitability_index,Estimated Profitability Index,58.4,59.1,0.7,1.2,0.0,Improvement
P0528,Meesho,NEXCARE,Skin Care,estimated_profitability_index,Estimated Profitability Index,62.8,61.5,-1.3,-2.07,0.0,Deterioration
P0528,Website,NEXCARE,Skin Care,estimated_profitability_index,Estimated Profitability Index,50.8,60.1,9.3,18.31,0.2,Improvement
P0529,Amazon,NEXCARE,Skin Care,estimated_profitability_index,Estimated Profitability Index,81.9,70.8,-11.1,-13.55,0.3,Deterioration
P0529,Flipkart,NEXCARE,Skin Care,estimated_profitability_index,Estimated Profitability Index,68.5,59.7,-8.8,-12.85,0.2,Deterioration
P0529,JioMart,NEXCARE,Skin Care,estimated_profitability_index,Estimated Profitability Index,59.3,66.8,7.5,12.65,0.2,Improvement
P0529,Meesho,NEXCARE,Skin Care,estimated_profitability_index,Estimated Profitability Index,64.9,58.7,-6.2,-9.55,0.2,Deterioration
P0529,Website,NEXCARE,Skin Care,estimated_profitability_index,Estimated Profitability Index,57.9,61.9,4.0,6.91,0.1,Improvement
P0531,Amazon,NEXCARE,Skin Care,estimated_profitability_index,Estimated Profitability Index,58.1,55.2,-2.9,-4.99,0.1,Deterioration
P0531,Flipkart,NEXCARE,Skin Care,estimated_profitability_index,Estimated Profitability Index,60.5,57.9,-2.6,-4.3,0.1,Deterioration
P0531,JioMart,NEXCARE,Skin Care,estimated_profitability_index,Estimated Profitability Index,61.5,48.7,-12.8,-20.81,0.3,Deterioration
P0531,Meesho,NEXCARE,Skin Care,estimated_profitability_index,Estimated Profitability Index,57.4,47.7,-9.7,-16.9,0.3,Deterioration
P0531,Website,NEXCARE,Skin Care,estimated_profitability_index,Estimated Profitability Index,52.1,61.4,9.3,17.85,0.2,Improvement
P0534,Amazon,Nexcare,Skin Care,estimated_profitability_index,Estimated Profitability Index,67.7,65.0,-2.7,-3.99,0.1,Deterioration
P0534,Flipkart,Nexcare,Skin Care,estimated_profitability_index,Estimated Profitability Index,58.9,61.1,2.2,3.74,0.1,Improvement
P0534,JioMart,Nexcare,Skin Care,estimated_profitability_index,Estimated Profitability Index,61.8,40.8,-21.0,-33.98,0.5,Deterioration
P0534,Meesho,Nexcare,Skin Care,estimated_profitability_index,Estimated Profitability Index,64.1,60.8,-3.3,-5.15,0.1,Deterioration
P0534,Website,Nexcare,Skin Care,estimated_profitability_index,Estimated Profitability Index,64.2,63.0,-1.2,-1.87,0.0,Deterioration
P0536,Amazon,NOVOLIFE,Health & Wellness,estimated_profitability_index,Estimated Profitability Index,42.6,45.6,3.0,7.04,0.1,Improvement
P0536,Flipkart,NOVOLIFE,Health & Wellness,estimated_profitability_index,Estimated Profitability Index,57.6,57.4,-0.2,-0.35,0.0,Deterioration
P0536,JioMart,NOVOLIFE,Health & Wellness,estimated_profitability_index,Estimated Profitability Index,58.7,61.4,2.7,4.6,0.1,Improvement
P0536,Meesho,NOVOLIFE,Health & Wellness,estimated_profitability_index,Estimated Profitability Index,63.2,47.5,-15.7,-24.84,0.4,Deterioration
P0536,Website,NOVOLIFE,Health & Wellness,estimated_profitability_index,Estimated Profitability Index,61.8,61.6,-0.2,-0.32,0.0,Deterioration
P0543,Amazon,Ora2,Oral Care,estimated_profitability_index,Estimated Profitability Index,79.3,74.3,-5.0,-6.31,0.1,Deterioration
P0543,Flipkart,Ora2,Oral Care,estimated_profitability_index,Estimated Profitability Index,68.9,54.4,-14.5,-21.04,0.4,Deterioration
P0543,JioMart,Ora2,Oral Care,estimated_profitability_index,Estimated Profitability Index,69.1,61.5,-7.6,-11.0,0.2,Deterioration
P0543,Meesho,Ora2,Oral Care,estimated_profitability_index,Estimated Profitability Index,63.7,64.5,0.8,1.26,0.0,Improvement
P0543,Website,Ora2,Oral Care,estimated_profitability_index,Estimated Profitability Index,63.9,66.2,2.3,3.6,0.1,Improvement
P0546,Amazon,Ora2,Oral Care,estimated_profitability_index,Estimated Profitability Index,79.3,76.7,-2.6,-3.28,0.1,Deterioration
P0546,Flipkart,Ora2,Oral Care,estimated_profitability_index,Estimated Profitability Index,62.1,64.2,2.1,3.38,0.1,Improvement
P0546,JioMart,Ora2,Oral Care,estimated_profitability_index,Estimated Profitability Index,63.2,62.4,-0.8,-1.27,0.0,Deterioration
P0546,Meesho,Ora2,Oral Care,estimated_profitability_index,Estimated Profitability Index,63.6,57.6,-6.0,-9.43,0.2,Deterioration
P0546,Website,Ora2,Oral Care,estimated_profitability_index,Estimated Profitability Index,65.9,61.2,-4.7,-7.13,0.1,Deterioration
P0547,Amazon,Oral-B,Oral Care,estimated_profitability_index,Estimated Profitability Index,69.1,71.9,2.8,4.05,0.1,Improvement
P0547,Flipkart,Oral-B,Oral Care,estimated_profitability_index,Estimated Profitability Index,63.9,61.2,-2.7,-4.23,0.1,Deterioration
P0547,JioMart,Oral-B,Oral Care,estimated_profitability_index,Estimated Profitability Index,68.2,57.9,-10.3,-15.1,0.3,Deterioration
P0547,Meesho,Oral-B,Oral Care,estimated_profitability_index,Estimated Profitability Index,56.2,68.1,11.9,21.17,0.3,Improvement
P0547,Website,Oral-B,Oral Care,estimated_profitability_index,Estimated Profitability Index,54.9,66.5,11.6,21.13,0.3,Improvement
P0548,Amazon,Oral-B,Oral Care,estimated_profitability_index,Estimated Profitability Index,69.7,69.5,-0.2,-0.29,0.0,Deterioration
P0548,Flipkart,Oral-B,Oral Care,estimated_profitability_index,Estimated Profitability Index,70.6,70.2,-0.4,-0.57,0.0,Deterioration
P0548,JioMart,Oral-B,Oral Care,estimated_profitability_index,Estimated Profitability Index,61.2,60.9,-0.3,-0.49,0.0,Deterioration
P0548,Meesho,Oral-B,Oral Care,estimated_profitability_index,Estimated Profitability Index,64.9,61.0,-3.9,-6.01,0.1,Deterioration
P0548,Website,Oral-B,Oral Care,estimated_profitability_index,Estimated Profitability Index,61.9,65.4,3.5,5.65,0.1,Improvement
P0553,Amazon,Oral-B,Oral Care,estimated_profitability_index,Estimated Profitability Index,71.4,71.9,0.5,0.7,0.0,Improvement
P0553,Flipkart,Oral-B,Oral Care,estimated_profitability_index,Estimated Profitability Index,69.3,66.3,-3.0,-4.33,0.1,Deterioration
P0553,JioMart,Oral-B,Oral Care,estimated_profitability_index,Estimated Profitability Index,57.9,65.4,7.5,12.95,0.2,Improvement
P0553,Meesho,Oral-B,Oral Care,estimated_profitability_index,Estimated Profitability Index,67.7,66.4,-1.3,-1.92,0.0,Deterioration
P0553,Website,Oral-B,Oral Care,estimated_profitability_index,Estimated Profitability Index,63.9,56.5,-7.4,-11.58,0.2,Deterioration
P0554,Amazon,Oral-B,Oral Care,estimated_profitability_index,Estimated Profitability Index,62.6,70.3,7.7,12.3,0.2,Improvement
P0554,Flipkart,Oral-B,Oral Care,estimated_profitability_index,Estimated Profitability Index,64.2,65.1,0.9,1.4,0.0,Improvement
P0554,JioMart,Oral-B,Oral Care,estimated_profitability_index,Estimated Profitability Index,63.5,69.7,6.2,9.76,0.2,Improvement
P0554,Meesho,Oral-B,Oral Care,estimated_profitability_index,Estimated Profitability Index,64.7,55.6,-9.1,-14.06,0.2,Deterioration
P0554,Website,Oral-B,Oral Care,estimated_profitability_index,Estimated Profitability Index,70.3,50.2,-20.1,-28.59,0.5,Deterioration
P0555,Amazon,Oral-B,Oral Care,estimated_profitability_index,Estimated Profitability Index,53.4,51.6,-1.8,-3.37,0.0,Deterioration
P0555,Flipkart,Oral-B,Oral Care,estimated_profitability_index,Estimated Profitability Index,60.7,56.3,-4.4,-7.25,0.1,Deterioration
P0555,JioMart,Oral-B,Oral Care,estimated_profitability_index,Estimated Profitability Index,57.7,63.9,6.2,10.75,0.2,Improvement
P0555,Meesho,Oral-B,Oral Care,estimated_profitability_index,Estimated Profitability Index,61.0,60.9,-0.1,-0.16,0.0,Deterioration
P0555,Website,Oral-B,Oral Care,estimated_profitability_index,Estimated Profitability Index,60.5,63.0,2.5,4.13,0.1,Improvement
P0557,Amazon,Oral-B,Oral Care,estimated_profitability_index,Estimated Profitability Index,55.0,55.3,0.3,0.55,0.0,Improvement
P0557,Flipkart,Oral-B,Oral Care,estimated_profitability_index,Estimated Profitability Index,56.5,57.1,0.6,1.06,0.0,Improvement
P0557,JioMart,Oral-B,Oral Care,estimated_profitability_index,Estimated Profitability Index,59.8,58.3,-1.5,-2.51,0.0,Deterioration
P0557,Meesho,Oral-B,Oral Care,estimated_profitability_index,Estimated Profitability Index,59.9,43.5,-16.4,-27.38,0.4,Deterioration
P0557,Website,Oral-B,Oral Care,estimated_profitability_index,Estimated Profitability Index,55.3,61.6,6.3,11.39,0.2,Improvement
P0562,Amazon,Oral-B,Oral Care,estimated_profitability_index,Estimated Profitability Index,68.8,73.2,4.4,6.4,0.1,Improvement
P0562,Flipkart,Oral-B,Oral Care,estimated_profitability_index,Estimated Profitability Index,70.4,59.0,-11.4,-16.19,0.3,Deterioration
P0562,JioMart,Oral-B,Oral Care,estimated_profitability_index,Estimated Profitability Index,47.7,63.6,15.9,33.33,0.4,Improvement
P0562,Meesho,Oral-B,Oral Care,estimated_profitability_index,Estimated Profitability Index,67.4,64.5,-2.9,-4.3,0.1,Deterioration
P0562,Website,Oral-B,Oral Care,estimated_profitability_index,Estimated Profitability Index,67.2,66.3,-0.9,-1.34,0.0,Deterioration
P0563,Amazon,Oral-B,Oral Care,estimated_profitability_index,Estimated Profitability Index,64.1,60.1,-4.0,-6.24,0.1,Deterioration
P0563,Flipkart,Oral-B,Oral Care,estimated_profitability_index,Estimated Profitability Index,65.5,58.9,-6.6,-10.08,0.2,Deterioration
P0563,JioMart,Oral-B,Oral Care,estimated_profitability_index,Estimated Profitability Index,63.1,65.9,2.8,4.44,0.1,Improvement
P0563,Meesho,Oral-B,Oral Care,estimated_profitability_index,Estimated Profitability Index,66.3,27.8,-38.5,-58.07,1.0,Deterioration
P0563,Website,Oral-B,Oral Care,estimated_profitability_index,Estimated Profitability Index,56.9,67.3,10.4,18.28,0.3,Improvement
P0565,Amazon,Pair,Skin Care,estimated_profitability_index,Estimated Profitability Index,66.3,79.8,13.5,20.36,0.4,Improvement
P0565,Flipkart,Pair,Skin Care,estimated_profitability_index,Estimated Profitability Index,58.6,59.3,0.7,1.19,0.0,Improvement
P0565,JioMart,Pair,Skin Care,estimated_profitability_index,Estimated Profitability Index,66.8,61.0,-5.8,-8.68,0.2,Deterioration
P0565,Meesho,Pair,Skin Care,estimated_profitability_index,Estimated Profitability Index,60.5,58.6,-1.9,-3.14,0.0,Deterioration
P0565,Website,Pair,Skin Care,estimated_profitability_index,Estimated Profitability Index,64.5,63.7,-0.8,-1.24,0.0,Deterioration
P0566,Amazon,Pantene,Hair Care,estimated_profitability_index,Estimated Profitability Index,61.3,68.3,7.0,11.42,0.2,Improvement
P0566,Flipkart,Pantene,Hair Care,estimated_profitability_index,Estimated Profitability Index,63.6,64.8,1.2,1.89,0.0,Improvement
P0566,JioMart,Pantene,Hair Care,estimated_profitability_index,Estimated Profitability Index,62.2,67.2,5.0,8.04,0.1,Improvement
P0566,Meesho,Pantene,Hair Care,estimated_profitability_index,Estimated Profitability Index,64.3,67.5,3.2,4.98,0.1,Improvement
P0566,Website,Pantene,Hair Care,estimated_profitability_index,Estimated Profitability Index,64.3,70.8,6.5,10.11,0.2,Improvement
P0573,Amazon,Pantene,Hair Care,estimated_profitability_index,Estimated Profitability Index,71.1,77.5,6.4,9.0,0.2,Improvement
P0573,Flipkart,Pantene,Hair Care,estimated_profitability_index,Estimated Profitability Index,66.0,66.4,0.4,0.61,0.0,Improvement
P0573,JioMart,Pantene,Hair Care,estimated_profitability_index,Estimated Profitability Index,61.1,59.7,-1.4,-2.29,0.0,Deterioration
P0573,Meesho,Pantene,Hair Care,estimated_profitability_index,Estimated Profitability Index,61.6,66.9,5.3,8.6,0.1,Improvement
P0573,Website,Pantene,Hair Care,estimated_profitability_index,Estimated Profitability Index,65.4,64.7,-0.7,-1.07,0.0,Deterioration
P0581,Amazon,Pantene,Hair Care,estimated_profitability_index,Estimated Profitability Index,68.8,81.2,12.4,18.02,0.3,Improvement
P0581,Flipkart,Pantene,Hair Care,estimated_profitability_index,Estimated Profitability Index,59.5,72.1,12.6,21.18,0.3,Improvement
P0581,JioMart,Pantene,Hair Care,estimated_profitability_index,Estimated Profitability Index,68.8,60.0,-8.8,-12.79,0.2,Deterioration
P0581,Meesho,Pantene,Hair Care,estimated_profitability_index,Estimated Profitability Index,63.9,65.5,1.6,2.5,0.0,Improvement
P0581,Website,Pantene,Hair Care,estimated_profitability_index,Estimated Profitability Index,45.3,54.7,9.4,20.75,0.2,Improvement
P0586,Amazon,Pantene,Hair Care,estimated_profitability_index,Estimated Profitability Index,74.0,64.7,-9.3,-12.57,0.2,Deterioration
P0586,Flipkart,Pantene,Hair Care,estimated_profitability_index,Estimated Profitability Index,53.2,58.5,5.3,9.96,0.1,Improvement
P0586,JioMart,Pantene,Hair Care,estimated_profitability_index,Estimated Profitability Index,57.3,65.5,8.2,14.31,0.2,Improvement
P0586,Meesho,Pantene,Hair Care,estimated_profitability_index,Estimated Profitability Index,66.2,67.1,0.9,1.36,0.0,Improvement
P0586,Website,Pantene,Hair Care,estimated_profitability_index,Estimated Profitability Index,65.6,65.3,-0.3,-0.46,0.0,Deterioration
P0590,Amazon,Pantene,Hair Care,estimated_profitability_index,Estimated Profitability Index,76.9,70.5,-6.4,-8.32,0.2,Deterioration
P0590,Flipkart,Pantene,Hair Care,estimated_profitability_index,Estimated Profitability Index,51.3,65.8,14.5,28.27,0.4,Improvement
P0590,JioMart,Pantene,Hair Care,estimated_profitability_index,Estimated Profitability Index,58.4,61.5,3.1,5.31,0.1,Improvement
P0590,Meesho,Pantene,Hair Care,estimated_profitability_index,Estimated Profitability Index,66.0,65.4,-0.6,-0.91,0.0,Deterioration
P0590,Website,Pantene,Hair Care,estimated_profitability_index,Estimated Profitability Index,59.1,62.7,3.6,6.09,0.1,Improvement
P0594,Amazon,Pantene,Hair Care,estimated_profitability_index,Estimated Profitability Index,60.7,69.6,8.9,14.66,0.2,Improvement
P0594,Flipkart,Pantene,Hair Care,estimated_profitability_index,Estimated Profitability Index,68.5,72.2,3.7,5.4,0.1,Improvement
P0594,JioMart,Pantene,Hair Care,estimated_profitability_index,Estimated Profitability Index,63.0,54.7,-8.3,-13.17,0.2,Deterioration
P0594,Meesho,Pantene,Hair Care,estimated_profitability_index,Estimated Profitability Index,60.0,67.5,7.5,12.5,0.2,Improvement
P0594,Website,Pantene,Hair Care,estimated_profitability_index,Estimated Profitability Index,74.8,65.2,-9.6,-12.83,0.2,Deterioration
P0595,Amazon,Pantene,Hair Care,estimated_profitability_index,Estimated Profitability Index,59.5,52.8,-6.7,-11.26,0.2,Deterioration
P0595,Flipkart,Pantene,Hair Care,estimated_profitability_index,Estimated Profitability Index,63.2,41.8,-21.4,-33.86,0.6,Deterioration
P0595,JioMart,Pantene,Hair Care,estimated_profitability_index,Estimated Profitability Index,55.8,60.8,5.0,8.96,0.1,Improvement
P0595,Meesho,Pantene,Hair Care,estimated_profitability_index,Estimated Profitability Index,55.3,51.4,-3.9,-7.05,0.1,Deterioration
P0595,Website,Pantene,Hair Care,estimated_profitability_index,Estimated Profitability Index,55.0,62.5,7.5,13.64,0.2,Improvement
P0598,Amazon,Pantene,Hair Care,estimated_profitability_index,Estimated Profitability Index,50.4,59.3,8.9,17.66,0.2,Improvement
P0598,Flipkart,Pantene,Hair Care,estimated_profitability_index,Estimated Profitability Index,47.6,60.7,13.1,27.52,0.3,Improvement
P0598,JioMart,Pantene,Hair Care,estimated_profitability_index,Estimated Profitability Index,60.2,63.2,3.0,4.98,0.1,Improvement
P0598,Meesho,Pantene,Hair Care,estimated_profitability_index,Estimated Profitability Index,61.6,60.6,-1.0,-1.62,0.0,Deterioration
P0598,Website,Pantene,Hair Care,estimated_profitability_index,Estimated Profitability Index,63.3,64.2,0.9,1.42,0.0,Improvement
P0602,Amazon,Pantene,Hair Care,estimated_profitability_index,Estimated Profitability Index,74.6,78.0,3.4,4.56,0.1,Improvement
P0602,Flipkart,Pantene,Hair Care,estimated_profitability_index,Estimated Profitability Index,64.7,63.1,-1.6,-2.47,0.0,Deterioration
P0602,JioMart,Pantene,Hair Care,estimated_profitability_index,Estimated Profitability Index,62.8,59.4,-3.4,-5.41,0.1,Deterioration
P0602,Meesho,Pantene,Hair Care,estimated_profitability_index,Estimated Profitability Index,68.1,66.8,-1.3,-1.91,0.0,Deterioration
P0602,Website,Pantene,Hair Care,estimated_profitability_index,Estimated Profitability Index,66.6,68.3,1.7,2.55,0.0,Improvement
P0604,Amazon,Pantene,Hair Care,estimated_profitability_index,Estimated Profitability Index,78.5,62.8,-15.7,-20.0,0.4,Deterioration
P0604,Flipkart,Pantene,Hair Care,estimated_profitability_index,Estimated Profitability Index,69.0,66.3,-2.7,-3.91,0.1,Deterioration
P0604,JioMart,Pantene,Hair Care,estimated_profitability_index,Estimated Profitability Index,65.1,68.9,3.8,5.84,0.1,Improvement
P0604,Meesho,Pantene,Hair Care,estimated_profitability_index,Estimated Profitability Index,59.3,61.4,2.1,3.54,0.1,Improvement
P0604,Website,Pantene,Hair Care,estimated_profitability_index,Estimated Profitability Index,64.6,62.7,-1.9,-2.94,0.0,Deterioration
P0605,Amazon,Pantene,Hair Care,estimated_profitability_index,Estimated Profitability Index,71.8,66.8,-5.0,-6.96,0.1,Deterioration
P0605,Flipkart,Pantene,Hair Care,estimated_profitability_index,Estimated Profitability Index,50.6,66.4,15.8,31.23,0.4,Improvement
P0605,JioMart,Pantene,Hair Care,estimated_profitability_index,Estimated Profitability Index,64.1,59.6,-4.5,-7.02,0.1,Deterioration
P0605,Meesho,Pantene,Hair Care,estimated_profitability_index,Estimated Profitability Index,61.3,60.8,-0.5,-0.82,0.0,Deterioration
P0605,Website,Pantene,Hair Care,estimated_profitability_index,Estimated Profitability Index,63.1,62.0,-1.1,-1.74,0.0,Deterioration
P0609,Amazon,Pantene,Hair Care,estimated_profitability_index,Estimated Profitability Index,75.0,81.4,6.4,8.53,0.2,Improvement
P0609,Flipkart,Pantene,Hair Care,estimated_profitability_index,Estimated Profitability Index,59.2,58.4,-0.8,-1.35,0.0,Deterioration
P0609,JioMart,Pantene,Hair Care,estimated_profitability_index,Estimated Profitability Index,60.5,62.6,2.1,3.47,0.1,Improvement
P0609,Meesho,Pantene,Hair Care,estimated_profitability_index,Estimated Profitability Index,60.7,61.9,1.2,1.98,0.0,Improvement
P0609,Website,Pantene,Hair Care,estimated_profitability_index,Estimated Profitability Index,68.3,50.1,-18.2,-26.65,0.5,Deterioration
P0610,Amazon,Pantene,Hair Care,estimated_profitability_index,Estimated Profitability Index,77.7,66.8,-10.9,-14.03,0.3,Deterioration
P0610,Flipkart,Pantene,Hair Care,estimated_profitability_index,Estimated Profitability Index,63.3,63.1,-0.2,-0.32,0.0,Deterioration
P0610,JioMart,Pantene,Hair Care,estimated_profitability_index,Estimated Profitability Index,62.7,59.4,-3.3,-5.26,0.1,Deterioration
P0610,Meesho,Pantene,Hair Care,estimated_profitability_index,Estimated Profitability Index,63.2,65.3,2.1,3.32,0.1,Improvement
P0610,Website,Pantene,Hair Care,estimated_profitability_index,Estimated Profitability Index,65.9,66.2,0.3,0.46,0.0,Improvement
P0617,Amazon,Pantene,Hair Care,estimated_profitability_index,Estimated Profitability Index,62.0,71.7,9.7,15.65,0.3,Improvement
P0617,Flipkart,Pantene,Hair Care,estimated_profitability_index,Estimated Profitability Index,67.0,63.3,-3.7,-5.52,0.1,Deterioration
P0617,JioMart,Pantene,Hair Care,estimated_profitability_index,Estimated Profitability Index,50.8,65.6,14.8,29.13,0.4,Improvement
P0617,Meesho,Pantene,Hair Care,estimated_profitability_index,Estimated Profitability Index,65.8,59.0,-6.8,-10.33,0.2,Deterioration
P0617,Website,Pantene,Hair Care,estimated_profitability_index,Estimated Profitability Index,67.0,63.1,-3.9,-5.82,0.1,Deterioration
P0679,Amazon,Poy Sian,Health & Wellness,estimated_profitability_index,Estimated Profitability Index,49.5,51.8,2.3,4.65,0.1,Improvement
P0679,Flipkart,Poy Sian,Health & Wellness,estimated_profitability_index,Estimated Profitability Index,63.3,60.2,-3.1,-4.9,0.1,Deterioration
P0679,JioMart,Poy Sian,Health & Wellness,estimated_profitability_index,Estimated Profitability Index,59.6,58.8,-0.8,-1.34,0.0,Deterioration
P0679,Meesho,Poy Sian,Health & Wellness,estimated_profitability_index,Estimated Profitability Index,61.0,61.1,0.1,0.16,0.0,Improvement
P0679,Website,Poy Sian,Health & Wellness,estimated_profitability_index,Estimated Profitability Index,61.1,58.6,-2.5,-4.09,0.1,Deterioration
P0690,Amazon,Protex,Body Care,estimated_profitability_index,Estimated Profitability Index,51.6,48.2,-3.4,-6.59,0.1,Deterioration
P0690,Flipkart,Protex,Body Care,estimated_profitability_index,Estimated Profitability Index,61.0,57.4,-3.6,-5.9,0.1,Deterioration
P0690,JioMart,Protex,Body Care,estimated_profitability_index,Estimated Profitability Index,59.5,62.0,2.5,4.2,0.1,Improvement
P0690,Meesho,Protex,Body Care,estimated_profitability_index,Estimated Profitability Index,65.0,55.2,-9.8,-15.08,0.3,Deterioration
P0690,Website,Protex,Body Care,estimated_profitability_index,Estimated Profitability Index,61.2,56.7,-4.5,-7.35,0.1,Deterioration
P0705,Amazon,Protex,Body Care,estimated_profitability_index,Estimated Profitability Index,51.9,53.7,1.8,3.47,0.0,Improvement
P0705,Flipkart,Protex,Body Care,estimated_profitability_index,Estimated Profitability Index,59.4,63.7,4.3,7.24,0.1,Improvement
P0705,JioMart,Protex,Body Care,estimated_profitability_index,Estimated Profitability Index,61.2,61.5,0.3,0.49,0.0,Improvement
P0705,Meesho,Protex,Body Care,estimated_profitability_index,Estimated Profitability Index,58.8,56.7,-2.1,-3.57,0.1,Deterioration
P0705,Website,Protex,Body Care,estimated_profitability_index,Estimated Profitability Index,61.7,62.4,0.7,1.13,0.0,Improvement
P0706,Amazon,Protex,Body Care,estimated_profitability_index,Estimated Profitability Index,51.9,56.8,4.9,9.44,0.1,Improvement
P0706,Flipkart,Protex,Body Care,estimated_profitability_index,Estimated Profitability Index,62.1,57.3,-4.8,-7.73,0.1,Deterioration
P0706,JioMart,Protex,Body Care,estimated_profitability_index,Estimated Profitability Index,37.0,59.1,22.1,59.73,0.6,Improvement
P0706,Meesho,Protex,Body Care,estimated_profitability_index,Estimated Profitability Index,59.6,57.8,-1.8,-3.02,0.0,Deterioration
P0706,Website,Protex,Body Care,estimated_profitability_index,Estimated Profitability Index,62.5,61.0,-1.5,-2.4,0.0,Deterioration
P0720,Amazon,Protex,Body Care,estimated_profitability_index,Estimated Profitability Index,55.2,55.0,-0.2,-0.36,0.0,Deterioration
P0720,Flipkart,Protex,Body Care,estimated_profitability_index,Estimated Profitability Index,62.4,58.1,-4.3,-6.89,0.1,Deterioration
P0720,JioMart,Protex,Body Care,estimated_profitability_index,Estimated Profitability Index,62.6,58.7,-3.9,-6.23,0.1,Deterioration
P0720,Meesho,Protex,Body Care,estimated_profitability_index,Estimated Profitability Index,53.5,59.8,6.3,11.78,0.2,Improvement
P0720,Website,Protex,Body Care,estimated_profitability_index,Estimated Profitability Index,63.0,62.4,-0.6,-0.95,0.0,Deterioration
P0744,Amazon,Rexona,Body Care,estimated_profitability_index,Estimated Profitability Index,69.5,64.9,-4.6,-6.62,0.1,Deterioration
P0744,Flipkart,Rexona,Body Care,estimated_profitability_index,Estimated Profitability Index,60.8,68.4,7.6,12.5,0.2,Improvement
P0744,JioMart,Rexona,Body Care,estimated_profitability_index,Estimated Profitability Index,59.1,60.4,1.3,2.2,0.0,Improvement
P0744,Meesho,Rexona,Body Care,estimated_profitability_index,Estimated Profitability Index,62.6,61.5,-1.1,-1.76,0.0,Deterioration
P0744,Website,Rexona,Body Care,estimated_profitability_index,Estimated Profitability Index,66.1,63.7,-2.4,-3.63,0.1,Deterioration
P0747,Amazon,Rexona,Body Care,estimated_profitability_index,Estimated Profitability Index,66.2,63.6,-2.6,-3.93,0.1,Deterioration
P0747,Flipkart,Rexona,Body Care,estimated_profitability_index,Estimated Profitability Index,63.6,64.4,0.8,1.26,0.0,Improvement
P0747,JioMart,Rexona,Body Care,estimated_profitability_index,Estimated Profitability Index,62.6,55.9,-6.7,-10.7,0.2,Deterioration
P0747,Meesho,Rexona,Body Care,estimated_profitability_index,Estimated Profitability Index,61.8,58.9,-2.9,-4.69,0.1,Deterioration
P0747,Website,Rexona,Body Care,estimated_profitability_index,Estimated Profitability Index,65.7,61.6,-4.1,-6.24,0.1,Deterioration
P0753,Amazon,Rexona,Body Care,estimated_profitability_index,Estimated Profitability Index,72.4,73.3,0.9,1.24,0.0,Improvement
P0753,Flipkart,Rexona,Body Care,estimated_profitability_index,Estimated Profitability Index,47.0,65.1,18.1,38.51,0.5,Improvement
P0753,JioMart,Rexona,Body Care,estimated_profitability_index,Estimated Profitability Index,66.8,59.6,-7.2,-10.78,0.2,Deterioration
P0753,Meesho,Rexona,Body Care,estimated_profitability_index,Estimated Profitability Index,57.6,62.4,4.8,8.33,0.1,Improvement
P0753,Website,Rexona,Body Care,estimated_profitability_index,Estimated Profitability Index,67.8,65.8,-2.0,-2.95,0.1,Deterioration
P0758,Amazon,Sasi,Lip,estimated_profitability_index,Estimated Profitability Index,58.0,57.2,-0.8,-1.38,0.0,Deterioration
P0758,Flipkart,Sasi,Lip,estimated_profitability_index,Estimated Profitability Index,58.8,59.3,0.5,0.85,0.0,Improvement
P0758,JioMart,Sasi,Lip,estimated_profitability_index,Estimated Profitability Index,61.4,62.2,0.8,1.3,0.0,Improvement
P0758,Meesho,Sasi,Lip,estimated_profitability_index,Estimated Profitability Index,62.0,46.2,-15.8,-25.48,0.4,Deterioration
P0758,Website,Sasi,Lip,estimated_profitability_index,Estimated Profitability Index,62.5,62.8,0.3,0.48,0.0,Improvement
P0763,Amazon,Sasi,Lip,estimated_profitability_index,Estimated Profitability Index,54.6,54.0,-0.6,-1.1,0.0,Deterioration
P0763,Flipkart,Sasi,Lip,estimated_profitability_index,Estimated Profitability Index,58.8,65.4,6.6,11.22,0.2,Improvement
P0763,JioMart,Sasi,Lip,estimated_profitability_index,Estimated Profitability Index,60.1,59.5,-0.6,-1.0,0.0,Deterioration
P0763,Meesho,Sasi,Lip,estimated_profitability_index,Estimated Profitability Index,56.9,61.4,4.5,7.91,0.1,Improvement
P0763,Website,Sasi,Lip,estimated_profitability_index,Estimated Profitability Index,63.6,63.2,-0.4,-0.63,0.0,Deterioration
P0770,Amazon,Sasi,Skin Care,estimated_profitability_index,Estimated Profitability Index,52.8,47.7,-5.1,-9.66,0.1,Deterioration
P0770,Flipkart,Sasi,Skin Care,estimated_profitability_index,Estimated Profitability Index,58.8,60.1,1.3,2.21,0.0,Improvement
P0770,JioMart,Sasi,Skin Care,estimated_profitability_index,Estimated Profitability Index,60.2,63.1,2.9,4.82,0.1,Improvement
P0770,Meesho,Sasi,Skin Care,estimated_profitability_index,Estimated Profitability Index,63.1,61.1,-2.0,-3.17,0.1,Deterioration
P0770,Website,Sasi,Skin Care,estimated_profitability_index,Estimated Profitability Index,61.0,61.1,0.1,0.16,0.0,Improvement
P0777,Amazon,Senka,Skin Care,estimated_profitability_index,Estimated Profitability Index,69.8,71.0,1.2,1.72,0.0,Improvement
P0777,Flipkart,Senka,Skin Care,estimated_profitability_index,Estimated Profitability Index,67.6,65.0,-2.6,-3.85,0.1,Deterioration
P0777,JioMart,Senka,Skin Care,estimated_profitability_index,Estimated Profitability Index,66.0,64.2,-1.8,-2.73,0.0,Deterioration
P0777,Meesho,Senka,Skin Care,estimated_profitability_index,Estimated Profitability Index,60.0,53.6,-6.4,-10.67,0.2,Deterioration
P0777,Website,Senka,Skin Care,estimated_profitability_index,Estimated Profitability Index,64.9,64.7,-0.2,-0.31,0.0,Deterioration
P0780,Amazon,Senka,Skin Care,estimated_profitability_index,Estimated Profitability Index,76.0,70.8,-5.2,-6.84,0.1,Deterioration
P0780,Flipkart,Senka,Skin Care,estimated_profitability_index,Estimated Profitability Index,38.8,67.9,29.1,75.0,0.8,Improvement
P0780,JioMart,Senka,Skin Care,estimated_profitability_index,Estimated Profitability Index,57.7,57.1,-0.6,-1.04,0.0,Deterioration
P0780,Meesho,Senka,Skin Care,estimated_profitability_index,Estimated Profitability Index,60.4,62.6,2.2,3.64,0.1,Improvement
P0780,Website,Senka,Skin Care,estimated_profitability_index,Estimated Profitability Index,62.1,62.9,0.8,1.29,0.0,Improvement
P0781,Amazon,Senka,Skin Care,estimated_profitability_index,Estimated Profitability Index,81.1,79.1,-2.0,-2.47,0.1,Deterioration
P0781,Flipkart,Senka,Skin Care,estimated_profitability_index,Estimated Profitability Index,68.6,63.7,-4.9,-7.14,0.1,Deterioration
P0781,JioMart,Senka,Skin Care,estimated_profitability_index,Estimated Profitability Index,63.4,63.3,-0.1,-0.16,0.0,Deterioration
P0781,Meesho,Senka,Skin Care,estimated_profitability_index,Estimated Profitability Index,65.2,49.0,-16.2,-24.85,0.4,Deterioration
P0781,Website,Senka,Skin Care,estimated_profitability_index,Estimated Profitability Index,68.2,68.1,-0.1,-0.15,0.0,Deterioration
P0783,Amazon,Senka,Skin Care,estimated_profitability_index,Estimated Profitability Index,59.4,64.6,5.2,8.75,0.1,Improvement
P0783,Flipkart,Senka,Skin Care,estimated_profitability_index,Estimated Profitability Index,71.4,66.3,-5.1,-7.14,0.1,Deterioration
P0783,JioMart,Senka,Skin Care,estimated_profitability_index,Estimated Profitability Index,63.2,60.4,-2.8,-4.43,0.1,Deterioration
P0783,Meesho,Senka,Skin Care,estimated_profitability_index,Estimated Profitability Index,68.5,64.9,-3.6,-5.26,0.1,Deterioration
P0783,Website,Senka,Skin Care,estimated_profitability_index,Estimated Profitability Index,67.1,57.1,-10.0,-14.9,0.3,Deterioration
P0795,Amazon,Senka,Skin Care,estimated_profitability_index,Estimated Profitability Index,79.1,66.5,-12.6,-15.93,0.3,Deterioration
P0795,Flipkart,Senka,Skin Care,estimated_profitability_index,Estimated Profitability Index,59.8,69.1,9.3,15.55,0.2,Improvement
P0795,JioMart,Senka,Skin Care,estimated_profitability_index,Estimated Profitability Index,60.8,61.1,0.3,0.49,0.0,Improvement
P0795,Meesho,Senka,Skin Care,estimated_profitability_index,Estimated Profitability Index,66.5,70.7,4.2,6.32,0.1,Improvement
P0795,Website,Senka,Skin Care,estimated_profitability_index,Estimated Profitability Index,66.4,65.2,-1.2,-1.81,0.0,Deterioration
P0797,Amazon,Sensodyne,Oral Care,estimated_profitability_index,Estimated Profitability Index,50.0,78.4,28.4,56.8,0.7,Improvement
P0797,Flipkart,Sensodyne,Oral Care,estimated_profitability_index,Estimated Profitability Index,65.1,71.8,6.7,10.29,0.2,Improvement
P0797,JioMart,Sensodyne,Oral Care,estimated_profitability_index,Estimated Profitability Index,64.6,41.4,-23.2,-35.91,0.6,Deterioration
P0797,Meesho,Sensodyne,Oral Care,estimated_profitability_index,Estimated Profitability Index,57.9,64.4,6.5,11.23,0.2,Improvement
P0797,Website,Sensodyne,Oral Care,estimated_profitability_index,Estimated Profitability Index,64.8,68.4,3.6,5.56,0.1,Improvement
P0813,Amazon,Sensodyne,Oral Care,estimated_profitability_index,Estimated Profitability Index,71.1,63.6,-7.5,-10.55,0.2,Deterioration
P0813,Flipkart,Sensodyne,Oral Care,estimated_profitability_index,Estimated Profitability Index,69.1,71.9,2.8,4.05,0.1,Improvement
P0813,JioMart,Sensodyne,Oral Care,estimated_profitability_index,Estimated Profitability Index,55.8,66.8,11.0,19.71,0.3,Improvement
P0813,Meesho,Sensodyne,Oral Care,estimated_profitability_index,Estimated Profitability Index,55.7,62.0,6.3,11.31,0.2,Improvement
P0813,Website,Sensodyne,Oral Care,estimated_profitability_index,Estimated Profitability Index,61.3,63.7,2.4,3.92,0.1,Improvement
P0840,Amazon,SHIVAMAX,Home & Kitchen,estimated_profitability_index,Estimated Profitability Index,55.1,57.5,2.4,4.36,0.1,Improvement
P0840,Flipkart,SHIVAMAX,Home & Kitchen,estimated_profitability_index,Estimated Profitability Index,51.1,57.7,6.6,12.92,0.2,Improvement
P0840,JioMart,SHIVAMAX,Home & Kitchen,estimated_profitability_index,Estimated Profitability Index,54.1,50.8,-3.3,-6.1,0.1,Deterioration
P0840,Meesho,SHIVAMAX,Home & Kitchen,estimated_profitability_index,Estimated Profitability Index,63.0,57.9,-5.1,-8.1,0.1,Deterioration
P0840,Website,SHIVAMAX,Home & Kitchen,estimated_profitability_index,Estimated Profitability Index,63.2,53.2,-10.0,-15.82,0.3,Deterioration
P0868,Amazon,SHIVAMAX,Home & Kitchen,estimated_profitability_index,Estimated Profitability Index,46.4,53.6,7.2,15.52,0.2,Improvement
P0868,Flipkart,SHIVAMAX,Home & Kitchen,estimated_profitability_index,Estimated Profitability Index,58.6,62.2,3.6,6.14,0.1,Improvement
P0868,JioMart,SHIVAMAX,Home & Kitchen,estimated_profitability_index,Estimated Profitability Index,45.0,61.4,16.4,36.44,0.4,Improvement
P0868,Meesho,SHIVAMAX,Home & Kitchen,estimated_profitability_index,Estimated Profitability Index,58.1,53.1,-5.0,-8.61,0.1,Deterioration
P0868,Website,SHIVAMAX,Home & Kitchen,estimated_profitability_index,Estimated Profitability Index,63.9,60.2,-3.7,-5.79,0.1,Deterioration
P0889,Amazon,SHIVAMAX,Health & Wellness,estimated_profitability_index,Estimated Profitability Index,43.3,47.1,3.8,8.78,0.1,Improvement
P0889,Flipkart,SHIVAMAX,Health & Wellness,estimated_profitability_index,Estimated Profitability Index,59.9,56.0,-3.9,-6.51,0.1,Deterioration
P0889,JioMart,SHIVAMAX,Health & Wellness,estimated_profitability_index,Estimated Profitability Index,60.4,59.8,-0.6,-0.99,0.0,Deterioration
P0889,Meesho,SHIVAMAX,Health & Wellness,estimated_profitability_index,Estimated Profitability Index,59.8,60.1,0.3,0.5,0.0,Improvement
P0889,Website,SHIVAMAX,Health & Wellness,estimated_profitability_index,Estimated Profitability Index,61.0,60.8,-0.2,-0.33,0.0,Deterioration
P0890,Amazon,SHIVAMAX,Health & Wellness,estimated_profitability_index,Estimated Profitability Index,57.3,50.7,-6.6,-11.52,0.2,Deterioration
P0890,Flipkart,SHIVAMAX,Health & Wellness,estimated_profitability_index,Estimated Profitability Index,61.1,54.8,-6.3,-10.31,0.2,Deterioration
P0890,JioMart,SHIVAMAX,Health & Wellness,estimated_profitability_index,Estimated Profitability Index,57.6,63.0,5.4,9.37,0.1,Improvement
P0890,Meesho,SHIVAMAX,Health & Wellness,estimated_profitability_index,Estimated Profitability Index,62.4,59.0,-3.4,-5.45,0.1,Deterioration
P0890,Website,SHIVAMAX,Health & Wellness,estimated_profitability_index,Estimated Profitability Index,58.3,63.1,4.8,8.23,0.1,Improvement
P0906,Amazon,SHIVAMAX,Hair Care,estimated_profitability_index,Estimated Profitability Index,75.3,74.4,-0.9,-1.2,0.0,Deterioration
P0906,Flipkart,SHIVAMAX,Hair Care,estimated_profitability_index,Estimated Profitability Index,63.6,63.6,0.0,0.0,0.0,No Change
P0906,JioMart,SHIVAMAX,Hair Care,estimated_profitability_index,Estimated Profitability Index,62.0,62.2,0.2,0.32,0.0,Improvement
P0906,Meesho,SHIVAMAX,Hair Care,estimated_profitability_index,Estimated Profitability Index,58.2,58.5,0.3,0.52,0.0,Improvement
P0906,Website,SHIVAMAX,Hair Care,estimated_profitability_index,Estimated Profitability Index,66.6,51.2,-15.4,-23.12,0.4,Deterioration
P0915,Amazon,SHIVAMAX,Health & Wellness,estimated_profitability_index,Estimated Profitability Index,41.4,45.0,3.6,8.7,0.1,Improvement
P0915,Flipkart,SHIVAMAX,Health & Wellness,estimated_profitability_index,Estimated Profitability Index,59.0,62.2,3.2,5.42,0.1,Improvement
P0915,JioMart,SHIVAMAX,Health & Wellness,estimated_profitability_index,Estimated Profitability Index,43.0,58.8,15.8,36.74,0.4,Improvement
P0915,Meesho,SHIVAMAX,Health & Wellness,estimated_profitability_index,Estimated Profitability Index,52.0,59.5,7.5,14.42,0.2,Improvement
P0915,Website,SHIVAMAX,Health & Wellness,estimated_profitability_index,Estimated Profitability Index,61.0,61.4,0.4,0.66,0.0,Improvement
P0917,Amazon,SHIVAMAX,Home & Kitchen,estimated_profitability_index,Estimated Profitability Index,34.7,46.6,11.9,34.29,0.3,Improvement
P0917,Flipkart,SHIVAMAX,Home & Kitchen,estimated_profitability_index,Estimated Profitability Index,55.6,58.9,3.3,5.94,0.1,Improvement
P0917,JioMart,SHIVAMAX,Home & Kitchen,estimated_profitability_index,Estimated Profitability Index,61.5,59.5,-2.0,-3.25,0.1,Deterioration
P0917,Meesho,SHIVAMAX,Home & Kitchen,estimated_profitability_index,Estimated Profitability Index,54.7,54.8,0.1,0.18,0.0,Improvement
P0917,Website,SHIVAMAX,Home & Kitchen,estimated_profitability_index,Estimated Profitability Index,61.9,61.2,-0.7,-1.13,0.0,Deterioration
P0922,Amazon,SHIVAMAX,Hair Care,estimated_profitability_index,Estimated Profitability Index,63.0,70.3,7.3,11.59,0.2,Improvement
P0922,Flipkart,SHIVAMAX,Hair Care,estimated_profitability_index,Estimated Profitability Index,62.0,60.6,-1.4,-2.26,0.0,Deterioration
P0922,JioMart,SHIVAMAX,Hair Care,estimated_profitability_index,Estimated Profitability Index,60.5,60.8,0.3,0.5,0.0,Improvement
P0922,Meesho,SHIVAMAX,Hair Care,estimated_profitability_index,Estimated Profitability Index,49.7,57.5,7.8,15.69,0.2,Improvement
P0922,Website,SHIVAMAX,Hair Care,estimated_profitability_index,Estimated Profitability Index,63.6,66.2,2.6,4.09,0.1,Improvement
P0927,Amazon,SHIVAMAX,Home & Kitchen,estimated_profitability_index,Estimated Profitability Index,41.9,41.3,-0.6,-1.43,0.0,Deterioration
P0927,Flipkart,SHIVAMAX,Home & Kitchen,estimated_profitability_index,Estimated Profitability Index,60.4,59.1,-1.3,-2.15,0.0,Deterioration
P0927,JioMart,SHIVAMAX,Home & Kitchen,estimated_profitability_index,Estimated Profitability Index,58.4,44.3,-14.1,-24.14,0.4,Deterioration
P0927,Meesho,SHIVAMAX,Home & Kitchen,estimated_profitability_index,Estimated Profitability Index,60.6,46.8,-13.8,-22.77,0.4,Deterioration
P0927,Website,SHIVAMAX,Home & Kitchen,estimated_profitability_index,Estimated Profitability Index,61.6,51.0,-10.6,-17.21,0.3,Deterioration
P0931,Amazon,SHIVAMAX,Electronics & Travel Accessories,estimated_profitability_index,Estimated Profitability Index,60.4,60.9,0.5,0.83,0.0,Improvement
P0931,Flipkart,SHIVAMAX,Electronics & Travel Accessories,estimated_profitability_index,Estimated Profitability Index,64.5,59.8,-4.7,-7.29,0.1,Deterioration
P0931,JioMart,SHIVAMAX,Electronics & Travel Accessories,estimated_profitability_index,Estimated Profitability Index,63.1,62.7,-0.4,-0.63,0.0,Deterioration
P0931,Meesho,SHIVAMAX,Electronics & Travel Accessories,estimated_profitability_index,Estimated Profitability Index,58.0,59.6,1.6,2.76,0.0,Improvement
P0931,Website,SHIVAMAX,Electronics & Travel Accessories,estimated_profitability_index,Estimated Profitability Index,63.6,64.4,0.8,1.26,0.0,Improvement
P0932,Amazon,SHIVAMAX,Electronics & Travel Accessories,estimated_profitability_index,Estimated Profitability Index,38.8,47.5,8.7,22.42,0.2,Improvement
P0932,Flipkart,SHIVAMAX,Electronics & Travel Accessories,estimated_profitability_index,Estimated Profitability Index,55.2,55.2,0.0,0.0,0.0,No Change
P0932,JioMart,SHIVAMAX,Electronics & Travel Accessories,estimated_profitability_index,Estimated Profitability Index,59.7,60.8,1.1,1.84,0.0,Improvement
P0932,Meesho,SHIVAMAX,Electronics & Travel Accessories,estimated_profitability_index,Estimated Profitability Index,58.8,59.9,1.1,1.87,0.0,Improvement
P0932,Website,SHIVAMAX,Electronics & Travel Accessories,estimated_profitability_index,Estimated Profitability Index,61.2,61.1,-0.1,-0.16,0.0,Deterioration
P0944,Amazon,SHIVAMAX,Health & Wellness,estimated_profitability_index,Estimated Profitability Index,53.0,52.6,-0.4,-0.75,0.0,Deterioration
P0944,Flipkart,SHIVAMAX,Health & Wellness,estimated_profitability_index,Estimated Profitability Index,62.7,46.5,-16.2,-25.84,0.4,Deterioration
P0944,JioMart,SHIVAMAX,Health & Wellness,estimated_profitability_index,Estimated Profitability Index,61.4,61.8,0.4,0.65,0.0,Improvement
P0944,Meesho,SHIVAMAX,Health & Wellness,estimated_profitability_index,Estimated Profitability Index,53.6,54.6,1.0,1.87,0.0,Improvement
P0944,Website,SHIVAMAX,Health & Wellness,estimated_profitability_index,Estimated Profitability Index,63.6,61.8,-1.8,-2.83,0.0,Deterioration
P1003,Amazon,Snake Brand,Body Care,estimated_profitability_index,Estimated Profitability Index,54.9,55.8,0.9,1.64,0.0,Improvement
P1003,Flipkart,Snake Brand,Body Care,estimated_profitability_index,Estimated Profitability Index,60.9,58.9,-2.0,-3.28,0.1,Deterioration
P1003,JioMart,Snake Brand,Body Care,estimated_profitability_index,Estimated Profitability Index,54.2,60.8,6.6,12.18,0.2,Improvement
P1003,Meesho,Snake Brand,Body Care,estimated_profitability_index,Estimated Profitability Index,56.2,58.4,2.2,3.91,0.1,Improvement
P1003,Website,Snake Brand,Body Care,estimated_profitability_index,Estimated Profitability Index,62.7,63.1,0.4,0.64,0.0,Improvement
P1026,Amazon,Sunsilk,Hair Care,estimated_profitability_index,Estimated Profitability Index,49.5,46.8,-2.7,-5.45,0.1,Deterioration
P1026,Flipkart,Sunsilk,Hair Care,estimated_profitability_index,Estimated Profitability Index,60.0,60.0,0.0,0.0,0.0,No Change
P1026,JioMart,Sunsilk,Hair Care,estimated_profitability_index,Estimated Profitability Index,61.9,59.5,-2.4,-3.88,0.1,Deterioration
P1026,Meesho,Sunsilk,Hair Care,estimated_profitability_index,Estimated Profitability Index,61.7,60.1,-1.6,-2.59,0.0,Deterioration
P1026,Website,Sunsilk,Hair Care,estimated_profitability_index,Estimated Profitability Index,60.7,60.8,0.1,0.16,0.0,Improvement
P1029,Amazon,Sunsilk,Hair Care,estimated_profitability_index,Estimated Profitability Index,49.0,48.6,-0.4,-0.82,0.0,Deterioration
P1029,Flipkart,Sunsilk,Hair Care,estimated_profitability_index,Estimated Profitability Index,49.8,61.2,11.4,22.89,0.3,Improvement
P1029,JioMart,Sunsilk,Hair Care,estimated_profitability_index,Estimated Profitability Index,54.1,59.0,4.9,9.06,0.1,Improvement
P1029,Meesho,Sunsilk,Hair Care,estimated_profitability_index,Estimated Profitability Index,48.5,56.3,7.8,16.08,0.2,Improvement
P1029,Website,Sunsilk,Hair Care,estimated_profitability_index,Estimated Profitability Index,60.6,62.8,2.2,3.63,0.1,Improvement
P1032,Amazon,Sunsilk,Hair Care,estimated_profitability_index,Estimated Profitability Index,49.1,54.7,5.6,11.41,0.1,Improvement
P1032,Flipkart,Sunsilk,Hair Care,estimated_profitability_index,Estimated Profitability Index,56.2,61.8,5.6,9.96,0.1,Improvement
P1032,JioMart,Sunsilk,Hair Care,estimated_profitability_index,Estimated Profitability Index,61.3,54.3,-7.0,-11.42,0.2,Deterioration
P1032,Meesho,Sunsilk,Hair Care,estimated_profitability_index,Estimated Profitability Index,63.3,51.3,-12.0,-18.96,0.3,Deterioration
P1032,Website,Sunsilk,Hair Care,estimated_profitability_index,Estimated Profitability Index,61.4,62.8,1.4,2.28,0.0,Improvement
P1033,Amazon,Sunsilk,Hair Care,estimated_profitability_index,Estimated Profitability Index,41.5,57.5,16.0,38.55,0.4,Improvement
P1033,Flipkart,Sunsilk,Hair Care,estimated_profitability_index,Estimated Profitability Index,54.1,58.3,4.2,7.76,0.1,Improvement
P1033,JioMart,Sunsilk,Hair Care,estimated_profitability_index,Estimated Profitability Index,56.3,59.5,3.2,5.68,0.1,Improvement
P1033,Meesho,Sunsilk,Hair Care,estimated_profitability_index,Estimated Profitability Index,60.1,62.3,2.2,3.66,0.1,Improvement
P1033,Website,Sunsilk,Hair Care,estimated_profitability_index,Estimated Profitability Index,63.8,62.0,-1.8,-2.82,0.0,Deterioration
P1035,Amazon,Sunsilk,Hair Care,estimated_profitability_index,Estimated Profitability Index,53.4,53.7,0.3,0.56,0.0,Improvement
P1035,Flipkart,Sunsilk,Hair Care,estimated_profitability_index,Estimated Profitability Index,55.2,51.2,-4.0,-7.25,0.1,Deterioration
P1035,JioMart,Sunsilk,Hair Care,estimated_profitability_index,Estimated Profitability Index,61.3,62.1,0.8,1.31,0.0,Improvement
P1035,Meesho,Sunsilk,Hair Care,estimated_profitability_index,Estimated Profitability Index,59.4,61.0,1.6,2.69,0.0,Improvement
P1035,Website,Sunsilk,Hair Care,estimated_profitability_index,Estimated Profitability Index,60.6,63.6,3.0,4.95,0.1,Improvement
P1038,Amazon,Sunsilk,Hair Care,estimated_profitability_index,Estimated Profitability Index,51.3,45.6,-5.7,-11.11,0.1,Deterioration
P1038,Flipkart,Sunsilk,Hair Care,estimated_profitability_index,Estimated Profitability Index,58.0,61.9,3.9,6.72,0.1,Improvement
P1038,JioMart,Sunsilk,Hair Care,estimated_profitability_index,Estimated Profitability Index,54.5,60.8,6.3,11.56,0.2,Improvement
P1038,Meesho,Sunsilk,Hair Care,estimated_profitability_index,Estimated Profitability Index,57.2,52.4,-4.8,-8.39,0.1,Deterioration
P1038,Website,Sunsilk,Hair Care,estimated_profitability_index,Estimated Profitability Index,55.5,60.7,5.2,9.37,0.1,Improvement
P1039,Amazon,Sunsilk,Hair Care,estimated_profitability_index,Estimated Profitability Index,59.8,51.5,-8.3,-13.88,0.2,Deterioration
P1039,Flipkart,Sunsilk,Hair Care,estimated_profitability_index,Estimated Profitability Index,61.3,50.7,-10.6,-17.29,0.3,Deterioration
P1039,JioMart,Sunsilk,Hair Care,estimated_profitability_index,Estimated Profitability Index,59.9,61.6,1.7,2.84,0.0,Improvement
P1039,Meesho,Sunsilk,Hair Care,estimated_profitability_index,Estimated Profitability Index,59.1,62.2,3.1,5.25,0.1,Improvement
P1039,Website,Sunsilk,Hair Care,estimated_profitability_index,Estimated Profitability Index,50.9,59.7,8.8,17.29,0.2,Improvement
P1041,Amazon,Sunsilk,Hair Care,estimated_profitability_index,Estimated Profitability Index,47.7,56.3,8.6,18.03,0.2,Improvement
P1041,Flipkart,Sunsilk,Hair Care,estimated_profitability_index,Estimated Profitability Index,55.4,61.9,6.5,11.73,0.2,Improvement
P1041,JioMart,Sunsilk,Hair Care,estimated_profitability_index,Estimated Profitability Index,62.3,54.5,-7.8,-12.52,0.2,Deterioration
P1041,Meesho,Sunsilk,Hair Care,estimated_profitability_index,Estimated Profitability Index,64.3,42.2,-22.1,-34.37,0.6,Deterioration
P1041,Website,Sunsilk,Hair Care,estimated_profitability_index,Estimated Profitability Index,61.7,62.0,0.3,0.49,0.0,Improvement
P1042,Amazon,Sunsilk,Hair Care,estimated_profitability_index,Estimated Profitability Index,57.6,75.6,18.0,31.25,0.5,Improvement
P1042,Flipkart,Sunsilk,Hair Care,estimated_profitability_index,Estimated Profitability Index,60.8,65.8,5.0,8.22,0.1,Improvement
P1042,JioMart,Sunsilk,Hair Care,estimated_profitability_index,Estimated Profitability Index,50.9,53.0,2.1,4.13,0.1,Improvement
P1042,Meesho,Sunsilk,Hair Care,estimated_profitability_index,Estimated Profitability Index,65.2,63.3,-1.9,-2.91,0.0,Deterioration
P1042,Website,Sunsilk,Hair Care,estimated_profitability_index,Estimated Profitability Index,68.6,66.7,-1.9,-2.77,0.0,Deterioration
P1043,Amazon,Sunsilk,Hair Care,estimated_profitability_index,Estimated Profitability Index,67.2,69.1,1.9,2.83,0.0,Improvement
P1043,Flipkart,Sunsilk,Hair Care,estimated_profitability_index,Estimated Profitability Index,74.6,70.6,-4.0,-5.36,0.1,Deterioration
P1043,JioMart,Sunsilk,Hair Care,estimated_profitability_index,Estimated Profitability Index,62.2,66.3,4.1,6.59,0.1,Improvement
P1043,Meesho,Sunsilk,Hair Care,estimated_profitability_index,Estimated Profitability Index,53.5,60.1,6.6,12.34,0.2,Improvement
P1043,Website,Sunsilk,Hair Care,estimated_profitability_index,Estimated Profitability Index,53.7,62.3,8.6,16.01,0.2,Improvement
P1044,Amazon,Sunsilk,Hair Care,estimated_profitability_index,Estimated Profitability Index,70.1,74.9,4.8,6.85,0.1,Improvement
P1044,Flipkart,Sunsilk,Hair Care,estimated_profitability_index,Estimated Profitability Index,61.0,67.6,6.6,10.82,0.2,Improvement
P1044,JioMart,Sunsilk,Hair Care,estimated_profitability_index,Estimated Profitability Index,44.4,64.8,20.4,45.95,0.5,Improvement
P1044,Meesho,Sunsilk,Hair Care,estimated_profitability_index,Estimated Profitability Index,64.2,49.1,-15.1,-23.52,0.4,Deterioration
P1044,Website,Sunsilk,Hair Care,estimated_profitability_index,Estimated Profitability Index,48.2,68.4,20.2,41.91,0.5,Improvement
P1048,Amazon,Sunsilk,Hair Care,estimated_profitability_index,Estimated Profitability Index,68.5,78.6,10.1,14.74,0.3,Improvement
P1048,Flipkart,Sunsilk,Hair Care,estimated_profitability_index,Estimated Profitability Index,67.9,68.4,0.5,0.74,0.0,Improvement
P1048,JioMart,Sunsilk,Hair Care,estimated_profitability_index,Estimated Profitability Index,67.9,60.5,-7.4,-10.9,0.2,Deterioration
P1048,Meesho,Sunsilk,Hair Care,estimated_profitability_index,Estimated Profitability Index,64.4,42.2,-22.2,-34.47,0.6,Deterioration
P1048,Website,Sunsilk,Hair Care,estimated_profitability_index,Estimated Profitability Index,66.4,63.0,-3.4,-5.12,0.1,Deterioration
P1052,Amazon,Sunsilk,Hair Care,estimated_profitability_index,Estimated Profitability Index,48.1,55.3,7.2,14.97,0.2,Improvement
P1052,Flipkart,Sunsilk,Hair Care,estimated_profitability_index,Estimated Profitability Index,62.1,57.2,-4.9,-7.89,0.1,Deterioration
P1052,JioMart,Sunsilk,Hair Care,estimated_profitability_index,Estimated Profitability Index,59.2,53.0,-6.2,-10.47,0.2,Deterioration
P1052,Meesho,Sunsilk,Hair Care,estimated_profitability_index,Estimated Profitability Index,56.3,56.5,0.2,0.36,0.0,Improvement
P1052,Website,Sunsilk,Hair Care,estimated_profitability_index,Estimated Profitability Index,61.2,61.8,0.6,0.98,0.0,Improvement
P1067,Amazon,Tiger Balm,Health & Wellness,estimated_profitability_index,Estimated Profitability Index,65.4,70.6,5.2,7.95,0.1,Improvement
P1067,Flipkart,Tiger Balm,Health & Wellness,estimated_profitability_index,Estimated Profitability Index,67.0,55.2,-11.8,-17.61,0.3,Deterioration
P1067,JioMart,Tiger Balm,Health & Wellness,estimated_profitability_index,Estimated Profitability Index,61.4,63.4,2.0,3.26,0.1,Improvement
P1067,Meesho,Tiger Balm,Health & Wellness,estimated_profitability_index,Estimated Profitability Index,69.5,64.1,-5.4,-7.77,0.1,Deterioration
P1067,Website,Tiger Balm,Health & Wellness,estimated_profitability_index,Estimated Profitability Index,63.3,63.1,-0.2,-0.32,0.0,Deterioration
P1069,Amazon,Tiger Balm,Health & Wellness,estimated_profitability_index,Estimated Profitability Index,67.7,65.4,-2.3,-3.4,0.1,Deterioration
P1069,Flipkart,Tiger Balm,Health & Wellness,estimated_profitability_index,Estimated Profitability Index,61.0,52.5,-8.5,-13.93,0.2,Deterioration
P1069,JioMart,Tiger Balm,Health & Wellness,estimated_profitability_index,Estimated Profitability Index,66.4,65.0,-1.4,-2.11,0.0,Deterioration
P1069,Meesho,Tiger Balm,Health & Wellness,estimated_profitability_index,Estimated Profitability Index,65.9,56.7,-9.2,-13.96,0.2,Deterioration
P1069,Website,Tiger Balm,Health & Wellness,estimated_profitability_index,Estimated Profitability Index,64.8,65.5,0.7,1.08,0.0,Improvement
P1070,Amazon,Tiger Balm,Health & Wellness,estimated_profitability_index,Estimated Profitability Index,51.0,46.7,-4.3,-8.43,0.1,Deterioration
P1070,Flipkart,Tiger Balm,Health & Wellness,estimated_profitability_index,Estimated Profitability Index,55.2,54.6,-0.6,-1.09,0.0,Deterioration
P1070,JioMart,Tiger Balm,Health & Wellness,estimated_profitability_index,Estimated Profitability Index,61.5,53.2,-8.3,-13.5,0.2,Deterioration
P1070,Meesho,Tiger Balm,Health & Wellness,estimated_profitability_index,Estimated Profitability Index,59.3,60.2,0.9,1.52,0.0,Improvement
P1070,Website,Tiger Balm,Health & Wellness,estimated_profitability_index,Estimated Profitability Index,61.2,62.5,1.3,2.12,0.0,Improvement
P1071,Amazon,Tiger Balm,Health & Wellness,estimated_profitability_index,Estimated Profitability Index,45.8,46.9,1.1,2.4,0.0,Improvement
P1071,Flipkart,Tiger Balm,Health & Wellness,estimated_profitability_index,Estimated Profitability Index,62.0,54.7,-7.3,-11.77,0.2,Deterioration
P1071,JioMart,Tiger Balm,Health & Wellness,estimated_profitability_index,Estimated Profitability Index,55.8,58.1,2.3,4.12,0.1,Improvement
P1071,Meesho,Tiger Balm,Health & Wellness,estimated_profitability_index,Estimated Profitability Index,61.3,59.8,-1.5,-2.45,0.0,Deterioration
P1071,Website,Tiger Balm,Health & Wellness,estimated_profitability_index,Estimated Profitability Index,60.7,60.9,0.2,0.33,0.0,Improvement
P1072,Amazon,Tiger Balm,Health & Wellness,estimated_profitability_index,Estimated Profitability Index,51.3,48.0,-3.3,-6.43,0.1,Deterioration
P1072,Flipkart,Tiger Balm,Health & Wellness,estimated_profitability_index,Estimated Profitability Index,49.8,54.8,5.0,10.04,0.1,Improvement
P1072,JioMart,Tiger Balm,Health & Wellness,estimated_profitability_index,Estimated Profitability Index,57.9,50.7,-7.2,-12.44,0.2,Deterioration
P1072,Meesho,Tiger Balm,Health & Wellness,estimated_profitability_index,Estimated Profitability Index,59.4,49.1,-10.3,-17.34,0.3,Deterioration
P1072,Website,Tiger Balm,Health & Wellness,estimated_profitability_index,Estimated Profitability Index,63.5,54.1,-9.4,-14.8,0.2,Deterioration
P1075,Amazon,Tresemme,Hair Care,estimated_profitability_index,Estimated Profitability Index,70.5,71.7,1.2,1.7,0.0,Improvement
P1075,Flipkart,Tresemme,Hair Care,estimated_profitability_index,Estimated Profitability Index,65.0,62.9,-2.1,-3.23,0.1,Deterioration
P1075,JioMart,Tresemme,Hair Care,estimated_profitability_index,Estimated Profitability Index,48.5,63.6,15.1,31.13,0.4,Improvement
P1075,Meesho,Tresemme,Hair Care,estimated_profitability_index,Estimated Profitability Index,63.6,55.5,-8.1,-12.74,0.2,Deterioration
P1075,Website,Tresemme,Hair Care,estimated_profitability_index,Estimated Profitability Index,68.0,69.0,1.0,1.47,0.0,Improvement
P1080,Amazon,Tresemme,Hair Care,estimated_profitability_index,Estimated Profitability Index,70.2,69.5,-0.7,-1.0,0.0,Deterioration
P1080,Flipkart,Tresemme,Hair Care,estimated_profitability_index,Estimated Profitability Index,61.0,64.9,3.9,6.39,0.1,Improvement
P1080,JioMart,Tresemme,Hair Care,estimated_profitability_index,Estimated Profitability Index,66.0,56.4,-9.6,-14.55,0.2,Deterioration
P1080,Meesho,Tresemme,Hair Care,estimated_profitability_index,Estimated Profitability Index,64.7,61.9,-2.8,-4.33,0.1,Deterioration
P1080,Website,Tresemme,Hair Care,estimated_profitability_index,Estimated Profitability Index,70.8,66.2,-4.6,-6.5,0.1,Deterioration
P1085,Amazon,Tresemme,Hair Care,estimated_profitability_index,Estimated Profitability Index,59.3,73.5,14.2,23.95,0.4,Improvement
P1085,Flipkart,Tresemme,Hair Care,estimated_profitability_index,Estimated Profitability Index,60.8,61.2,0.4,0.66,0.0,Improvement
P1085,JioMart,Tresemme,Hair Care,estimated_profitability_index,Estimated Profitability Index,50.8,60.9,10.1,19.88,0.3,Improvement
P1085,Meesho,Tresemme,Hair Care,estimated_profitability_index,Estimated Profitability Index,67.7,57.7,-10.0,-14.77,0.3,Deterioration
P1085,Website,Tresemme,Hair Care,estimated_profitability_index,Estimated Profitability Index,37.7,64.9,27.2,72.15,0.7,Improvement
P1099,Amazon,Tros,Body Care,estimated_profitability_index,Estimated Profitability Index,55.3,50.4,-4.9,-8.86,0.1,Deterioration
P1099,Flipkart,Tros,Body Care,estimated_profitability_index,Estimated Profitability Index,63.3,57.4,-5.9,-9.32,0.2,Deterioration
P1099,JioMart,Tros,Body Care,estimated_profitability_index,Estimated Profitability Index,63.0,47.4,-15.6,-24.76,0.4,Deterioration
P1099,Meesho,Tros,Body Care,estimated_profitability_index,Estimated Profitability Index,58.3,61.3,3.0,5.15,0.1,Improvement
P1099,Website,Tros,Body Care,estimated_profitability_index,Estimated Profitability Index,60.8,63.9,3.1,5.1,0.1,Improvement
P1100,Amazon,Tros,Body Care,estimated_profitability_index,Estimated Profitability Index,55.2,57.3,2.1,3.8,0.1,Improvement
P1100,Flipkart,Tros,Body Care,estimated_profitability_index,Estimated Profitability Index,53.1,57.3,4.2,7.91,0.1,Improvement
P1100,JioMart,Tros,Body Care,estimated_profitability_index,Estimated Profitability Index,59.8,61.4,1.6,2.68,0.0,Improvement
P1100,Meesho,Tros,Body Care,estimated_profitability_index,Estimated Profitability Index,57.8,61.6,3.8,6.57,0.1,Improvement
P1100,Website,Tros,Body Care,estimated_profitability_index,Estimated Profitability Index,62.0,62.6,0.6,0.97,0.0,Improvement
P1105,Amazon,Vaseline,Body Care,estimated_profitability_index,Estimated Profitability Index,63.4,76.7,13.3,20.98,0.3,Improvement
P1105,Flipkart,Vaseline,Body Care,estimated_profitability_index,Estimated Profitability Index,68.5,69.4,0.9,1.31,0.0,Improvement
P1105,JioMart,Vaseline,Body Care,estimated_profitability_index,Estimated Profitability Index,64.4,49.4,-15.0,-23.29,0.4,Deterioration
P1105,Meesho,Vaseline,Body Care,estimated_profitability_index,Estimated Profitability Index,39.6,63.0,23.4,59.09,0.6,Improvement
P1105,Website,Vaseline,Body Care,estimated_profitability_index,Estimated Profitability Index,68.8,64.3,-4.5,-6.54,0.1,Deterioration
P1107,Amazon,Vaseline,Body Care,estimated_profitability_index,Estimated Profitability Index,62.5,57.2,-5.3,-8.48,0.1,Deterioration
P1107,Flipkart,Vaseline,Body Care,estimated_profitability_index,Estimated Profitability Index,62.3,64.7,2.4,3.85,0.1,Improvement
P1107,JioMart,Vaseline,Body Care,estimated_profitability_index,Estimated Profitability Index,64.4,64.3,-0.1,-0.16,0.0,Deterioration
P1107,Meesho,Vaseline,Body Care,estimated_profitability_index,Estimated Profitability Index,57.4,62.5,5.1,8.89,0.1,Improvement
P1107,Website,Vaseline,Body Care,estimated_profitability_index,Estimated Profitability Index,62.0,64.9,2.9,4.68,0.1,Improvement
P1109,Amazon,Vaseline,Body Care,estimated_profitability_index,Estimated Profitability Index,76.7,76.9,0.2,0.26,0.0,Improvement
P1109,Flipkart,Vaseline,Body Care,estimated_profitability_index,Estimated Profitability Index,61.4,57.2,-4.2,-6.84,0.1,Deterioration
P1109,JioMart,Vaseline,Body Care,estimated_profitability_index,Estimated Profitability Index,66.2,63.9,-2.3,-3.47,0.1,Deterioration
P1109,Meesho,Vaseline,Body Care,estimated_profitability_index,Estimated Profitability Index,58.5,63.7,5.2,8.89,0.1,Improvement
P1109,Website,Vaseline,Body Care,estimated_profitability_index,Estimated Profitability Index,65.8,65.6,-0.2,-0.3,0.0,Deterioration
P1112,Amazon,Vaseline,Body Care,estimated_profitability_index,Estimated Profitability Index,61.7,51.6,-10.1,-16.37,0.3,Deterioration
P1112,Flipkart,Vaseline,Body Care,estimated_profitability_index,Estimated Profitability Index,63.5,60.0,-3.5,-5.51,0.1,Deterioration
P1112,JioMart,Vaseline,Body Care,estimated_profitability_index,Estimated Profitability Index,60.5,58.6,-1.9,-3.14,0.0,Deterioration
P1112,Meesho,Vaseline,Body Care,estimated_profitability_index,Estimated Profitability Index,60.0,62.6,2.6,4.33,0.1,Improvement
P1112,Website,Vaseline,Body Care,estimated_profitability_index,Estimated Profitability Index,60.6,60.2,-0.4,-0.66,0.0,Deterioration
P1114,Amazon,Vaseline,Body Care,estimated_profitability_index,Estimated Profitability Index,60.4,58.3,-2.1,-3.48,0.1,Deterioration
P1114,Flipkart,Vaseline,Body Care,estimated_profitability_index,Estimated Profitability Index,65.2,64.8,-0.4,-0.61,0.0,Deterioration
P1114,JioMart,Vaseline,Body Care,estimated_profitability_index,Estimated Profitability Index,57.5,57.5,0.0,0.0,0.0,No Change
P1114,Meesho,Vaseline,Body Care,estimated_profitability_index,Estimated Profitability Index,55.8,63.2,7.4,13.26,0.2,Improvement
P1114,Website,Vaseline,Body Care,estimated_profitability_index,Estimated Profitability Index,65.4,70.4,5.0,7.65,0.1,Improvement
P1120,Amazon,Vaseline,Skin Care,estimated_profitability_index,Estimated Profitability Index,70.0,69.6,-0.4,-0.57,0.0,Deterioration
P1120,Flipkart,Vaseline,Skin Care,estimated_profitability_index,Estimated Profitability Index,59.2,70.7,11.5,19.43,0.3,Improvement
P1120,JioMart,Vaseline,Skin Care,estimated_profitability_index,Estimated Profitability Index,64.7,61.0,-3.7,-5.72,0.1,Deterioration
P1120,Meesho,Vaseline,Skin Care,estimated_profitability_index,Estimated Profitability Index,63.5,60.3,-3.2,-5.04,0.1,Deterioration
P1120,Website,Vaseline,Skin Care,estimated_profitability_index,Estimated Profitability Index,69.3,66.4,-2.9,-4.18,0.1,Deterioration
P1121,Amazon,Vaseline,Body Care,estimated_profitability_index,Estimated Profitability Index,66.3,73.3,7.0,10.56,0.2,Improvement
P1121,Flipkart,Vaseline,Body Care,estimated_profitability_index,Estimated Profitability Index,57.3,57.6,0.3,0.52,0.0,Improvement
P1121,JioMart,Vaseline,Body Care,estimated_profitability_index,Estimated Profitability Index,61.4,61.5,0.1,0.16,0.0,Improvement
P1121,Meesho,Vaseline,Body Care,estimated_profitability_index,Estimated Profitability Index,61.3,70.4,9.1,14.85,0.2,Improvement
P1121,Website,Vaseline,Body Care,estimated_profitability_index,Estimated Profitability Index,59.5,65.6,6.1,10.25,0.2,Improvement
P1131,Amazon,Vaseline,Skin Care,estimated_profitability_index,Estimated Profitability Index,71.7,63.3,-8.4,-11.72,0.2,Deterioration
P1131,Flipkart,Vaseline,Skin Care,estimated_profitability_index,Estimated Profitability Index,54.8,65.1,10.3,18.8,0.3,Improvement
P1131,JioMart,Vaseline,Skin Care,estimated_profitability_index,Estimated Profitability Index,59.8,66.7,6.9,11.54,0.2,Improvement
P1131,Meesho,Vaseline,Skin Care,estimated_profitability_index,Estimated Profitability Index,61.5,65.1,3.6,5.85,0.1,Improvement
P1131,Website,Vaseline,Skin Care,estimated_profitability_index,Estimated Profitability Index,63.9,67.2,3.3,5.16,0.1,Improvement
P1146,Amazon,Vaseline,Body Care,estimated_profitability_index,Estimated Profitability Index,65.9,67.9,2.0,3.03,0.1,Improvement
P1146,Flipkart,Vaseline,Body Care,estimated_profitability_index,Estimated Profitability Index,66.7,67.6,0.9,1.35,0.0,Improvement
P1146,JioMart,Vaseline,Body Care,estimated_profitability_index,Estimated Profitability Index,63.3,60.2,-3.1,-4.9,0.1,Deterioration
P1146,Meesho,Vaseline,Body Care,estimated_profitability_index,Estimated Profitability Index,61.4,68.4,7.0,11.4,0.2,Improvement
P1146,Website,Vaseline,Body Care,estimated_profitability_index,Estimated Profitability Index,69.5,67.1,-2.4,-3.45,0.1,Deterioration
P1150,Amazon,Vaseline,Body Care,estimated_profitability_index,Estimated Profitability Index,65.0,66.5,1.5,2.31,0.0,Improvement
P1150,Flipkart,Vaseline,Body Care,estimated_profitability_index,Estimated Profitability Index,67.5,61.9,-5.6,-8.3,0.1,Deterioration
P1150,JioMart,Vaseline,Body Care,estimated_profitability_index,Estimated Profitability Index,61.6,64.9,3.3,5.36,0.1,Improvement
P1150,Meesho,Vaseline,Body Care,estimated_profitability_index,Estimated Profitability Index,60.8,65.0,4.2,6.91,0.1,Improvement
P1150,Website,Vaseline,Body Care,estimated_profitability_index,Estimated Profitability Index,46.1,64.6,18.5,40.13,0.5,Improvement
P1156,Amazon,Vaseline,Body Care,estimated_profitability_index,Estimated Profitability Index,78.2,70.3,-7.9,-10.1,0.2,Deterioration
P1156,Flipkart,Vaseline,Body Care,estimated_profitability_index,Estimated Profitability Index,53.6,71.7,18.1,33.77,0.5,Improvement
P1156,JioMart,Vaseline,Body Care,estimated_profitability_index,Estimated Profitability Index,62.6,56.1,-6.5,-10.38,0.2,Deterioration
P1156,Meesho,Vaseline,Body Care,estimated_profitability_index,Estimated Profitability Index,62.2,56.3,-5.9,-9.49,0.2,Deterioration
P1156,Website,Vaseline,Body Care,estimated_profitability_index,Estimated Profitability Index,62.9,69.3,6.4,10.17,0.2,Improvement
P1157,Amazon,Vaseline,Skin Care,estimated_profitability_index,Estimated Profitability Index,67.7,59.6,-8.1,-11.96,0.2,Deterioration
P1157,Flipkart,Vaseline,Skin Care,estimated_profitability_index,Estimated Profitability Index,64.0,60.1,-3.9,-6.09,0.1,Deterioration
P1157,JioMart,Vaseline,Skin Care,estimated_profitability_index,Estimated Profitability Index,63.8,58.4,-5.4,-8.46,0.1,Deterioration
P1157,Meesho,Vaseline,Skin Care,estimated_profitability_index,Estimated Profitability Index,64.2,56.5,-7.7,-11.99,0.2,Deterioration
P1157,Website,Vaseline,Skin Care,estimated_profitability_index,Estimated Profitability Index,69.1,66.5,-2.6,-3.76,0.1,Deterioration
P1162,Amazon,Vita Keratin,Hair Care,estimated_profitability_index,Estimated Profitability Index,74.1,82.7,8.6,11.61,0.2,Improvement
P1162,Flipkart,Vita Keratin,Hair Care,estimated_profitability_index,Estimated Profitability Index,62.2,65.1,2.9,4.66,0.1,Improvement
P1162,JioMart,Vita Keratin,Hair Care,estimated_profitability_index,Estimated Profitability Index,62.2,62.2,0.0,0.0,0.0,No Change
P1162,Meesho,Vita Keratin,Hair Care,estimated_profitability_index,Estimated Profitability Index,61.9,57.6,-4.3,-6.95,0.1,Deterioration
P1162,Website,Vita Keratin,Hair Care,estimated_profitability_index,Estimated Profitability Index,64.6,60.5,-4.1,-6.35,0.1,Deterioration
P1164,Amazon,Wangprom,Health & Wellness,estimated_profitability_index,Estimated Profitability Index,51.8,53.3,1.5,2.9,0.0,Improvement
P1164,Flipkart,Wangprom,Health & Wellness,estimated_profitability_index,Estimated Profitability Index,59.7,58.2,-1.5,-2.51,0.0,Deterioration
P1164,JioMart,Wangprom,Health & Wellness,estimated_profitability_index,Estimated Profitability Index,62.5,59.7,-2.8,-4.48,0.1,Deterioration
P1164,Meesho,Wangprom,Health & Wellness,estimated_profitability_index,Estimated Profitability Index,46.0,61.7,15.7,34.13,0.4,Improvement
P1164,Website,Wangprom,Health & Wellness,estimated_profitability_index,Estimated Profitability Index,63.1,58.5,-4.6,-7.29,0.1,Deterioration
P1176,Amazon,Wangprom,Health & Wellness,estimated_profitability_index,Estimated Profitability Index,60.3,56.5,-3.8,-6.3,0.1,Deterioration
P1176,Flipkart,Wangprom,Health & Wellness,estimated_profitability_index,Estimated Profitability Index,61.7,61.5,-0.2,-0.32,0.0,Deterioration
P1176,JioMart,Wangprom,Health & Wellness,estimated_profitability_index,Estimated Profitability Index,55.7,63.1,7.4,13.29,0.2,Improvement
P1176,Meesho,Wangprom,Health & Wellness,estimated_profitability_index,Estimated Profitability Index,62.7,60.4,-2.3,-3.67,0.1,Deterioration
P1176,Website,Wangprom,Health & Wellness,estimated_profitability_index,Estimated Profitability Index,47.6,56.5,8.9,18.7,0.2,Improvement
P1185,Amazon,Watsons,Oral Care,estimated_profitability_index,Estimated Profitability Index,43.9,55.6,11.7,26.65,0.3,Improvement
P1185,Flipkart,Watsons,Oral Care,estimated_profitability_index,Estimated Profitability Index,64.9,61.8,-3.1,-4.78,0.1,Deterioration
P1185,JioMart,Watsons,Oral Care,estimated_profitability_index,Estimated Profitability Index,60.1,60.9,0.8,1.33,0.0,Improvement
P1185,Meesho,Watsons,Oral Care,estimated_profitability_index,Estimated Profitability Index,61.3,65.7,4.4,7.18,0.1,Improvement
P1185,Website,Watsons,Oral Care,estimated_profitability_index,Estimated Profitability Index,61.7,54.5,-7.2,-11.67,0.2,Deterioration
P1190,Amazon,Watsons,Oral Care,estimated_profitability_index,Estimated Profitability Index,52.3,58.9,6.6,12.62,0.2,Improvement
P1190,Flipkart,Watsons,Oral Care,estimated_profitability_index,Estimated Profitability Index,60.7,63.7,3.0,4.94,0.1,Improvement
P1190,JioMart,Watsons,Oral Care,estimated_profitability_index,Estimated Profitability Index,60.3,60.3,0.0,0.0,0.0,No Change
P1190,Meesho,Watsons,Oral Care,estimated_profitability_index,Estimated Profitability Index,61.9,54.8,-7.1,-11.47,0.2,Deterioration
P1190,Website,Watsons,Oral Care,estimated_profitability_index,Estimated Profitability Index,62.8,62.3,-0.5,-0.8,0.0,Deterioration
P1196,Amazon,Watsons,Oral Care,estimated_profitability_index,Estimated Profitability Index,63.1,64.8,1.7,2.69,0.0,Improvement
P1196,Flipkart,Watsons,Oral Care,estimated_profitability_index,Estimated Profitability Index,64.0,49.0,-15.0,-23.44,0.4,Deterioration
P1196,JioMart,Watsons,Oral Care,estimated_profitability_index,Estimated Profitability Index,54.8,58.9,4.1,7.48,0.1,Improvement
P1196,Meesho,Watsons,Oral Care,estimated_profitability_index,Estimated Profitability Index,62.7,57.9,-4.8,-7.66,0.1,Deterioration
P1196,Website,Watsons,Oral Care,estimated_profitability_index,Estimated Profitability Index,60.7,62.4,1.7,2.8,0.0,Improvement
P1200,Amazon,Watsons,Oral Care,estimated_profitability_index,Estimated Profitability Index,52.0,42.3,-9.7,-18.65,0.3,Deterioration
P1200,Flipkart,Watsons,Oral Care,estimated_profitability_index,Estimated Profitability Index,55.9,55.5,-0.4,-0.72,0.0,Deterioration
P1200,JioMart,Watsons,Oral Care,estimated_profitability_index,Estimated Profitability Index,59.6,52.8,-6.8,-11.41,0.2,Deterioration
P1200,Meesho,Watsons,Oral Care,estimated_profitability_index,Estimated Profitability Index,57.5,59.1,1.6,2.78,0.0,Improvement
P1200,Website,Watsons,Oral Care,estimated_profitability_index,Estimated Profitability Index,60.3,61.2,0.9,1.49,0.0,Improvement
P1214,Amazon,Watsons,Oral Care,estimated_profitability_index,Estimated Profitability Index,49.4,46.3,-3.1,-6.28,0.1,Deterioration
P1214,Flipkart,Watsons,Oral Care,estimated_profitability_index,Estimated Profitability Index,59.0,58.9,-0.1,-0.17,0.0,Deterioration
P1214,JioMart,Watsons,Oral Care,estimated_profitability_index,Estimated Profitability Index,55.6,56.2,0.6,1.08,0.0,Improvement
P1214,Meesho,Watsons,Oral Care,estimated_profitability_index,Estimated Profitability Index,56.4,54.9,-1.5,-2.66,0.0,Deterioration
P1214,Website,Watsons,Oral Care,estimated_profitability_index,Estimated Profitability Index,62.3,64.0,1.7,2.73,0.0,Improvement
P1218,Amazon,Watsons,Oral Care,estimated_profitability_index,Estimated Profitability Index,49.3,48.6,-0.7,-1.42,0.0,Deterioration
P1218,Flipkart,Watsons,Oral Care,estimated_profitability_index,Estimated Profitability Index,60.2,59.5,-0.7,-1.16,0.0,Deterioration
P1218,JioMart,Watsons,Oral Care,estimated_profitability_index,Estimated Profitability Index,57.1,57.3,0.2,0.35,0.0,Improvement
P1218,Meesho,Watsons,Oral Care,estimated_profitability_index,Estimated Profitability Index,60.4,60.0,-0.4,-0.66,0.0,Deterioration
P1218,Website,Watsons,Oral Care,estimated_profitability_index,Estimated Profitability Index,62.5,61.0,-1.5,-2.4,0.0,Deterioration
P1237,Amazon,Watsons,Oral Care,estimated_profitability_index,Estimated Profitability Index,67.0,74.0,7.0,10.45,0.2,Improvement
P1237,Flipkart,Watsons,Oral Care,estimated_profitability_index,Estimated Profitability Index,69.8,62.0,-7.8,-11.17,0.2,Deterioration
P1237,JioMart,Watsons,Oral Care,estimated_profitability_index,Estimated Profitability Index,56.6,58.2,1.6,2.83,0.0,Improvement
P1237,Meesho,Watsons,Oral Care,estimated_profitability_index,Estimated Profitability Index,57.2,66.0,8.8,15.38,0.2,Improvement
P1237,Website,Watsons,Oral Care,estimated_profitability_index,Estimated Profitability Index,64.8,65.7,0.9,1.39,0.0,Improvement
P1248,Amazon,Watsons,Skin Care,estimated_profitability_index,Estimated Profitability Index,53.5,50.0,-3.5,-6.54,0.1,Deterioration
P1248,Flipkart,Watsons,Skin Care,estimated_profitability_index,Estimated Profitability Index,58.9,65.5,6.6,11.21,0.2,Improvement
P1248,JioMart,Watsons,Skin Care,estimated_profitability_index,Estimated Profitability Index,59.8,62.3,2.5,4.18,0.1,Improvement
P1248,Meesho,Watsons,Skin Care,estimated_profitability_index,Estimated Profitability Index,59.1,61.4,2.3,3.89,0.1,Improvement
P1248,Website,Watsons,Skin Care,estimated_profitability_index,Estimated Profitability Index,65.7,62.9,-2.8,-4.26,0.1,Deterioration
P1249,Amazon,Watsons,Oral Care,estimated_profitability_index,Estimated Profitability Index,48.5,50.7,2.2,4.54,0.1,Improvement
P1249,Flipkart,Watsons,Oral Care,estimated_profitability_index,Estimated Profitability Index,60.0,59.2,-0.8,-1.33,0.0,Deterioration
P1249,JioMart,Watsons,Oral Care,estimated_profitability_index,Estimated Profitability Index,57.8,60.0,2.2,3.81,0.1,Improvement
P1249,Meesho,Watsons,Oral Care,estimated_profitability_index,Estimated Profitability Index,59.9,55.6,-4.3,-7.18,0.1,Deterioration
P1249,Website,Watsons,Oral Care,estimated_profitability_index,Estimated Profitability Index,61.3,62.2,0.9,1.47,0.0,Improvement
P1251,Amazon,Watsons,Oral Care,estimated_profitability_index,Estimated Profitability Index,41.9,48.9,7.0,16.71,0.2,Improvement
P1251,Flipkart,Watsons,Oral Care,estimated_profitability_index,Estimated Profitability Index,61.4,56.0,-5.4,-8.79,0.1,Deterioration
P1251,JioMart,Watsons,Oral Care,estimated_profitability_index,Estimated Profitability Index,61.3,60.6,-0.7,-1.14,0.0,Deterioration
P1251,Meesho,Watsons,Oral Care,estimated_profitability_index,Estimated Profitability Index,61.7,57.5,-4.2,-6.81,0.1,Deterioration
P1251,Website,Watsons,Oral Care,estimated_profitability_index,Estimated Profitability Index,60.3,60.5,0.2,0.33,0.0,Improvement
P1254,Amazon,Watsons,Oral Care,estimated_profitability_index,Estimated Profitability Index,51.8,56.8,5.0,9.65,0.1,Improvement
P1254,Flipkart,Watsons,Oral Care,estimated_profitability_index,Estimated Profitability Index,65.7,53.1,-12.6,-19.18,0.3,Deterioration
P1254,JioMart,Watsons,Oral Care,estimated_profitability_index,Estimated Profitability Index,54.4,58.3,3.9,7.17,0.1,Improvement
P1254,Meesho,Watsons,Oral Care,estimated_profitability_index,Estimated Profitability Index,58.8,61.6,2.8,4.76,0.1,Improvement
P1254,Website,Watsons,Oral Care,estimated_profitability_index,Estimated Profitability Index,62.3,62.5,0.2,0.32,0.0,Improvement
