public_product_id,marketplace,brand_group,category_group,subcategory_group,product_group,fulfillment_type,listing_price_band,inventory_band,margin_band_public,profitability_band_public,sales_index,units_index,fee_pct_of_gross,refund_pct_of_gross,promotion_pct_of_gross,net_to_gross_pct,margin_index,estimated_profitability_index,margin_risk_score,margin_risk_band,revenue_quality_score,revenue_quality_band,recommended_action,action_priority,action_reason
P0573,Amazon,Pantene,Hair Care,Shampoo,Shampoo,FBA,500-999,Very Low / 1-2,Unmapped,Unmapped,100.0,94.3,24.0,4.7,3.9,81.7,97.9,87.6,9.1,Low Risk,73.8,Healthy,Restock Review,High,High indexed unit movement with low inventory or restock priority.
P1109,Amazon,Vaseline,Body Care,Body Wash,Body Wash,FBA,500-999,Very Low / 1-2,Unmapped,Unmapped,99.3,93.9,23.8,3.2,3.8,82.9,99.8,89.0,9.0,Low Risk,75.4,Healthy,Restock Review,High,High indexed unit movement with low inventory or restock priority.
P0566,Amazon,Pantene,Hair Care,Shampoo,Shampoo,FBA,500-999,Very Low / 1-2,Unmapped,Unmapped,98.9,98.0,24.7,5.3,4.1,80.6,94.7,85.6,9.3,Low Risk,73.4,Healthy,Restock Review,High,High indexed unit movement with low inventory or restock priority.
P0546,Amazon,Ora2,Oral Care,Toothpaste,Toothpaste,FBA,500-999,Out of Stock / 0,Unmapped,Unmapped,98.9,93.5,23.8,2.9,3.7,84.0,100.0,89.6,9.0,Low Risk,76.2,Healthy,Restock Review,High,High indexed unit movement with low inventory or restock priority.
P0230,Amazon,Counterpain,Health & Wellness,Pain Relief Balm,Pain Relief,FBA,500-999,Out of Stock / 0,Unmapped,Unmapped,98.3,92.7,24.1,5.4,4.0,80.7,94.8,85.8,9.1,Low Risk,73.8,Healthy,Restock Review,High,High indexed unit movement with low inventory or restock priority.
P0547,Amazon,Oral-B,Oral Care,Dental Floss,Dental Floss,FBA,500-999,Low / 3-5,Unmapped,Unmapped,97.8,92.7,24.1,5.0,3.9,82.0,95.3,86.6,9.1,Low Risk,74.6,Healthy,Restock Review,High,High indexed unit movement with low inventory or restock priority.
P0488,Amazon,Listerine,Oral Care,Mouthwash,Mouthwash,FBA,500-999,Out of Stock / 0,Unmapped,Unmapped,97.7,92.2,24.1,5.6,3.8,81.0,94.3,85.7,9.2,Low Risk,73.1,Healthy,Restock Review,High,High indexed unit movement with low inventory or restock priority.
P0906,Amazon,SHIVAMAX,Hair Care,Conditioner / Treatment / Mask,Hair Conditioner & Treatment,FBA,500-999,Out of Stock / 0,Unmapped,Unmapped,97.6,92.2,24.0,4.3,3.9,81.8,96.1,86.9,9.1,Low Risk,74.0,Healthy,Restock Review,High,High indexed unit movement with low inventory or restock priority.
P0602,Amazon,Pantene,Hair Care,Conditioner / Treatment / Mask,Hair Conditioner & Treatment,FBA,500-999,Out of Stock / 0,Unmapped,Unmapped,97.4,91.2,23.7,5.9,3.8,81.5,94.1,85.9,9.1,Low Risk,73.9,Healthy,Restock Review,High,High indexed unit movement with low inventory or restock priority.
P0781,Amazon,Senka,Skin Care,Face Cleanser / Face Wash,Face Cleanser,FBA,500-999,Out of Stock / 0,Unmapped,Unmapped,97.2,91.6,24.1,3.8,4.1,82.6,95.9,87.2,9.2,Low Risk,74.7,Healthy,Restock Review,High,High indexed unit movement with low inventory or restock priority.
P0610,Amazon,Pantene,Hair Care,Hair Oil / Serum,Hair Oil & Serum,FBA,500-999,Out of Stock / 0,Unmapped,Unmapped,96.9,91.6,24.0,5.2,3.8,81.8,94.3,86.1,9.1,Low Risk,73.6,Healthy,Restock Review,High,High indexed unit movement with low inventory or restock priority.
P0529,Amazon,NEXCARE,Skin Care,General / Uncategorized,General Product,FBA,500-999,Medium / 6-15,Unmapped,Unmapped,96.3,91.0,23.7,3.2,3.8,83.9,96.9,88.3,9.0,Low Risk,76.0,Healthy,Monitor,Low,No action threshold triggered; continue monitoring.
P0795,Amazon,Senka,Skin Care,Face Cleanser / Face Wash,Face Cleanser,FBA,500-999,Out of Stock / 0,Unmapped,Unmapped,95.4,90.0,23.7,3.9,4.3,82.8,94.5,86.8,9.1,Low Risk,74.9,Healthy,Restock Review,High,High indexed unit movement with low inventory or restock priority.
P0581,Amazon,Pantene,Hair Care,Conditioner / Treatment / Mask,Hair Conditioner & Treatment,FBA,500-999,Very Low / 1-2,Unmapped,Unmapped,94.9,89.6,23.8,3.7,3.5,82.7,95.0,87.0,9.0,Low Risk,75.1,Healthy,Restock Review,High,High indexed unit movement with low inventory or restock priority.
P0022,Amazon,Ambi Pur,Home & Kitchen,Air Freshener,Air Freshener,FBA,500-999,Low / 3-5,Unmapped,Unmapped,94.6,89.2,23.8,3.6,4.3,82.5,93.9,86.4,9.0,Low Risk,74.7,Healthy,Restock Review,High,High indexed unit movement with low inventory or restock priority.
P0797,Amazon,Sensodyne,Oral Care,Toothpaste,Toothpaste,FBA,500-999,Low / 3-5,Unmapped,Unmapped,94.0,89.0,24.1,5.3,4.3,81.1,90.5,84.3,9.2,Low Risk,73.7,Healthy,Restock Review,High,High indexed unit movement with low inventory or restock priority.
P0565,Amazon,Pair,Skin Care,General / Uncategorized,General Product,FBA,500-999,Out of Stock / 0,Unmapped,Unmapped,93.3,92.4,24.6,5.5,4.1,81.1,89.2,83.6,9.4,Low Risk,72.6,Healthy,Restock Review,High,High indexed unit movement with low inventory or restock priority.
P0780,Amazon,Senka,Skin Care,Face Cleanser / Face Wash,Face Cleanser,FBA,500-999,Very Low / 1-2,Unmapped,Unmapped,93.0,87.6,23.6,4.0,3.7,83.4,92.8,86.4,9.0,Low Risk,75.1,Healthy,Restock Review,High,High indexed unit movement with low inventory or restock priority.
P0543,Amazon,Ora2,Oral Care,Toothpaste,Toothpaste,FBA,500-999,Out of Stock / 0,Unmapped,Unmapped,92.9,87.1,23.8,5.0,3.6,82.1,91.2,85.1,9.0,Low Risk,74.1,Healthy,Restock Review,High,High indexed unit movement with low inventory or restock priority.
P1162,Amazon,Vita Keratin,Hair Care,General / Uncategorized,General Product,FBA,500-999,Out of Stock / 0,Unmapped,Unmapped,92.6,92.0,24.3,4.5,3.8,82.2,90.6,84.8,9.2,Low Risk,74.0,Healthy,Restock Review,High,High indexed unit movement with low inventory or restock priority.
P0605,Amazon,Pantene,Hair Care,Conditioner / Treatment / Mask,Hair Conditioner & Treatment,FBA,500-999,Out of Stock / 0,Unmapped,Unmapped,92.4,87.1,23.7,3.5,4.0,83.9,92.3,86.4,9.0,Low Risk,75.7,Healthy,Restock Review,High,High indexed unit movement with low inventory or restock priority.
P0586,Amazon,Pantene,Hair Care,General / Uncategorized,General Product,FBA,500-999,Medium / 6-15,Unmapped,Unmapped,91.7,86.5,23.7,3.6,4.1,82.8,91.4,85.6,9.0,Low Risk,74.6,Healthy,Monitor,Low,No action threshold triggered; continue monitoring.
P1131,Amazon,Vaseline,Skin Care,Sunscreen,Sunscreen,FBA,500-999,Out of Stock / 0,Unmapped,Unmapped,91.5,86.7,23.5,3.0,4.0,83.5,92.3,86.3,8.9,Low Risk,75.6,Healthy,Restock Review,High,High indexed unit movement with low inventory or restock priority.
P1080,Amazon,Tresemme,Hair Care,Conditioner / Treatment / Mask,Hair Conditioner & Treatment,FBA,500-999,Medium / 6-15,Unmapped,Unmapped,91.5,86.3,23.8,3.7,3.8,83.0,91.2,85.6,9.0,Low Risk,75.3,Healthy,Monitor,Low,No action threshold triggered; continue monitoring.
P1069,Amazon,Tiger Balm,Health & Wellness,Pain Relief Balm,Pain Relief,FBA,500-999,Medium / 6-15,Unmapped,Unmapped,91.4,95.7,24.8,4.7,3.9,81.6,88.4,83.6,9.4,Low Risk,73.4,Healthy,Monitor,Low,No action threshold triggered; continue monitoring.
P0342,Amazon,Fino,Hair Care,Conditioner / Treatment / Mask,Hair Conditioner & Treatment,FBA,500-999,Out of Stock / 0,Unmapped,Unmapped,91.4,85.9,23.9,5.5,3.7,81.9,88.9,84.0,9.0,Low Risk,74.9,Healthy,Restock Review,High,High indexed unit movement with low inventory or restock priority.
P0617,Amazon,Pantene,Hair Care,Conditioner / Treatment / Mask,Hair Conditioner & Treatment,FBA,500-999,Out of Stock / 0,Unmapped,Unmapped,91.4,85.7,23.9,6.4,4.0,80.9,87.2,82.8,9.1,Low Risk,73.4,Healthy,Restock Review,High,High indexed unit movement with low inventory or restock priority.
P1042,Amazon,Sunsilk,Hair Care,Conditioner / Treatment / Mask,Hair Conditioner & Treatment,FBA,500-999,Out of Stock / 0,Unmapped,Unmapped,91.3,86.3,24.2,5.8,4.2,80.1,87.2,82.5,9.2,Low Risk,72.7,Healthy,Restock Review,High,High indexed unit movement with low inventory or restock priority.
P0168,Amazon,Colgate,Oral Care,Toothpaste,Toothpaste,FBA,500-999,Low / 3-5,Unmapped,Unmapped,90.9,85.7,23.6,3.2,4.2,82.1,91.0,85.2,9.0,Low Risk,74.8,Healthy,Restock Review,High,High indexed unit movement with low inventory or restock priority.
P1121,Amazon,Vaseline,Body Care,Body Wash,Body Wash,FBA,500-999,Very Low / 1-2,Unmapped,Unmapped,89.9,84.7,23.8,4.8,4.0,81.2,87.9,83.4,9.1,Low Risk,73.9,Healthy,Restock Review,High,High indexed unit movement with low inventory or restock priority.
P0042,Amazon,Axe,Body Care,Deodorant / Body Spray,Deodorant & Body Spray,FBA,500-999,Out of Stock / 0,Unmapped,Unmapped,89.6,84.5,24.0,3.6,3.7,82.7,89.4,84.7,9.0,Low Risk,74.7,Healthy,Restock Review,High,High indexed unit movement with low inventory or restock priority.
P0783,Amazon,Senka,Skin Care,Face Cleanser / Face Wash,Face Cleanser,FBA,500-999,Out of Stock / 0,Unmapped,Unmapped,89.6,84.5,23.9,3.5,3.9,83.0,89.5,84.9,9.0,Low Risk,75.0,Healthy,Restock Review,High,High indexed unit movement with low inventory or restock priority.
P1067,Amazon,Tiger Balm,Health & Wellness,Pain Relief Balm,Pain Relief,FBA,500-999,Medium / 6-15,Unmapped,Unmapped,89.5,93.9,24.8,2.5,4.1,82.3,89.2,84.4,9.3,Low Risk,74.5,Healthy,Monitor,Low,No action threshold triggered; continue monitoring.
P0172,Amazon,Colgate,Oral Care,Toothpaste,Toothpaste,FBA,500-999,Very Low / 1-2,Unmapped,Unmapped,89.4,84.5,24.2,6.3,4.4,79.8,84.6,81.2,9.2,Low Risk,72.4,Healthy,Restock Review,High,High indexed unit movement with low inventory or restock priority.
P0604,Amazon,Pantene,Hair Care,Conditioner / Treatment / Mask,Hair Conditioner & Treatment,FBA,500-999,Out of Stock / 0,Unmapped,Unmapped,89.2,88.6,24.6,4.1,4.0,82.1,87.3,83.5,9.3,Low Risk,74.4,Healthy,Restock Review,High,High indexed unit movement with low inventory or restock priority.
P0562,Amazon,Oral-B,Oral Care,Toothpaste,Toothpaste,FBA,500-999,Out of Stock / 0,Unmapped,Unmapped,89.2,84.1,23.7,3.8,4.1,82.9,88.7,84.5,9.0,Low Risk,74.6,Healthy,Restock Review,High,High indexed unit movement with low inventory or restock priority.
P1048,Amazon,Sunsilk,Hair Care,Conditioner / Treatment / Mask,Hair Conditioner & Treatment,FBA,500-999,Out of Stock / 0,Unmapped,Unmapped,89.1,84.3,23.7,3.6,4.0,82.7,88.9,84.5,9.1,Low Risk,74.8,Healthy,Restock Review,High,High indexed unit movement with low inventory or restock priority.
P0777,Amazon,Senka,Skin Care,Face Cleanser / Face Wash,Face Cleanser,FBA,500-999,Low / 3-5,Unmapped,Unmapped,89.0,84.3,23.9,3.6,4.0,82.3,88.5,84.2,9.0,Low Risk,74.9,Healthy,Restock Review,High,High indexed unit movement with low inventory or restock priority.
P0263,Amazon,Dove,Hair Care,Conditioner / Treatment / Mask,Hair Conditioner & Treatment,FBA,500-999,Medium / 6-15,Unmapped,Unmapped,89.0,84.1,24.2,5.7,4.0,80.7,85.4,82.0,9.2,Low Risk,73.4,Healthy,Monitor,Low,No action threshold triggered; continue monitoring.
P1156,Amazon,Vaseline,Body Care,Body Lotion,Body Lotion,FBA,500-999,Out of Stock / 0,Unmapped,Unmapped,88.9,84.1,24.0,4.6,3.6,82.5,87.6,83.8,9.1,Low Risk,74.6,Healthy,Restock Review,High,High indexed unit movement with low inventory or restock priority.
P0590,Amazon,Pantene,Hair Care,Conditioner / Treatment / Mask,Hair Conditioner & Treatment,FBA,500-999,Out of Stock / 0,Unmapped,Unmapped,88.7,83.9,23.8,3.5,3.8,83.5,88.6,84.7,9.0,Low Risk,75.2,Healthy,Restock Review,High,High indexed unit movement with low inventory or restock priority.
P0553,Amazon,Oral-B,Oral Care,Toothpaste,Toothpaste,FBA,500-999,Medium / 6-15,Unmapped,Unmapped,88.7,83.7,24.0,3.2,3.9,83.6,88.6,84.8,9.1,Low Risk,75.6,Healthy,Monitor,Low,No action threshold triggered; continue monitoring.
P0252,Amazon,Dove,Hair Care,Conditioner / Treatment / Mask,Hair Conditioner & Treatment,FBA,500-999,Low / 3-5,Unmapped,Unmapped,88.7,83.5,23.8,5.6,4.2,81.1,85.5,82.3,9.1,Low Risk,73.2,Healthy,Restock Review,High,High indexed unit movement with low inventory or restock priority.
P1075,Amazon,Tresemme,Hair Care,Shampoo,Shampoo,FBA,500-999,Very Low / 1-2,Unmapped,Unmapped,88.7,83.5,23.8,5.1,4.2,81.2,86.2,82.7,9.1,Low Risk,73.6,Healthy,Restock Review,High,High indexed unit movement with low inventory or restock priority.
P0922,Amazon,SHIVAMAX,Hair Care,Conditioner / Treatment / Mask,Hair Conditioner & Treatment,FBA,500-999,Out of Stock / 0,Unmapped,Unmapped,87.9,85.1,24.3,5.6,3.8,80.9,84.7,81.8,9.2,Low Risk,73.1,Healthy,Restock Review,High,High indexed unit movement with low inventory or restock priority.
P0279,Amazon,Dove,Body Care,General / Uncategorized,General Product,FBA,500-999,Out of Stock / 0,Unmapped,Unmapped,87.2,82.4,23.9,4.1,4.1,82.2,86.0,83.1,9.1,Low Risk,74.2,Healthy,Restock Review,High,High indexed unit movement with low inventory or restock priority.
P1105,Amazon,Vaseline,Body Care,Body Wash,Body Wash,FBA,500-999,Low / 3-5,Unmapped,Unmapped,87.0,82.0,23.8,5.0,4.4,81.6,84.3,82.1,9.1,Low Risk,74.2,Healthy,Restock Review,High,High indexed unit movement with low inventory or restock priority.
P0041,Amazon,Axe,Body Care,Deodorant / Body Spray,Deodorant & Body Spray,FBA,500-999,Out of Stock / 0,Unmapped,Unmapped,86.7,81.6,24.1,4.0,4.2,82.0,85.2,82.6,9.1,Low Risk,74.5,Healthy,Restock Review,High,High indexed unit movement with low inventory or restock priority.
P0029,Amazon,Axe,Body Care,Deodorant / Body Spray,Deodorant & Body Spray,FBA,500-999,Very Low / 1-2,Unmapped,Unmapped,86.5,81.4,23.6,4.9,4.1,81.7,84.7,82.3,9.0,Low Risk,74.1,Healthy,Restock Review,High,High indexed unit movement with low inventory or restock priority.
P1146,Amazon,Vaseline,Body Care,General / Uncategorized,General Product,FBA,500-999,Out of Stock / 0,Unmapped,Unmapped,86.3,81.2,23.8,3.0,3.8,84.4,86.9,84.5,9.0,Low Risk,75.9,Healthy,Restock Review,High,High indexed unit movement with low inventory or restock priority.
P0554,Amazon,Oral-B,Oral Care,Dental Floss,Dental Floss,FBA,500-999,Low / 3-5,Unmapped,Unmapped,86.2,80.8,23.8,3.0,4.0,83.5,86.7,84.0,9.0,Low Risk,75.2,Healthy,Restock Review,High,High indexed unit movement with low inventory or restock priority.
P0594,Amazon,Pantene,Hair Care,Conditioner / Treatment / Mask,Hair Conditioner & Treatment,FBA,500-999,Out of Stock / 0,Unmapped,Unmapped,85.9,81.2,23.9,5.5,4.2,80.6,82.8,81.0,9.1,Low Risk,72.6,Healthy,Restock Review,High,High indexed unit movement with low inventory or restock priority.
P1044,Amazon,Sunsilk,Hair Care,Conditioner / Treatment / Mask,Hair Conditioner & Treatment,FBA,500-999,Out of Stock / 0,Unmapped,Unmapped,85.0,82.2,24.2,3.8,3.8,82.7,84.2,82.6,9.1,Low Risk,75.0,Healthy,Restock Review,High,High indexed unit movement with low inventory or restock priority.
P0813,Amazon,Sensodyne,Oral Care,Toothpaste,Toothpaste,FBA,500-999,Out of Stock / 0,Unmapped,Unmapped,85.0,80.0,23.9,4.6,3.9,82.3,83.5,82.1,9.1,Low Risk,73.8,Healthy,Restock Review,High,High indexed unit movement with low inventory or restock priority.
P0753,Amazon,Rexona,Body Care,Deodorant / Body Spray,Deodorant & Body Spray,FBA,500-999,Out of Stock / 0,Unmapped,Unmapped,84.9,100.0,25.7,4.7,3.8,81.1,81.2,80.4,9.7,Low Risk,72.8,Healthy,Fee Review,High,High sales-index product with elevated fee percentage.
P0260,Amazon,Dove,Hair Care,Conditioner / Treatment / Mask,Hair Conditioner & Treatment,FBA,500-999,Low / 3-5,Unmapped,Unmapped,84.7,80.0,23.8,2.6,3.8,84.5,85.8,84.1,9.0,Low Risk,76.5,Healthy,Restock Review,High,High indexed unit movement with low inventory or restock priority.
P0609,Amazon,Pantene,Hair Care,Conditioner / Treatment / Mask,Hair Conditioner & Treatment,FBA,500-999,Out of Stock / 0,Unmapped,Unmapped,84.7,80.0,23.6,4.4,4.0,82.9,83.8,82.5,9.0,Low Risk,75.3,Healthy,Restock Review,High,High indexed unit movement with low inventory or restock priority.
P1043,Amazon,Sunsilk,Hair Care,Conditioner / Treatment / Mask,Hair Conditioner & Treatment,FBA,500-999,Out of Stock / 0,Unmapped,Unmapped,84.3,83.7,24.5,5.8,3.6,80.9,81.1,80.4,9.2,Low Risk,73.3,Healthy,Restock Review,High,High indexed unit movement with low inventory or restock priority.
P1157,Amazon,Vaseline,Skin Care,Face Cleanser / Face Wash,Face Cleanser,FBA,500-999,Out of Stock / 0,Unmapped,Unmapped,83.2,82.7,24.3,3.9,3.9,81.8,81.9,81.3,9.2,Low Risk,73.8,Healthy,Restock Review,High,High indexed unit movement with low inventory or restock priority.
P0548,Amazon,Oral-B,Oral Care,Toothpaste,Toothpaste,FBA,500-999,Medium / 6-15,Unmapped,Unmapped,81.8,81.2,24.1,4.2,4.0,82.0,80.5,80.8,9.1,Low Risk,74.2,Healthy,Monitor,Low,No action threshold triggered; continue monitoring.
P0235,Amazon,Counterpain,Health & Wellness,Pain Relief Balm,Pain Relief,FBA,500-999,Low / 3-5,Unmapped,Unmapped,81.7,85.7,24.7,3.1,3.8,82.7,81.1,81.3,9.3,Low Risk,75.1,Healthy,Restock Review,High,High indexed unit movement with low inventory or restock priority.
P0534,Amazon,Nexcare,Skin Care,General / Uncategorized,General Product,FBA,500-999,Low / 3-5,Unmapped,Unmapped,81.2,95.5,25.7,4.5,4.1,81.1,77.6,79.0,9.7,Low Risk,73.1,Healthy,Fee Review,High,High sales-index product with elevated fee percentage.
P1085,Amazon,Tresemme,Hair Care,Conditioner / Treatment / Mask,Hair Conditioner & Treatment,FBA,500-999,Medium / 6-15,Unmapped,Unmapped,80.8,80.4,24.0,3.2,4.2,82.9,80.6,81.3,9.1,Low Risk,75.3,Healthy,Monitor,Low,No action threshold triggered; continue monitoring.
P1237,Amazon,Watsons,Oral Care,Interdental Brush,Interdental Brush,FBA,500-999,Out of Stock / 0,Unmapped,Unmapped,80.1,84.1,25.0,5.5,3.7,81.3,76.6,78.7,9.4,Low Risk,73.6,Healthy,Fee Review,High,High sales-index product with elevated fee percentage.
P0343,Amazon,Fino,Hair Care,Hair Oil / Serum,Hair Oil & Serum,FBA,1000-1499,Out of Stock / 0,Unmapped,Unmapped,77.7,78.0,24.2,4.8,4.1,82.1,75.5,78.7,9.2,Low Risk,74.6,Healthy,Restock Review,High,High indexed unit movement with low inventory or restock priority.
P0175,Amazon,Colgate,Oral Care,Toothpaste,Toothpaste,FBA,500-999,Medium / 6-15,Unmapped,Unmapped,75.4,88.6,25.7,3.7,3.9,81.7,72.9,77.4,9.7,Low Risk,72.7,Healthy,Fee Review,High,High sales-index product with elevated fee percentage.
P1120,Amazon,Vaseline,Skin Care,Body Scrub,Body Scrub,FBA,500-999,Very Low / 1-2,Unmapped,Unmapped,74.9,88.4,26.0,2.8,4.0,82.3,73.1,77.8,9.8,Low Risk,74.0,Healthy,Fee Review,High,High sales-index product with elevated fee percentage.
P0156,Amazon,Colgate,Oral Care,Toothpaste,Toothpaste,FBA,500-999,Very High / 51+,Unmapped,Unmapped,74.9,78.8,25.0,5.0,4.3,80.4,71.4,76.2,9.5,Low Risk,72.6,Healthy,Fee Review,High,High sales-index product with elevated fee percentage.
P0082,Amazon,Biore,Skin Care,Sunscreen,Sunscreen,FBA,500-999,Very High / 51+,Unmapped,Unmapped,74.5,93.9,26.6,5.7,4.2,78.9,68.8,74.3,10.0,Low Risk,70.9,Healthy,Fee Review,High,High sales-index product with elevated fee percentage.
P0437,Amazon,L'Oreal Paris,Skin Care,Face Cleanser / Face Wash,Face Cleanser,FBA,500-999,Very High / 51+,Unmapped,Unmapped,72.9,85.9,26.0,4.5,4.1,80.5,69.2,75.3,9.8,Low Risk,71.9,Healthy,Fee Review,High,High sales-index product with elevated fee percentage.
P0246,Amazon,Dove,Body Care,Deodorant / Body Spray,Deodorant & Body Spray,FBA,500-999,Medium / 6-15,Unmapped,Unmapped,71.6,88.8,26.7,5.6,4.4,79.0,65.9,73.2,10.1,Low Risk,70.8,Healthy,Fee Review,High,High sales-index product with elevated fee percentage.
P0747,Amazon,Rexona,Body Care,Deodorant / Body Spray,Deodorant & Body Spray,FBA,500-999,Out of Stock / 0,Unmapped,Unmapped,71.5,84.3,25.8,3.5,4.0,81.7,69.3,76.0,9.7,Low Risk,74.0,Healthy,Fee Review,High,High sales-index product with elevated fee percentage.
P0264,Amazon,Dove,Body Care,Deodorant / Body Spray,Deodorant & Body Spray,FBA,500-999,High / 16-50,Unmapped,Unmapped,70.5,85.5,26.3,5.0,4.3,79.5,65.9,73.5,10.0,Low Risk,70.9,Healthy,Fee Review,High,High sales-index product with elevated fee percentage.
P0218,Amazon,Colgate,Oral Care,Toothpaste,Toothpaste,FBA,500-999,Out of Stock / 0,Unmapped,Unmapped,70.0,77.6,25.5,5.3,4.3,80.4,66.1,74.0,9.7,Low Risk,72.2,Healthy,Fee Review,High,High sales-index product with elevated fee percentage.
P0563,Amazon,Oral-B,Oral Care,Toothpaste,Toothpaste,FBA,500-999,Out of Stock / 0,Unmapped,Unmapped,68.6,80.6,25.8,5.0,4.4,79.5,64.6,73.1,9.8,Low Risk,71.8,Healthy,Fee Review,High,High sales-index product with elevated fee percentage.
P1150,Amazon,Vaseline,Body Care,Deodorant / Body Spray,Deodorant & Body Spray,FBA,500-999,Out of Stock / 0,Unmapped,Unmapped,68.3,92.2,27.3,2.6,3.8,81.4,65.7,74.3,10.2,Low Risk,72.6,Healthy,Fee Review,High,High sales-index product with elevated fee percentage.
P0034,Amazon,Axe,Body Care,Deodorant / Body Spray,Deodorant & Body Spray,FBA,500-999,Very Low / 1-2,Unmapped,Unmapped,68.0,91.8,27.6,5.3,4.2,77.6,62.2,71.1,10.4,Low Risk,69.7,Healthy,Fee Review,High,High sales-index product with elevated fee percentage.
P0744,Amazon,Rexona,Body Care,Deodorant / Body Spray,Deodorant & Body Spray,FBA,500-999,Out of Stock / 0,Unmapped,Unmapped,67.4,79.4,26.0,5.3,4.1,79.8,63.2,72.6,9.8,Low Risk,72.0,Healthy,Fee Review,High,High sales-index product with elevated fee percentage.
P0528,Amazon,NEXCARE,Skin Care,General / Uncategorized,General Product,FBA,500-999,Out of Stock / 0,Unmapped,Unmapped,63.2,79.6,26.8,4.3,3.9,81.1,59.7,71.7,10.0,Low Risk,72.4,Healthy,Fee Review,High,High sales-index product with elevated fee percentage.
P1176,Amazon,Wangprom,Health & Wellness,General / Uncategorized,General Product,FBA,500-999,Out of Stock / 0,Unmapped,Unmapped,62.7,90.8,28.4,4.6,4.3,79.0,57.0,69.5,10.6,Low Risk,70.3,Healthy,Fee Review,High,High sales-index product with elevated fee percentage.
P1107,Amazon,Vaseline,Body Care,General / Uncategorized,General Product,FBA,500-999,Very Low / 1-2,Unmapped,Unmapped,62.5,84.1,27.5,6.3,4.0,78.6,56.5,69.1,10.3,Low Risk,70.4,Healthy,Fee Review,High,High sales-index product with elevated fee percentage.
P0039,Amazon,Axe,Body Care,Deodorant / Body Spray,Deodorant & Body Spray,FBA,500-999,Out of Stock / 0,Unmapped,Unmapped,60.1,85.1,28.4,6.9,4.2,77.2,52.8,66.8,10.6,Low Risk,68.7,Healthy,Fee Review,High,High sales-index product with elevated fee percentage.
P0178,Amazon,Colgate,Oral Care,Toothpaste,Toothpaste,FBA,500-999,Low / 3-5,Unmapped,Unmapped,59.5,84.3,27.9,4.0,3.9,79.7,55.4,69.3,10.4,Low Risk,70.6,Healthy,Fee Review,High,High sales-index product with elevated fee percentage.
P1114,Amazon,Vaseline,Body Care,Deodorant / Body Spray,Deodorant & Body Spray,FBA,500-999,Low / 3-5,Unmapped,Unmapped,59.2,80.2,27.6,4.5,4.1,79.7,54.8,69.0,10.3,Low Risk,71.4,Healthy,Fee Review,High,High sales-index product with elevated fee percentage.
P0931,Amazon,SHIVAMAX,Electronics & Travel Accessories,General / Uncategorized,General Product,FBA,<500,Out of Stock / 0,Unmapped,Unmapped,54.9,86.5,30.0,4.9,4.0,77.4,48.7,65.3,11.1,Low Risk,68.7,Healthy,Fee Review,High,High sales-index product with elevated fee percentage.
P1196,Amazon,Watsons,Oral Care,Dental Floss Picks,Floss Picks,FBA,<500,Very Low / 1-2,Unmapped,Unmapped,53.8,97.1,31.5,4.5,3.9,76.5,46.9,64.0,11.6,Low Risk,67.0,Healthy,Fee Review,High,High sales-index product with elevated fee percentage.
P1190,Amazon,Watsons,Oral Care,Dental Floss,Dental Floss,FBA,<500,Low / 3-5,Unmapped,Unmapped,49.5,89.4,32.2,3.6,4.2,76.4,43.1,62.4,11.9,Low Risk,67.1,Healthy,Fee Review,High,High sales-index product with elevated fee percentage.
P0212,Amazon,Colgate,Oral Care,Toothpaste,Toothpaste,FBA,500-999,Out of Stock / 0,Unmapped,Unmapped,49.1,85.7,31.5,5.0,3.7,76.9,42.6,62.4,11.6,Low Risk,67.6,Healthy,Fee Review,High,High sales-index product with elevated fee percentage.
P0263,Flipkart,Dove,Hair Care,Conditioner / Treatment / Mask,Hair Conditioner & Treatment,Merchant Fulfilled,500-999,Medium / 6-15,Unmapped,Unmapped,48.8,47.1,15.2,3.4,4.0,92.3,54.9,76.0,6.2,Low Risk,86.4,Strong,Monitor,Low,No action threshold triggered; continue monitoring.
P0270,Amazon,Dove,Hair Care,Hair Oil / Serum,Hair Oil & Serum,FBA,<500,Very High / 51+,Unmapped,Unmapped,48.1,90.6,32.0,2.6,4.1,77.9,42.8,63.1,12.0,Low Risk,67.9,Healthy,Fee Review,High,High sales-index product with elevated fee percentage.
P0170,Amazon,Colgate,Oral Care,Toothpaste,Toothpaste,FBA,<500,Low / 3-5,Unmapped,Unmapped,47.6,90.0,32.3,4.8,4.0,76.4,40.8,61.4,11.9,Low Risk,67.3,Healthy,Fee Review,High,High sales-index product with elevated fee percentage.
P0890,Amazon,SHIVAMAX,Health & Wellness,Herbal Inhaler,Herbal Inhaler,FBA,<500,Medium / 6-15,Unmapped,Unmapped,47.1,89.2,32.5,5.7,3.6,74.5,39.9,60.2,12.1,Low Risk,65.2,Healthy,Fee Review,High,High sales-index product with elevated fee percentage.
P0763,Amazon,Sasi,Lip,Lip Care,Lip Care,FBA,<500,Medium / 6-15,Unmapped,Unmapped,47.1,89.0,32.3,3.6,4.1,77.5,41.1,62.1,11.9,Low Risk,67.7,Healthy,Fee Review,High,High sales-index product with elevated fee percentage.
P1099,Amazon,Tros,Body Care,Deodorant / Body Spray,Deodorant & Body Spray,FBA,<500,Out of Stock / 0,Unmapped,Unmapped,46.7,88.0,33.3,4.0,4.0,75.4,39.8,60.5,12.3,Low Risk,65.6,Healthy,Fee Review,High,High sales-index product with elevated fee percentage.
P0261,Amazon,Dove,Hair Care,General / Uncategorized,General Product,FBA,<500,Very High / 51+,Unmapped,Unmapped,46.2,87.6,33.0,5.9,3.9,74.8,38.4,59.6,12.1,Low Risk,66.0,Healthy,Fee Review,High,High sales-index product with elevated fee percentage.
P0840,Amazon,SHIVAMAX,Home & Kitchen,Adhesive Hooks,Adhesive Hooks,FBA,<500,Out of Stock / 0,Unmapped,Unmapped,46.1,87.1,32.4,3.9,4.3,76.7,39.8,61.2,12.0,Low Risk,66.7,Healthy,Fee Review,High,High sales-index product with elevated fee percentage.
P0758,Amazon,Sasi,Lip,Sunscreen,Sunscreen,FBA,<500,Very Low / 1-2,Unmapped,Unmapped,46.0,86.9,32.0,3.2,4.3,76.9,40.4,61.6,12.0,Low Risk,66.5,Healthy,Fee Review,High,High sales-index product with elevated fee percentage.
P1185,Amazon,Watsons,Oral Care,Dental Floss Picks,Floss Picks,FBA,<500,Low / 3-5,Unmapped,Unmapped,45.8,82.4,32.0,6.7,4.0,74.0,38.1,59.2,11.9,Low Risk,64.6,Watch,Fee Review,High,High sales-index product with elevated fee percentage.
P0581,Flipkart,Pantene,Hair Care,Conditioner / Treatment / Mask,Hair Conditioner & Treatment,Merchant Fulfilled,500-999,Very Low / 1-2,Unmapped,Unmapped,45.8,44.1,15.1,4.3,4.0,90.2,50.9,73.5,6.2,Low Risk,84.3,Strong,Monitor,Low,No action threshold triggered; continue monitoring.
P0598,Amazon,Pantene,Hair Care,General / Uncategorized,General Product,FBA,<500,Out of Stock / 0,Unmapped,Unmapped,45.6,86.7,32.6,4.2,3.8,76.5,39.4,60.9,12.0,Low Risk,66.5,Healthy,Fee Review,High,High sales-index product with elevated fee percentage.
P1254,Amazon,Watsons,Oral Care,Dental Floss,Dental Floss,FBA,<500,Out of Stock / 0,Unmapped,Unmapped,45.4,85.7,32.4,3.2,4.0,76.7,39.9,61.3,11.9,Low Risk,66.6,Healthy,Fee Review,High,High sales-index product with elevated fee percentage.
P1112,Amazon,Vaseline,Body Care,Deodorant / Body Spray,Deodorant & Body Spray,FBA,<500,Very Low / 1-2,Unmapped,Unmapped,45.1,85.1,31.9,3.0,3.9,78.1,40.1,62.1,11.8,Low Risk,68.3,Healthy,Fee Review,High,High sales-index product with elevated fee percentage.
P0024,Amazon,AR,Skin Care,General / Uncategorized,General Product,FBA,<500,Out of Stock / 0,Unmapped,Unmapped,44.9,84.5,33.6,6.5,4.2,73.1,36.3,57.9,12.4,Low Risk,63.4,Watch,Fee Review,High,High sales-index product with elevated fee percentage.
P0531,Amazon,NEXCARE,Skin Care,General / Uncategorized,General Product,FBA,<500,Medium / 6-15,Unmapped,Unmapped,44.8,84.9,32.4,2.9,3.9,77.9,39.5,61.7,12.0,Low Risk,67.8,Healthy,Fee Review,High,High sales-index product with elevated fee percentage.
P1033,Amazon,Sunsilk,Hair Care,Conditioner / Treatment / Mask,Hair Conditioner & Treatment,FBA,<500,Out of Stock / 0,Unmapped,Unmapped,44.4,84.1,32.3,4.7,4.1,75.7,38.0,60.0,12.1,Low Risk,65.7,Healthy,Fee Review,High,High sales-index product with elevated fee percentage.
P1039,Amazon,Sunsilk,Hair Care,Conditioner / Treatment / Mask,Hair Conditioner & Treatment,FBA,<500,Out of Stock / 0,Unmapped,Unmapped,44.3,88.4,33.5,4.4,4.1,75.7,37.3,59.6,12.4,Low Risk,65.4,Healthy,Fee Review,High,High sales-index product with elevated fee percentage.
P0944,Amazon,SHIVAMAX,Health & Wellness,Herbal Inhaler,Herbal Inhaler,FBA,<500,Out of Stock / 0,Unmapped,Unmapped,44.3,83.7,32.7,5.2,3.8,75.8,37.5,59.7,12.1,Low Risk,65.2,Healthy,Fee Review,High,High sales-index product with elevated fee percentage.
P0476,Amazon,Listerine,Oral Care,Mouthwash,Mouthwash,FBA,500-999,Out of Stock / 0,Unmapped,Unmapped,44.2,76.9,30.8,4.2,3.8,78.6,39.3,62.0,11.4,Low Risk,68.9,Healthy,Fee Review,High,High sales-index product with elevated fee percentage.
P0595,Amazon,Pantene,Hair Care,Conditioner / Treatment / Mask,Hair Conditioner & Treatment,FBA,<500,Out of Stock / 0,Unmapped,Unmapped,44.0,82.7,32.2,4.6,4.2,76.2,37.7,60.1,12.0,Low Risk,67.1,Healthy,Fee Review,High,High sales-index product with elevated fee percentage.
P0278,Amazon,Dove,Hair Care,Shampoo,Shampoo,FBA,<500,Out of Stock / 0,Unmapped,Unmapped,43.8,83.1,33.3,8.1,4.5,72.1,34.4,56.5,12.3,Low Risk,63.5,Watch,Fee Review,High,High sales-index product with elevated fee percentage.
P0780,Flipkart,Senka,Skin Care,Face Cleanser / Face Wash,Face Cleanser,Merchant Fulfilled,500-999,Very Low / 1-2,Unmapped,Unmapped,43.8,42.0,15.1,4.3,4.4,91.0,48.5,72.8,6.3,Low Risk,84.4,Strong,Monitor,Low,No action threshold triggered; continue monitoring.
P0553,Flipkart,Oral-B,Oral Care,Toothpaste,Toothpaste,Merchant Fulfilled,500-999,Medium / 6-15,Unmapped,Unmapped,43.6,41.8,15.4,6.2,3.8,89.4,47.2,71.5,6.3,Low Risk,83.7,Strong,Monitor,Low,No action threshold triggered; continue monitoring.
P0705,Amazon,Protex,Body Care,General / Uncategorized,General Product,FBA,<500,Very Low / 1-2,Unmapped,Unmapped,43.5,91.4,34.3,4.9,3.4,75.1,36.3,58.8,12.6,Low Risk,64.9,Watch,Fee Review,High,High sales-index product with elevated fee percentage.
P0262,Amazon,Dove,Hair Care,Hair Oil / Serum,Hair Oil & Serum,FBA,<500,Out of Stock / 0,Unmapped,Unmapped,43.4,81.8,32.3,4.9,4.2,76.5,36.9,59.8,12.0,Low Risk,66.8,Healthy,Fee Review,High,High sales-index product with elevated fee percentage.
P1100,Amazon,Tros,Body Care,Deodorant / Body Spray,Deodorant & Body Spray,FBA,<500,Very Low / 1-2,Unmapped,Unmapped,43.2,81.4,32.7,4.9,4.1,76.1,36.6,59.5,12.1,Low Risk,65.5,Healthy,Fee Review,High,High sales-index product with elevated fee percentage.
P1044,Flipkart,Sunsilk,Hair Care,Conditioner / Treatment / Mask,Hair Conditioner & Treatment,Merchant Fulfilled,500-999,Out of Stock / 0,Unmapped,Unmapped,43.1,42.4,15.2,2.7,4.3,91.0,48.7,73.1,6.2,Low Risk,85.2,Strong,Monitor,Low,No action threshold triggered; continue monitoring.
P0554,Flipkart,Oral-B,Oral Care,Dental Floss,Dental Floss,Merchant Fulfilled,500-999,Low / 3-5,Unmapped,Unmapped,43.1,41.4,15.3,4.9,3.8,90.9,47.6,72.4,6.3,Low Risk,84.4,Strong,Monitor,Low,No action threshold triggered; continue monitoring.
P0225,Amazon,Colgate,Oral Care,Toothpaste,Toothpaste,FBA,<500,Out of Stock / 0,Unmapped,Unmapped,43.0,85.7,33.8,4.7,4.0,75.2,35.9,58.7,12.5,Low Risk,65.1,Healthy,Fee Review,High,High sales-index product with elevated fee percentage.
P0555,Amazon,Oral-B,Oral Care,Dental Floss,Dental Floss,FBA,<500,Medium / 6-15,Unmapped,Unmapped,42.9,81.4,32.6,4.4,3.9,76.2,36.9,59.7,12.1,Low Risk,66.4,Healthy,Fee Review,High,High sales-index product with elevated fee percentage.
P0253,Amazon,Dove,Hair Care,General / Uncategorized,General Product,FBA,<500,Out of Stock / 0,Unmapped,Unmapped,42.7,80.6,32.7,6.2,3.9,74.6,35.4,58.3,12.1,Low Risk,65.0,Healthy,Fee Review,High,High sales-index product with elevated fee percentage.
P1121,Flipkart,Vaseline,Body Care,Body Wash,Body Wash,Merchant Fulfilled,500-999,Very Low / 1-2,Unmapped,Unmapped,42.7,40.8,15.5,6.0,3.8,89.3,46.3,71.1,6.3,Low Risk,84.3,Strong,Monitor,Low,No action threshold triggered; continue monitoring.
P0168,Flipkart,Colgate,Oral Care,Toothpaste,Toothpaste,Merchant Fulfilled,500-999,Low / 3-5,Unmapped,Unmapped,42.6,41.0,15.2,4.7,4.1,90.6,47.0,72.0,6.2,Low Risk,85.5,Strong,Monitor,Low,No action threshold triggered; continue monitoring.
P0546,Flipkart,Ora2,Oral Care,Toothpaste,Toothpaste,Merchant Fulfilled,500-999,Out of Stock / 0,Unmapped,Unmapped,42.5,40.8,15.2,2.9,4.8,91.4,47.6,72.7,6.3,Low Risk,85.0,Strong,Monitor,Low,No action threshold triggered; continue monitoring.
P0557,Amazon,Oral-B,Oral Care,Dental Floss,Dental Floss,FBA,<500,High / 16-50,Unmapped,Unmapped,42.4,84.1,32.8,3.8,4.3,77.1,36.4,59.9,12.2,Low Risk,67.7,Healthy,Fee Review,High,High sales-index product with elevated fee percentage.
P0529,Flipkart,NEXCARE,Skin Care,General / Uncategorized,General Product,Merchant Fulfilled,500-999,Medium / 6-15,Unmapped,Unmapped,42.4,40.8,15.2,3.5,4.1,91.4,47.5,72.7,6.2,Low Risk,85.5,Strong,Monitor,Low,No action threshold triggered; continue monitoring.
P1105,Flipkart,Vaseline,Body Care,Body Wash,Body Wash,Merchant Fulfilled,500-999,Low / 3-5,Unmapped,Unmapped,42.3,40.8,15.0,4.9,4.1,89.3,46.7,71.4,6.2,Low Risk,83.9,Strong,Monitor,Low,No action threshold triggered; continue monitoring.
P0308,Amazon,Dove,Hair Care,General / Uncategorized,General Product,FBA,<500,Out of Stock / 0,Unmapped,Unmapped,41.9,78.8,32.3,4.7,3.9,76.3,35.9,59.4,12.0,Low Risk,66.9,Healthy,Fee Review,High,High sales-index product with elevated fee percentage.
P0573,Flipkart,Pantene,Hair Care,Shampoo,Shampoo,Merchant Fulfilled,500-999,Very Low / 1-2,Unmapped,Unmapped,41.9,40.2,15.1,3.8,3.4,91.9,47.3,72.8,6.1,Low Risk,86.4,Strong,Monitor,Low,No action threshold triggered; continue monitoring.
P0257,Amazon,Dove,Hair Care,General / Uncategorized,General Product,FBA,<500,Low / 3-5,Unmapped,Unmapped,41.7,87.3,33.5,3.4,3.8,76.9,35.8,59.6,12.4,Low Risk,66.1,Healthy,Fee Review,High,High sales-index product with elevated fee percentage.
P0781,Flipkart,Senka,Skin Care,Face Cleanser / Face Wash,Face Cleanser,Merchant Fulfilled,500-999,Out of Stock / 0,Unmapped,Unmapped,41.7,40.4,14.8,4.7,4.3,90.2,46.2,71.6,6.1,Low Risk,84.7,Strong,Monitor,Low,No action threshold triggered; continue monitoring.
P0271,Amazon,Dove,Hair Care,General / Uncategorized,General Product,FBA,<500,Out of Stock / 0,Unmapped,Unmapped,41.6,79.0,32.2,5.1,3.9,76.5,35.5,59.3,11.9,Low Risk,66.6,Healthy,Fee Review,High,High sales-index product with elevated fee percentage.
P1080,Flipkart,Tresemme,Hair Care,Conditioner / Treatment / Mask,Hair Conditioner & Treatment,Merchant Fulfilled,500-999,Medium / 6-15,Unmapped,Unmapped,41.6,40.0,15.2,5.0,3.8,90.6,45.9,71.6,6.3,Low Risk,84.4,Strong,Monitor,Low,No action threshold triggered; continue monitoring.
P0259,Amazon,Dove,Hair Care,General / Uncategorized,General Product,FBA,<500,Very High / 51+,Unmapped,Unmapped,41.5,83.1,33.6,4.5,4.0,75.9,34.9,58.7,12.4,Low Risk,65.4,Healthy,Fee Review,High,High sales-index product with elevated fee percentage.
P0042,Flipkart,Axe,Body Care,Deodorant / Body Spray,Deodorant & Body Spray,Merchant Fulfilled,500-999,Out of Stock / 0,Unmapped,Unmapped,41.3,39.8,15.1,3.8,4.4,90.3,45.9,71.6,6.2,Low Risk,84.7,Strong,Monitor,Low,No action threshold triggered; continue monitoring.
P0029,Flipkart,Axe,Body Care,Deodorant / Body Spray,Deodorant & Body Spray,Merchant Fulfilled,500-999,Very Low / 1-2,Unmapped,Unmapped,41.2,39.8,15.1,3.4,3.3,92.8,46.7,73.0,6.2,Low Risk,85.8,Strong,Monitor,Low,No action threshold triggered; continue monitoring.
P0797,Flipkart,Sensodyne,Oral Care,Toothpaste,Toothpaste,Merchant Fulfilled,500-999,Low / 3-5,Unmapped,Unmapped,41.2,39.6,15.7,9.0,4.0,86.1,42.7,68.0,6.6,Low Risk,80.5,Strong,Monitor,Low,No action threshold triggered; continue monitoring.
P0548,Flipkart,Oral-B,Oral Care,Toothpaste,Toothpaste,Merchant Fulfilled,500-999,Medium / 6-15,Unmapped,Unmapped,40.8,41.4,15.0,3.0,4.4,92.1,46.0,72.4,6.0,Low Risk,87.1,Strong,Monitor,Low,No action threshold triggered; continue monitoring.
P1003,Amazon,Snake Brand,Body Care,General / Uncategorized,General Product,FBA,<500,Out of Stock / 0,Unmapped,Unmapped,40.7,85.3,34.5,3.7,4.1,75.3,34.1,58.1,12.9,Low Risk,64.9,Watch,Fee Review,High,High sales-index product with elevated fee percentage.
P0770,Amazon,Sasi,Skin Care,General / Uncategorized,General Product,FBA,<500,Medium / 6-15,Unmapped,Unmapped,40.2,84.5,34.2,3.3,3.9,75.9,34.3,58.5,12.7,Low Risk,64.8,Watch,Fee Review,High,High sales-index product with elevated fee percentage.
P0813,Flipkart,Sensodyne,Oral Care,Toothpaste,Toothpaste,Merchant Fulfilled,500-999,Out of Stock / 0,Unmapped,Unmapped,40.2,38.8,15.3,6.2,3.7,89.8,43.7,70.2,6.3,Low Risk,84.5,Strong,Monitor,Low,No action threshold triggered; continue monitoring.
P0922,Flipkart,SHIVAMAX,Hair Care,Conditioner / Treatment / Mask,Hair Conditioner & Treatment,Merchant Fulfilled,500-999,Out of Stock / 0,Unmapped,Unmapped,40.1,39.8,15.2,4.4,3.8,90.2,44.6,71.0,6.3,Low Risk,84.1,Strong,Monitor,Low,No action threshold triggered; continue monitoring.
P0690,Amazon,Protex,Body Care,General / Uncategorized,General Product,FBA,<500,Very Low / 1-2,Unmapped,Unmapped,40.0,94.7,36.4,5.6,4.2,72.6,31.2,55.3,13.5,Low Risk,61.5,Watch,Fee Review,High,High sales-index product with elevated fee percentage.
P0260,Flipkart,Dove,Hair Care,Conditioner / Treatment / Mask,Hair Conditioner & Treatment,Merchant Fulfilled,500-999,Low / 3-5,Unmapped,Unmapped,40.0,38.6,15.6,6.6,4.1,87.7,42.8,68.9,6.5,Low Risk,81.7,Strong,Monitor,Low,No action threshold triggered; continue monitoring.
P0590,Flipkart,Pantene,Hair Care,Conditioner / Treatment / Mask,Hair Conditioner & Treatment,Merchant Fulfilled,500-999,Out of Stock / 0,Unmapped,Unmapped,40.0,38.6,15.6,9.0,4.1,85.9,41.4,67.4,6.5,Low Risk,81.5,Strong,Monitor,Low,No action threshold triggered; continue monitoring.
P0279,Flipkart,Dove,Body Care,General / Uncategorized,General Product,Merchant Fulfilled,500-999,Out of Stock / 0,Unmapped,Unmapped,40.0,38.4,15.4,5.8,4.4,87.5,43.2,69.1,6.5,Low Risk,81.0,Strong,Monitor,Low,No action threshold triggered; continue monitoring.
P0610,Flipkart,Pantene,Hair Care,Hair Oil / Serum,Hair Oil & Serum,Merchant Fulfilled,500-999,Out of Stock / 0,Unmapped,Unmapped,40.0,38.4,15.4,8.9,3.7,86.8,41.8,68.0,6.4,Low Risk,81.6,Strong,Monitor,Low,No action threshold triggered; continue monitoring.
P0562,Flipkart,Oral-B,Oral Care,Toothpaste,Toothpaste,Merchant Fulfilled,500-999,Out of Stock / 0,Unmapped,Unmapped,40.0,38.2,15.2,2.6,3.8,92.3,45.5,72.4,6.1,Low Risk,86.3,Strong,Monitor,Low,No action threshold triggered; continue monitoring.
P1248,Amazon,Watsons,Skin Care,Lip Care,Lip Care,FBA,<500,Out of Stock / 0,Unmapped,Unmapped,39.8,75.3,32.5,4.4,3.8,76.5,34.2,58.8,12.0,Low Risk,67.1,Healthy,Fee Review,High,High sales-index product with elevated fee percentage.
P0586,Flipkart,Pantene,Hair Care,General / Uncategorized,General Product,Merchant Fulfilled,500-999,Medium / 6-15,Unmapped,Unmapped,39.8,38.2,15.2,6.9,3.8,88.7,42.8,69.4,6.3,Low Risk,83.3,Strong,Monitor,Low,No action threshold triggered; continue monitoring.
P0868,Amazon,SHIVAMAX,Home & Kitchen,General / Uncategorized,General Product,FBA,<500,Medium / 6-15,Unmapped,Unmapped,39.7,88.4,35.7,6.1,4.2,72.7,31.1,55.4,13.2,Low Risk,61.6,Watch,Fee Review,High,High sales-index product with elevated fee percentage.
P0252,Flipkart,Dove,Hair Care,Conditioner / Treatment / Mask,Hair Conditioner & Treatment,Merchant Fulfilled,500-999,Low / 3-5,Unmapped,Unmapped,39.7,38.0,15.0,3.5,4.2,91.3,44.6,71.5,6.2,Low Risk,85.1,Strong,Monitor,Low,No action threshold triggered; continue monitoring.
P0609,Flipkart,Pantene,Hair Care,Conditioner / Treatment / Mask,Hair Conditioner & Treatment,Merchant Fulfilled,500-999,Out of Stock / 0,Unmapped,Unmapped,39.4,37.8,15.0,4.3,4.5,91.6,43.6,71.1,6.2,Low Risk,84.8,Strong,Monitor,Low,No action threshold triggered; continue monitoring.
P1035,Amazon,Sunsilk,Hair Care,Shampoo,Shampoo,FBA,<500,High / 16-50,Unmapped,Unmapped,39.3,93.3,36.7,3.6,4.0,74.5,31.8,56.5,13.6,Low Risk,63.4,Watch,Fee Review,High,High sales-index product with elevated fee percentage.
P1032,Amazon,Sunsilk,Hair Care,Shampoo,Shampoo,FBA,<500,High / 16-50,Unmapped,Unmapped,39.3,92.9,37.2,4.2,3.9,73.6,31.2,55.8,13.7,Low Risk,61.7,Watch,Fee Review,High,High sales-index product with elevated fee percentage.
P1043,Flipkart,Sunsilk,Hair Care,Conditioner / Treatment / Mask,Hair Conditioner & Treatment,Merchant Fulfilled,500-999,Out of Stock / 0,Unmapped,Unmapped,39.2,39.6,15.1,3.6,4.2,92.0,43.9,71.5,6.2,Low Risk,85.3,Strong,Monitor,Low,No action threshold triggered; continue monitoring.
P1048,Flipkart,Sunsilk,Hair Care,Conditioner / Treatment / Mask,Hair Conditioner & Treatment,Merchant Fulfilled,500-999,Out of Stock / 0,Unmapped,Unmapped,39.1,38.0,15.2,2.6,3.5,93.1,44.7,72.4,6.0,Low Risk,88.1,Strong,Monitor,Low,No action threshold triggered; continue monitoring.
P0906,Flipkart,SHIVAMAX,Hair Care,Conditioner / Treatment / Mask,Hair Conditioner & Treatment,Merchant Fulfilled,500-999,Out of Stock / 0,Unmapped,Unmapped,39.1,37.8,15.2,4.5,3.8,91.2,43.4,70.9,6.2,Low Risk,85.4,Strong,Monitor,Low,No action threshold triggered; continue monitoring.
P0543,Flipkart,Ora2,Oral Care,Toothpaste,Toothpaste,Merchant Fulfilled,500-999,Out of Stock / 0,Unmapped,Unmapped,38.9,37.3,15.2,3.6,3.8,92.0,43.7,71.4,6.1,Low Risk,86.9,Strong,Monitor,Low,No action threshold triggered; continue monitoring.
P0172,Flipkart,Colgate,Oral Care,Toothpaste,Toothpaste,Merchant Fulfilled,500-999,Very Low / 1-2,Unmapped,Unmapped,38.8,37.3,15.2,5.0,4.2,89.5,42.5,69.8,6.4,Low Risk,83.3,Strong,Monitor,Low,No action threshold triggered; continue monitoring.
P0233,Amazon,Counterpain,Health & Wellness,Pain Relief Balm,Pain Relief,FBA,<500,Out of Stock / 0,Unmapped,Unmapped,38.5,81.2,33.6,4.3,3.7,75.8,32.7,57.8,12.4,Low Risk,66.1,Healthy,Fee Review,High,High sales-index product with elevated fee percentage.
P0342,Flipkart,Fino,Hair Care,Conditioner / Treatment / Mask,Hair Conditioner & Treatment,Merchant Fulfilled,500-999,Out of Stock / 0,Unmapped,Unmapped,38.5,36.9,15.1,4.0,4.9,89.8,42.5,69.9,6.3,Low Risk,83.6,Strong,Monitor,Low,No action threshold triggered; continue monitoring.
P0566,Flipkart,Pantene,Hair Care,Shampoo,Shampoo,Merchant Fulfilled,500-999,Very Low / 1-2,Unmapped,Unmapped,38.4,39.0,15.5,6.9,3.7,89.4,41.2,69.0,6.3,Low Risk,84.3,Strong,Monitor,Low,No action threshold triggered; continue monitoring.
P0230,Flipkart,Counterpain,Health & Wellness,Pain Relief Balm,Pain Relief,Merchant Fulfilled,500-999,Out of Stock / 0,Unmapped,Unmapped,38.2,36.9,15.2,4.5,3.8,90.8,42.4,70.3,6.2,Low Risk,85.7,Strong,Monitor,Low,No action threshold triggered; continue monitoring.
P0022,Flipkart,Ambi Pur,Home & Kitchen,Air Freshener,Air Freshener,Merchant Fulfilled,500-999,Low / 3-5,Unmapped,Unmapped,38.2,36.7,15.0,5.1,3.5,90.9,42.3,70.3,6.2,Low Risk,84.2,Strong,Monitor,Low,No action threshold triggered; continue monitoring.
P1164,Amazon,Wangprom,Health & Wellness,Herbal Inhaler,Herbal Inhaler,FBA,<500,Out of Stock / 0,Unmapped,Unmapped,38.0,89.8,36.4,4.0,4.0,74.0,30.6,55.9,13.5,Low Risk,63.7,Watch,Fee Review,High,High sales-index product with elevated fee percentage.
P0604,Flipkart,Pantene,Hair Care,Conditioner / Treatment / Mask,Hair Conditioner & Treatment,Merchant Fulfilled,500-999,Out of Stock / 0,Unmapped,Unmapped,38.0,38.6,15.2,4.9,4.1,89.8,41.9,69.6,6.4,Low Risk,83.1,Strong,Monitor,Low,No action threshold triggered; continue monitoring.
P0594,Flipkart,Pantene,Hair Care,Conditioner / Treatment / Mask,Hair Conditioner & Treatment,Merchant Fulfilled,500-999,Out of Stock / 0,Unmapped,Unmapped,38.0,36.5,15.1,2.3,4.2,93.2,43.3,71.9,6.1,Low Risk,87.3,Strong,Monitor,Low,No action threshold triggered; continue monitoring.
P0720,Amazon,Protex,Body Care,General / Uncategorized,General Product,FBA,<500,Very Low / 1-2,Unmapped,Unmapped,37.9,89.4,36.5,3.9,4.0,74.6,30.6,56.1,13.5,Low Risk,63.2,Watch,Fee Review,High,High sales-index product with elevated fee percentage.
P0706,Amazon,Protex,Body Care,General / Uncategorized,General Product,FBA,<500,Out of Stock / 0,Unmapped,Unmapped,37.9,79.8,34.0,3.4,3.9,76.4,32.4,58.0,12.5,Low Risk,66.4,Healthy,Fee Review,High,High sales-index product with elevated fee percentage.
P1075,Flipkart,Tresemme,Hair Care,Shampoo,Shampoo,Merchant Fulfilled,500-999,Very Low / 1-2,Unmapped,Unmapped,37.9,36.5,14.9,2.6,4.6,91.9,42.9,71.2,6.1,Low Risk,86.7,Strong,Monitor,Low,No action threshold triggered; continue monitoring.
P1041,Amazon,Sunsilk,Hair Care,Shampoo,Shampoo,FBA,<500,Out of Stock / 0,Unmapped,Unmapped,37.7,88.8,36.3,5.1,4.3,73.0,29.7,55.0,13.5,Low Risk,62.2,Watch,Fee Review,High,High sales-index product with elevated fee percentage.
P1146,Flipkart,Vaseline,Body Care,General / Uncategorized,General Product,Merchant Fulfilled,500-999,Out of Stock / 0,Unmapped,Unmapped,37.7,36.3,15.0,2.3,4.2,93.5,43.0,71.9,6.1,Low Risk,87.1,Strong,Monitor,Low,No action threshold triggered; continue monitoring.
P0475,Amazon,Listerine,Oral Care,Mouthwash,Mouthwash,FBA,<500,Low / 3-5,Unmapped,Unmapped,37.6,88.6,36.3,3.1,3.7,74.7,31.1,56.5,13.5,Low Risk,63.4,Watch,Fee Review,High,High sales-index product with elevated fee percentage.
P0795,Flipkart,Senka,Skin Care,Face Cleanser / Face Wash,Face Cleanser,Merchant Fulfilled,500-999,Out of Stock / 0,Unmapped,Unmapped,37.6,36.1,15.1,3.8,3.8,91.8,42.2,70.7,6.1,Low Risk,86.1,Strong,Monitor,Low,No action threshold triggered; continue monitoring.
P0783,Flipkart,Senka,Skin Care,Face Cleanser / Face Wash,Face Cleanser,Merchant Fulfilled,500-999,Out of Stock / 0,Unmapped,Unmapped,37.4,36.1,15.0,2.2,4.3,93.1,42.6,71.6,6.1,Low Risk,87.6,Strong,Monitor,Low,No action threshold triggered; continue monitoring.
P0602,Flipkart,Pantene,Hair Care,Conditioner / Treatment / Mask,Hair Conditioner & Treatment,Merchant Fulfilled,500-999,Out of Stock / 0,Unmapped,Unmapped,37.3,35.7,15.1,2.9,3.8,92.4,42.3,71.1,6.0,Low Risk,86.8,Strong,Monitor,Low,No action threshold triggered; continue monitoring.
P1157,Flipkart,Vaseline,Skin Care,Face Cleanser / Face Wash,Face Cleanser,Merchant Fulfilled,500-999,Out of Stock / 0,Unmapped,Unmapped,37.2,37.8,15.5,7.2,3.7,88.0,39.7,67.8,6.5,Low Risk,82.1,Strong,Monitor,Low,No action threshold triggered; continue monitoring.
P1156,Flipkart,Vaseline,Body Care,Body Lotion,Body Lotion,Merchant Fulfilled,500-999,Out of Stock / 0,Unmapped,Unmapped,37.0,35.7,15.1,2.5,4.4,91.4,41.9,70.6,6.2,Low Risk,85.7,Strong,Monitor,Low,No action threshold triggered; continue monitoring.
P1131,Flipkart,Vaseline,Skin Care,Sunscreen,Sunscreen,Merchant Fulfilled,500-999,Out of Stock / 0,Unmapped,Unmapped,37.0,35.5,15.4,6.1,4.5,89.0,39.7,68.3,6.5,Low Risk,82.7,Strong,Monitor,Low,No action threshold triggered; continue monitoring.
P1237,Flipkart,Watsons,Oral Care,Interdental Brush,Interdental Brush,Merchant Fulfilled,500-999,Out of Stock / 0,Unmapped,Unmapped,36.6,38.8,15.1,1.8,3.9,93.9,42.2,71.8,6.0,Low Risk,88.3,Strong,Monitor,Low,No action threshold triggered; continue monitoring.
P0777,Flipkart,Senka,Skin Care,Face Cleanser / Face Wash,Face Cleanser,Merchant Fulfilled,500-999,Low / 3-5,Unmapped,Unmapped,36.6,35.5,15.2,2.8,3.7,92.0,41.6,70.7,6.1,Low Risk,86.1,Strong,Monitor,Low,No action threshold triggered; continue monitoring.
P1067,Flipkart,Tiger Balm,Health & Wellness,Pain Relief Balm,Pain Relief,Merchant Fulfilled,500-999,Medium / 6-15,Unmapped,Unmapped,36.5,39.0,14.9,1.2,4.2,93.3,42.2,71.6,6.0,Low Risk,87.7,Strong,Monitor,Low,No action threshold triggered; continue monitoring.
P1042,Flipkart,Sunsilk,Hair Care,Conditioner / Treatment / Mask,Hair Conditioner & Treatment,Merchant Fulfilled,500-999,Out of Stock / 0,Unmapped,Unmapped,36.5,35.1,14.9,1.4,3.9,94.9,42.3,72.3,6.0,Low Risk,88.4,Strong,Monitor,Low,No action threshold triggered; continue monitoring.
P0617,Flipkart,Pantene,Hair Care,Conditioner / Treatment / Mask,Hair Conditioner & Treatment,Merchant Fulfilled,500-999,Out of Stock / 0,Unmapped,Unmapped,36.4,35.1,15.3,6.3,4.3,89.5,39.3,68.3,6.5,Low Risk,83.1,Strong,Monitor,Low,No action threshold triggered; continue monitoring.
P0565,Flipkart,Pair,Skin Care,General / Uncategorized,General Product,Merchant Fulfilled,500-999,Out of Stock / 0,Unmapped,Unmapped,36.2,36.7,15.6,6.7,4.0,87.9,38.8,67.4,6.3,Low Risk,82.9,Strong,Monitor,Low,No action threshold triggered; continue monitoring.
P0041,Flipkart,Axe,Body Care,Deodorant / Body Spray,Deodorant & Body Spray,Merchant Fulfilled,500-999,Out of Stock / 0,Unmapped,Unmapped,36.0,34.5,15.2,4.2,4.5,89.6,39.9,68.8,6.2,Low Risk,83.9,Strong,Monitor,Low,No action threshold triggered; continue monitoring.
P1029,Amazon,Sunsilk,Hair Care,Shampoo,Shampoo,FBA,<500,High / 16-50,Unmapped,Unmapped,35.8,84.3,36.5,5.2,3.7,72.5,28.3,54.2,13.4,Low Risk,62.5,Watch,Fee Review,High,High sales-index product with elevated fee percentage.
P0547,Flipkart,Oral-B,Oral Care,Dental Floss,Dental Floss,Merchant Fulfilled,500-999,Low / 3-5,Unmapped,Unmapped,35.6,34.3,15.2,4.5,4.1,91.6,39.4,69.4,6.2,Low Risk,85.4,Strong,Monitor,Low,No action threshold triggered; continue monitoring.
P1085,Flipkart,Tresemme,Hair Care,Conditioner / Treatment / Mask,Hair Conditioner & Treatment,Merchant Fulfilled,500-999,Medium / 6-15,Unmapped,Unmapped,35.5,36.3,15.0,3.2,4.0,92.8,40.2,70.4,6.1,Low Risk,86.3,Strong,Monitor,Low,No action threshold triggered; continue monitoring.
P1249,Amazon,Watsons,Oral Care,Dental Floss Picks,Floss Picks,FBA,<500,Out of Stock / 0,Unmapped,Unmapped,35.4,95.3,39.1,4.3,3.6,72.1,27.2,53.3,14.4,Low Risk,60.6,Watch,Fee Review,High,High sales-index product with elevated fee percentage.
P0488,Flipkart,Listerine,Oral Care,Mouthwash,Mouthwash,Merchant Fulfilled,500-999,Out of Stock / 0,Unmapped,Unmapped,35.4,34.1,15.2,5.0,3.5,91.2,39.2,69.2,6.2,Low Risk,85.3,Strong,Monitor,Low,No action threshold triggered; continue monitoring.
P1052,Amazon,Sunsilk,Hair Care,Shampoo,Shampoo,FBA,<500,Out of Stock / 0,Unmapped,Unmapped,35.2,83.3,37.0,4.4,3.9,72.6,28.0,54.1,13.6,Low Risk,61.4,Watch,Fee Review,High,High sales-index product with elevated fee percentage.
P1200,Amazon,Watsons,Oral Care,Dental Floss,Dental Floss,FBA,<500,Low / 3-5,Unmapped,Unmapped,34.9,94.1,40.4,5.9,4.2,68.9,25.1,50.8,14.9,Low Risk,58.0,Watch,Fee Review,High,High sales-index product with elevated fee percentage.
P1109,Flipkart,Vaseline,Body Care,Body Wash,Body Wash,Merchant Fulfilled,500-999,Very Low / 1-2,Unmapped,Unmapped,34.8,34.1,15.4,4.8,4.5,90.0,38.1,68.2,6.4,Low Risk,84.2,Strong,Monitor,Low,No action threshold triggered; continue monitoring.
P0235,Flipkart,Counterpain,Health & Wellness,Pain Relief Balm,Pain Relief,Merchant Fulfilled,500-999,Low / 3-5,Unmapped,Unmapped,34.7,36.9,15.5,5.6,3.7,91.8,37.9,68.8,6.4,Low Risk,84.6,Strong,Monitor,Low,No action threshold triggered; continue monitoring.
P0427,Amazon,Kaowmanee,Skin Care,General / Uncategorized,General Product,FBA,<500,Out of Stock / 0,Unmapped,Unmapped,34.5,90.4,38.8,6.3,4.1,70.8,25.4,51.9,14.3,Low Risk,60.0,Watch,Fee Review,High,High sales-index product with elevated fee percentage.
P0679,Amazon,Poy Sian,Health & Wellness,Herbal Inhaler,Herbal Inhaler,FBA,<500,Medium / 6-15,Unmapped,Unmapped,34.4,81.0,36.2,2.6,3.6,75.7,28.7,56.0,13.5,Low Risk,64.5,Watch,Fee Review,High,High sales-index product with elevated fee percentage.
P1162,Flipkart,Vita Keratin,Hair Care,General / Uncategorized,General Product,Merchant Fulfilled,500-999,Out of Stock / 0,Unmapped,Unmapped,34.3,34.9,15.6,7.2,4.0,88.0,36.5,66.4,6.4,Low Risk,83.4,Strong,Monitor,Low,No action threshold triggered; continue monitoring.
P1072,Amazon,Tiger Balm,Health & Wellness,Herbal Inhaler,Herbal Inhaler,FBA,<500,High / 16-50,Unmapped,Unmapped,34.2,92.4,39.7,5.0,4.3,70.6,25.3,51.7,14.6,Low Risk,59.3,Watch,Fee Review,High,High sales-index product with elevated fee percentage.
P1038,Amazon,Sunsilk,Hair Care,Conditioner / Treatment / Mask,Hair Conditioner & Treatment,FBA,<500,Out of Stock / 0,Unmapped,Unmapped,34.2,80.2,36.7,4.7,4.4,72.0,26.9,53.4,13.6,Low Risk,60.9,Watch,Fee Review,High,High sales-index product with elevated fee percentage.
P0264,Flipkart,Dove,Body Care,Deodorant / Body Spray,Deodorant & Body Spray,Merchant Fulfilled,500-999,High / 16-50,Unmapped,Unmapped,33.8,41.6,15.5,5.2,3.8,89.9,37.1,67.7,6.4,Low Risk,83.8,Strong,Monitor,Low,No action threshold triggered; continue monitoring.
P0605,Flipkart,Pantene,Hair Care,Conditioner / Treatment / Mask,Hair Conditioner & Treatment,Merchant Fulfilled,500-999,Out of Stock / 0,Unmapped,Unmapped,33.8,32.4,15.4,6.7,3.8,88.4,36.4,66.7,6.3,Low Risk,84.0,Strong,Monitor,Low,No action threshold triggered; continue monitoring.
P0604,Meesho,Pantene,Hair Care,Conditioner / Treatment / Mask,Hair Conditioner & Treatment,Merchant Fulfilled,500-999,Out of Stock / 0,Unmapped,Unmapped,33.7,36.1,12.9,1.7,4.1,95.3,39.8,71.7,5.3,Low Risk,90.2,Strong,Monitor,Low,No action threshold triggered; continue monitoring.
P0534,Flipkart,Nexcare,Skin Care,General / Uncategorized,General Product,Merchant Fulfilled,500-999,Low / 3-5,Unmapped,Unmapped,33.6,40.4,15.6,5.6,4.1,88.9,36.5,67.0,6.5,Low Risk,82.9,Strong,Monitor,Low,No action threshold triggered; continue monitoring.
P0218,Flipkart,Colgate,Oral Care,Toothpaste,Toothpaste,Merchant Fulfilled,500-999,Out of Stock / 0,Unmapped,Unmapped,33.2,37.3,15.4,4.9,4.1,90.6,36.5,67.8,6.3,Low Risk,85.0,Strong,Monitor,Low,No action threshold triggered; continue monitoring.
P0553,Meesho,Oral-B,Oral Care,Toothpaste,Toothpaste,Merchant Fulfilled,500-999,Medium / 6-15,Unmapped,Unmapped,33.1,33.7,13.2,4.3,4.2,92.7,37.6,69.4,5.6,Low Risk,87.0,Strong,Monitor,Low,No action threshold triggered; continue monitoring.
P1070,Amazon,Tiger Balm,Health & Wellness,Herbal Inhaler,Herbal Inhaler,FBA,<500,Medium / 6-15,Unmapped,Unmapped,33.0,89.0,39.9,6.2,4.2,69.4,23.8,50.5,14.7,Low Risk,58.4,Watch,Fee Review,High,High sales-index product with elevated fee percentage.
P1218,Amazon,Watsons,Oral Care,Dental Floss Picks,Floss Picks,FBA,<500,Low / 3-5,Unmapped,Unmapped,33.0,89.0,39.2,4.9,3.7,71.4,25.0,52.1,14.5,Low Risk,60.1,Watch,Fee Review,High,High sales-index product with elevated fee percentage.
P1042,Meesho,Sunsilk,Hair Care,Conditioner / Treatment / Mask,Hair Conditioner & Treatment,Merchant Fulfilled,500-999,Out of Stock / 0,Unmapped,Unmapped,33.0,33.5,13.3,5.2,3.9,92.6,37.1,69.1,5.8,Low Risk,85.0,Strong,Monitor,Low,No action threshold triggered; continue monitoring.
P1026,Amazon,Sunsilk,Hair Care,Conditioner / Treatment / Mask,Hair Conditioner & Treatment,FBA,<500,Low / 3-5,Unmapped,Unmapped,32.9,79.6,37.0,3.7,3.9,73.6,26.5,54.0,13.7,Low Risk,61.8,Watch,Fee Review,High,High sales-index product with elevated fee percentage.
P0175,Flipkart,Colgate,Oral Care,Toothpaste,Toothpaste,Merchant Fulfilled,500-999,Medium / 6-15,Unmapped,Unmapped,32.7,39.4,15.4,3.2,3.7,91.9,36.9,68.7,6.3,Low Risk,85.3,Strong,Monitor,Low,No action threshold triggered; continue monitoring.
P0343,Flipkart,Fino,Hair Care,Hair Oil / Serum,Hair Oil & Serum,Merchant Fulfilled,1000-1499,Out of Stock / 0,Unmapped,Unmapped,32.7,33.7,15.5,3.4,3.7,92.1,36.7,68.6,6.3,Low Risk,85.3,Strong,Monitor,Low,No action threshold triggered; continue monitoring.
P0744,Flipkart,Rexona,Body Care,Deodorant / Body Spray,Deodorant & Body Spray,Merchant Fulfilled,500-999,Out of Stock / 0,Unmapped,Unmapped,32.5,39.0,15.5,5.2,4.1,89.9,35.5,67.0,6.5,Low Risk,83.1,Strong,Monitor,Low,No action threshold triggered; continue monitoring.
P0172,Meesho,Colgate,Oral Care,Toothpaste,Toothpaste,Merchant Fulfilled,500-999,Very Low / 1-2,Unmapped,Unmapped,32.5,32.9,13.2,3.7,4.5,92.6,37.1,69.2,5.6,Low Risk,86.9,Strong,Monitor,Low,No action threshold triggered; continue monitoring.
P0780,Meesho,Senka,Skin Care,Face Cleanser / Face Wash,Face Cleanser,Merchant Fulfilled,500-999,Very Low / 1-2,Unmapped,Unmapped,32.5,32.7,13.1,4.7,4.1,92.2,36.9,68.9,5.6,Low Risk,86.4,Strong,Monitor,Low,No action threshold triggered; continue monitoring.
P1071,Amazon,Tiger Balm,Health & Wellness,Herbal Inhaler,Herbal Inhaler,FBA,<500,High / 16-50,Unmapped,Unmapped,32.4,88.0,40.4,6.2,3.8,69.8,23.3,50.4,14.7,Low Risk,58.4,Watch,Fee Review,High,High sales-index product with elevated fee percentage.
P1251,Amazon,Watsons,Oral Care,Dental Floss Picks,Floss Picks,FBA,<500,Out of Stock / 0,Unmapped,Unmapped,32.4,87.3,39.2,3.8,4.1,70.6,24.9,51.8,14.6,Low Risk,58.9,Watch,Fee Review,High,High sales-index product with elevated fee percentage.
P1069,Flipkart,Tiger Balm,Health & Wellness,Pain Relief Balm,Pain Relief,Merchant Fulfilled,500-999,Medium / 6-15,Unmapped,Unmapped,32.3,34.5,15.7,9.6,4.2,85.2,33.0,63.7,6.6,Low Risk,80.3,Strong,Monitor,Low,No action threshold triggered; continue monitoring.
P0602,Meesho,Pantene,Hair Care,Conditioner / Treatment / Mask,Hair Conditioner & Treatment,Merchant Fulfilled,500-999,Out of Stock / 0,Unmapped,Unmapped,32.2,32.7,13.1,2.1,3.9,95.4,37.8,70.9,5.3,Low Risk,90.1,Strong,Monitor,Low,No action threshold triggered; continue monitoring.
P0156,Flipkart,Colgate,Oral Care,Toothpaste,Toothpaste,Merchant Fulfilled,500-999,Very High / 51+,Unmapped,Unmapped,32.1,34.5,15.9,5.3,3.8,89.7,35.0,66.7,6.4,Low Risk,84.5,Strong,Monitor,Low,No action threshold triggered; continue monitoring.
P1214,Amazon,Watsons,Oral Care,Dental Floss Picks,Floss Picks,FBA,<500,Very Low / 1-2,Unmapped,Unmapped,31.9,85.9,39.4,3.3,4.3,72.5,24.6,52.5,14.6,Low Risk,60.9,Watch,Fee Review,High,High sales-index product with elevated fee percentage.
P0563,Flipkart,Oral-B,Oral Care,Toothpaste,Toothpaste,Merchant Fulfilled,500-999,Out of Stock / 0,Unmapped,Unmapped,31.8,38.6,15.4,4.2,3.8,92.6,35.4,68.2,6.3,Low Risk,86.0,Strong,Monitor,Low,No action threshold triggered; continue monitoring.
P1120,Flipkart,Vaseline,Skin Care,Body Scrub,Body Scrub,Merchant Fulfilled,500-999,Very Low / 1-2,Unmapped,Unmapped,31.7,38.2,15.7,8.3,3.9,87.9,33.2,65.0,6.5,Low Risk,82.1,Strong,Monitor,Low,No action threshold triggered; continue monitoring.
P0437,Flipkart,L'Oreal Paris,Skin Care,Face Cleanser / Face Wash,Face Cleanser,Merchant Fulfilled,500-999,Very High / 51+,Unmapped,Unmapped,31.6,38.0,15.3,3.8,4.4,90.8,35.1,67.4,6.3,Low Risk,85.0,Strong,Monitor,Low,No action threshold triggered; continue monitoring.
P0747,Flipkart,Rexona,Body Care,Deodorant / Body Spray,Deodorant & Body Spray,Merchant Fulfilled,500-999,Out of Stock / 0,Unmapped,Unmapped,31.6,38.0,15.3,3.3,3.8,92.5,35.6,68.4,6.2,Low Risk,86.6,Strong,Monitor,Low,No action threshold triggered; continue monitoring.
P0342,Meesho,Fino,Hair Care,Conditioner / Treatment / Mask,Hair Conditioner & Treatment,Merchant Fulfilled,500-999,Out of Stock / 0,Unmapped,Unmapped,31.5,31.8,13.6,8.1,3.5,91.3,34.2,67.1,5.9,Low Risk,83.6,Strong,Monitor,Low,No action threshold triggered; continue monitoring.
P0022,Meesho,Ambi Pur,Home & Kitchen,Air Freshener,Air Freshener,Merchant Fulfilled,500-999,Low / 3-5,Unmapped,Unmapped,31.4,31.8,13.2,6.2,4.0,92.5,34.9,68.1,5.7,Low Risk,85.9,Strong,Monitor,Low,No action threshold triggered; continue monitoring.
P0279,Meesho,Dove,Body Care,General / Uncategorized,General Product,Merchant Fulfilled,500-999,Out of Stock / 0,Unmapped,Unmapped,31.3,31.8,13.4,2.6,3.9,94.6,36.4,69.9,5.5,Low Risk,88.8,Strong,Monitor,Low,No action threshold triggered; continue monitoring.
P0590,Meesho,Pantene,Hair Care,Conditioner / Treatment / Mask,Hair Conditioner & Treatment,Merchant Fulfilled,500-999,Out of Stock / 0,Unmapped,Unmapped,31.2,31.6,13.2,4.4,4.0,93.2,35.5,68.8,5.6,Low Risk,86.3,Strong,Monitor,Low,No action threshold triggered; continue monitoring.
P0252,Meesho,Dove,Hair Care,Conditioner / Treatment / Mask,Hair Conditioner & Treatment,Merchant Fulfilled,500-999,Low / 3-5,Unmapped,Unmapped,30.7,31.2,13.4,5.6,3.7,91.5,34.5,67.6,5.7,Low Risk,85.1,Strong,Monitor,Low,No action threshold triggered; continue monitoring.
P1114,Flipkart,Vaseline,Body Care,Deodorant / Body Spray,Deodorant & Body Spray,Merchant Fulfilled,500-999,Low / 3-5,Unmapped,Unmapped,30.6,42.2,15.7,2.3,4.2,94.3,34.6,68.7,6.3,Low Risk,87.8,Strong,Monitor,Low,No action threshold triggered; continue monitoring.
P0753,Flipkart,Rexona,Body Care,Deodorant / Body Spray,Deodorant & Body Spray,Merchant Fulfilled,500-999,Out of Stock / 0,Unmapped,Unmapped,30.5,36.5,15.9,8.2,4.5,85.4,31.6,63.3,6.7,Low Risk,80.4,Strong,Monitor,Low,No action threshold triggered; continue monitoring.
P0783,Meesho,Senka,Skin Care,Face Cleanser / Face Wash,Face Cleanser,Merchant Fulfilled,500-999,Out of Stock / 0,Unmapped,Unmapped,30.5,30.8,13.6,5.2,3.9,92.6,34.2,67.9,5.7,Low Risk,87.4,Strong,Monitor,Low,No action threshold triggered; continue monitoring.
P0566,Meesho,Pantene,Hair Care,Shampoo,Shampoo,Merchant Fulfilled,500-999,Very Low / 1-2,Unmapped,Unmapped,30.4,32.4,13.2,5.3,4.0,92.8,34.1,68.0,5.7,Low Risk,85.7,Strong,Monitor,Low,No action threshold triggered; continue monitoring.
P0594,Meesho,Pantene,Hair Care,Conditioner / Treatment / Mask,Hair Conditioner & Treatment,Merchant Fulfilled,500-999,Out of Stock / 0,Unmapped,Unmapped,30.4,30.8,12.9,1.9,4.1,94.9,35.8,69.9,5.3,Low Risk,89.5,Strong,Monitor,Low,No action threshold triggered; continue monitoring.
P0581,Meesho,Pantene,Hair Care,Conditioner / Treatment / Mask,Hair Conditioner & Treatment,Merchant Fulfilled,500-999,Very Low / 1-2,Unmapped,Unmapped,30.3,30.8,12.9,2.3,4.3,94.7,35.4,69.6,5.5,Low Risk,88.2,Strong,Monitor,Low,No action threshold triggered; continue monitoring.
P0813,Meesho,Sensodyne,Oral Care,Toothpaste,Toothpaste,Merchant Fulfilled,500-999,Out of Stock / 0,Unmapped,Unmapped,30.3,30.8,13.3,8.1,4.0,89.2,32.8,65.7,5.8,Low Risk,83.9,Strong,Monitor,Low,No action threshold triggered; continue monitoring.
P0529,Meesho,NEXCARE,Skin Care,General / Uncategorized,General Product,Merchant Fulfilled,500-999,Medium / 6-15,Unmapped,Unmapped,30.1,30.6,13.0,2.4,4.4,93.7,35.1,69.1,5.4,Low Risk,89.1,Strong,Monitor,Low,No action threshold triggered; continue monitoring.
P0777,Meesho,Senka,Skin Care,Face Cleanser / Face Wash,Face Cleanser,Merchant Fulfilled,500-999,Low / 3-5,Unmapped,Unmapped,30.1,30.4,13.1,3.8,4.6,92.9,34.2,68.2,5.6,Low Risk,87.0,Strong,Monitor,Low,No action threshold triggered; continue monitoring.
P0554,Meesho,Oral-B,Oral Care,Dental Floss,Dental Floss,Merchant Fulfilled,500-999,Low / 3-5,Unmapped,Unmapped,29.9,30.2,13.5,6.2,3.6,91.4,33.4,67.0,5.7,Low Risk,85.5,Strong,Monitor,Low,No action threshold triggered; continue monitoring.
P1150,Flipkart,Vaseline,Body Care,Deodorant / Body Spray,Deodorant & Body Spray,Merchant Fulfilled,500-999,Out of Stock / 0,Unmapped,Unmapped,29.7,41.0,15.4,1.2,4.5,95.0,34.1,69.0,6.2,Low Risk,88.6,Strong,Monitor,Low,No action threshold triggered; continue monitoring.
P0617,Meesho,Pantene,Hair Care,Conditioner / Treatment / Mask,Hair Conditioner & Treatment,Merchant Fulfilled,500-999,Out of Stock / 0,Unmapped,Unmapped,29.7,30.2,13.3,6.4,3.9,91.2,33.0,66.8,5.7,Low Risk,85.5,Strong,Monitor,Low,No action threshold triggered; continue monitoring.
P0230,Meesho,Counterpain,Health & Wellness,Pain Relief Balm,Pain Relief,Merchant Fulfilled,500-999,Out of Stock / 0,Unmapped,Unmapped,29.6,30.2,13.3,4.8,4.2,91.1,33.4,67.1,5.6,Low Risk,86.2,Strong,Monitor,Low,No action threshold triggered; continue monitoring.
P0034,Flipkart,Axe,Body Care,Deodorant / Body Spray,Deodorant & Body Spray,Merchant Fulfilled,500-999,Very Low / 1-2,Unmapped,Unmapped,29.5,40.6,15.8,4.1,4.0,91.6,32.6,66.6,6.4,Low Risk,85.6,Strong,Monitor,Low,No action threshold triggered; continue monitoring.
P1107,Flipkart,Vaseline,Body Care,General / Uncategorized,General Product,Merchant Fulfilled,500-999,Very Low / 1-2,Unmapped,Unmapped,29.5,40.4,15.4,4.1,3.9,91.5,32.8,66.8,6.3,Low Risk,85.4,Strong,Monitor,Low,No action threshold triggered; continue monitoring.
P0889,Amazon,SHIVAMAX,Health & Wellness,Herbal Inhaler,Herbal Inhaler,FBA,<500,Very High / 51+,Unmapped,Unmapped,29.4,92.4,44.1,5.6,4.1,67.1,19.7,47.3,16.2,Low Risk,55.2,Watch,Fee Review,High,High sales-index product with elevated fee percentage.
P0039,Flipkart,Axe,Body Care,Deodorant / Body Spray,Deodorant & Body Spray,Merchant Fulfilled,500-999,Out of Stock / 0,Unmapped,Unmapped,29.4,42.7,15.5,3.9,4.0,92.2,32.7,67.0,6.3,Low Risk,85.9,Strong,Monitor,Low,No action threshold triggered; continue monitoring.
P1043,Meesho,Sunsilk,Hair Care,Conditioner / Treatment / Mask,Hair Conditioner & Treatment,Merchant Fulfilled,500-999,Out of Stock / 0,Unmapped,Unmapped,29.0,30.8,13.2,4.8,4.1,92.8,32.7,67.5,5.6,Low Risk,86.3,Strong,Monitor,Low,No action threshold triggered; continue monitoring.
P0041,Meesho,Axe,Body Care,Deodorant / Body Spray,Deodorant & Body Spray,Merchant Fulfilled,500-999,Out of Stock / 0,Unmapped,Unmapped,28.9,29.2,13.6,9.5,4.1,88.4,30.5,64.2,6.0,Low Risk,82.7,Strong,Monitor,Low,No action threshold triggered; continue monitoring.
P1080,Meesho,Tresemme,Hair Care,Conditioner / Treatment / Mask,Hair Conditioner & Treatment,Merchant Fulfilled,500-999,Medium / 6-15,Unmapped,Unmapped,28.8,29.2,12.8,2.3,3.6,95.1,34.0,69.3,5.2,Low Risk,90.1,Strong,Monitor,Low,No action threshold triggered; continue monitoring.
P0082,Flipkart,Biore,Skin Care,Sunscreen,Sunscreen,Merchant Fulfilled,500-999,Very High / 51+,Unmapped,Unmapped,28.4,36.3,15.6,4.4,4.7,90.8,31.1,65.7,6.5,Low Risk,84.4,Strong,Monitor,Low,No action threshold triggered; continue monitoring.
P0781,Meesho,Senka,Skin Care,Face Cleanser / Face Wash,Face Cleanser,Merchant Fulfilled,500-999,Out of Stock / 0,Unmapped,Unmapped,28.3,28.8,13.4,3.0,3.8,93.7,32.8,68.1,5.5,Low Risk,88.0,Strong,Monitor,Low,No action threshold triggered; continue monitoring.
P0917,Amazon,SHIVAMAX,Home & Kitchen,Adhesive Hooks,Adhesive Hooks,FBA,<500,Low / 3-5,Unmapped,Unmapped,28.2,88.8,44.8,5.5,4.0,67.1,18.7,46.8,16.6,Low Risk,54.4,Watch,Fee Review,High,High sales-index product with elevated fee percentage.
P0932,Amazon,SHIVAMAX,Electronics & Travel Accessories,Travel Adapter,Travel Adapter,FBA,<500,Very High / 51+,Unmapped,Unmapped,28.2,88.8,43.5,2.8,4.0,69.5,20.3,49.0,16.3,Low Risk,56.4,Watch,Fee Review,High,High sales-index product with elevated fee percentage.
P0922,Meesho,SHIVAMAX,Hair Care,Conditioner / Treatment / Mask,Hair Conditioner & Treatment,Merchant Fulfilled,500-999,Out of Stock / 0,Unmapped,Unmapped,28.2,29.4,13.4,4.2,4.4,91.1,31.9,66.5,5.6,Low Risk,85.9,Strong,Monitor,Low,No action threshold triggered; continue monitoring.
P1085,Meesho,Tresemme,Hair Care,Conditioner / Treatment / Mask,Hair Conditioner & Treatment,Merchant Fulfilled,500-999,Medium / 6-15,Unmapped,Unmapped,28.1,30.0,13.3,0.9,4.2,96.0,33.3,69.4,5.4,Low Risk,90.3,Strong,Monitor,Low,No action threshold triggered; continue monitoring.
P0610,Meesho,Pantene,Hair Care,Hair Oil / Serum,Hair Oil & Serum,Merchant Fulfilled,500-999,Out of Stock / 0,Unmapped,Unmapped,28.1,28.4,13.2,5.3,4.2,91.7,31.5,66.5,5.6,Low Risk,86.5,Strong,Monitor,Low,No action threshold triggered; continue monitoring.
P0915,Amazon,SHIVAMAX,Health & Wellness,Herbal Inhaler,Herbal Inhaler,FBA,<500,Medium / 6-15,Unmapped,Unmapped,27.9,88.2,43.9,5.5,3.6,68.2,19.0,47.6,16.1,Low Risk,55.1,Watch,Fee Review,High,High sales-index product with elevated fee percentage.
P0548,Meesho,Oral-B,Oral Care,Toothpaste,Toothpaste,Merchant Fulfilled,500-999,Medium / 6-15,Unmapped,Unmapped,27.9,29.8,12.7,1.8,4.5,95.4,32.9,69.0,5.3,Low Risk,89.3,Strong,Monitor,Low,No action threshold triggered; continue monitoring.
P0906,Meesho,SHIVAMAX,Hair Care,Conditioner / Treatment / Mask,Hair Conditioner & Treatment,Merchant Fulfilled,500-999,Out of Stock / 0,Unmapped,Unmapped,27.9,28.4,13.3,5.6,3.5,91.1,31.4,66.2,5.7,Low Risk,84.9,Strong,Monitor,Low,No action threshold triggered; continue monitoring.
P0246,Flipkart,Dove,Body Care,Deodorant / Body Spray,Deodorant & Body Spray,Merchant Fulfilled,500-999,Medium / 6-15,Unmapped,Unmapped,27.8,35.1,15.2,1.4,3.9,95.1,32.0,68.2,6.0,Low Risk,89.0,Strong,Monitor,Low,No action threshold triggered; continue monitoring.
P0168,Meesho,Colgate,Oral Care,Toothpaste,Toothpaste,Merchant Fulfilled,500-999,Low / 3-5,Unmapped,Unmapped,27.8,28.4,13.5,3.3,3.7,92.3,32.1,67.2,5.6,Low Risk,86.3,Strong,Monitor,Low,No action threshold triggered; continue monitoring.
P0528,Flipkart,NEXCARE,Skin Care,General / Uncategorized,General Product,Merchant Fulfilled,500-999,Out of Stock / 0,Unmapped,Unmapped,27.7,35.7,15.3,3.8,3.6,91.9,31.0,66.3,6.2,Low Risk,86.2,Strong,Monitor,Low,No action threshold triggered; continue monitoring.
P1157,Meesho,Vaseline,Skin Care,Face Cleanser / Face Wash,Face Cleanser,Merchant Fulfilled,500-999,Out of Stock / 0,Unmapped,Unmapped,27.6,29.6,13.6,8.8,4.3,89.0,29.4,64.1,6.0,Low Risk,83.2,Strong,Monitor,Low,No action threshold triggered; continue monitoring.
P0029,Meesho,Axe,Body Care,Deodorant / Body Spray,Deodorant & Body Spray,Merchant Fulfilled,500-999,Very Low / 1-2,Unmapped,Unmapped,27.5,27.8,13.3,4.8,3.4,92.8,31.3,66.9,5.6,Low Risk,87.0,Strong,Monitor,Low,No action threshold triggered; continue monitoring.
P0343,Meesho,Fino,Hair Care,Hair Oil / Serum,Hair Oil & Serum,Merchant Fulfilled,1000-1499,Out of Stock / 0,Unmapped,Unmapped,27.3,29.6,13.2,3.6,3.7,94.0,31.5,67.6,5.5,Low Risk,88.2,Strong,Monitor,Low,No action threshold triggered; continue monitoring.
P0586,Meesho,Pantene,Hair Care,General / Uncategorized,General Product,Merchant Fulfilled,500-999,Medium / 6-15,Unmapped,Unmapped,27.3,27.8,12.8,3.7,4.2,94.5,31.5,67.8,5.4,Low Risk,88.5,Strong,Monitor,Low,No action threshold triggered; continue monitoring.
P0042,Meesho,Axe,Body Care,Deodorant / Body Spray,Deodorant & Body Spray,Merchant Fulfilled,500-999,Out of Stock / 0,Unmapped,Unmapped,27.3,27.6,12.8,2.8,3.9,94.5,31.9,68.1,5.2,Low Risk,89.7,Strong,Monitor,Low,No action threshold triggered; continue monitoring.
P1121,Meesho,Vaseline,Body Care,Body Wash,Body Wash,Merchant Fulfilled,500-999,Very Low / 1-2,Unmapped,Unmapped,27.2,27.8,13.5,5.8,4.0,91.4,30.3,65.8,5.8,Low Risk,84.9,Strong,Monitor,Low,No action threshold triggered; continue monitoring.
P0795,Meesho,Senka,Skin Care,Face Cleanser / Face Wash,Face Cleanser,Merchant Fulfilled,500-999,Out of Stock / 0,Unmapped,Unmapped,27.2,27.3,13.4,3.6,4.4,93.1,31.0,67.0,5.7,Low Risk,86.5,Strong,Monitor,Low,No action threshold triggered; continue monitoring.
P0931,Flipkart,SHIVAMAX,Electronics & Travel Accessories,General / Uncategorized,General Product,Merchant Fulfilled,<500,Out of Stock / 0,Unmapped,Unmapped,26.9,43.5,15.8,8.3,4.3,87.4,28.0,62.6,6.6,Low Risk,81.9,Strong,Monitor,Low,No action threshold triggered; continue monitoring.
P0562,Meesho,Oral-B,Oral Care,Toothpaste,Toothpaste,Merchant Fulfilled,500-999,Out of Stock / 0,Unmapped,Unmapped,26.9,27.6,13.5,6.8,3.9,89.6,29.6,64.7,5.9,Low Risk,84.4,Strong,Monitor,Low,No action threshold triggered; continue monitoring.
P0178,Flipkart,Colgate,Oral Care,Toothpaste,Toothpaste,Merchant Fulfilled,500-999,Low / 3-5,Unmapped,Unmapped,26.8,38.8,15.6,5.6,4.2,89.3,29.1,64.2,6.4,Low Risk,84.2,Strong,Monitor,Low,No action threshold triggered; continue monitoring.
P0218,Meesho,Colgate,Oral Care,Toothpaste,Toothpaste,Merchant Fulfilled,500-999,Out of Stock / 0,Unmapped,Unmapped,26.8,31.8,13.5,5.3,4.0,93.0,30.1,66.4,5.7,Low Risk,87.0,Strong,Monitor,Low,No action threshold triggered; continue monitoring.
P1121,Website,Vaseline,Body Care,Body Wash,Body Wash,Merchant Fulfilled,500-999,Very Low / 1-2,Unmapped,Unmapped,26.8,26.1,5.5,5.2,4.0,102.3,33.2,72.2,3.1,Low Risk,91.8,Strong,Monitor,Low,No action threshold triggered; continue monitoring.
P1146,Meesho,Vaseline,Body Care,General / Uncategorized,General Product,Merchant Fulfilled,500-999,Out of Stock / 0,Unmapped,Unmapped,26.5,26.7,13.5,4.7,3.9,92.5,30.0,66.2,5.7,Low Risk,86.0,Strong,Monitor,Low,No action threshold triggered; continue monitoring.
P1156,Meesho,Vaseline,Body Care,Body Lotion,Body Lotion,Merchant Fulfilled,500-999,Out of Stock / 0,Unmapped,Unmapped,26.4,26.9,13.3,3.6,3.9,94.0,30.4,67.2,5.5,Low Risk,88.5,Strong,Monitor,Low,No action threshold triggered; continue monitoring.
P0235,Meesho,Counterpain,Health & Wellness,Pain Relief Balm,Pain Relief,Merchant Fulfilled,500-999,Low / 3-5,Unmapped,Unmapped,26.3,29.6,13.2,6.1,3.7,91.0,29.3,65.3,5.7,Low Risk,84.8,Strong,Monitor,Low,No action threshold triggered; continue monitoring.
P0260,Meesho,Dove,Hair Care,Conditioner / Treatment / Mask,Hair Conditioner & Treatment,Merchant Fulfilled,500-999,Low / 3-5,Unmapped,Unmapped,26.3,26.7,13.1,2.2,4.5,96.0,30.7,68.2,5.4,Low Risk,89.5,Strong,Monitor,Low,No action threshold triggered; continue monitoring.
P1048,Meesho,Sunsilk,Hair Care,Conditioner / Treatment / Mask,Hair Conditioner & Treatment,Merchant Fulfilled,500-999,Out of Stock / 0,Unmapped,Unmapped,26.3,26.7,13.3,4.3,3.4,93.1,30.1,66.6,5.6,Low Risk,87.1,Strong,Monitor,Low,No action threshold triggered; continue monitoring.
P0536,Amazon,NOVOLIFE,Health & Wellness,Herbal Inhaler,Herbal Inhaler,FBA,<500,Very Low / 1-2,Unmapped,Unmapped,26.0,81.8,43.0,4.3,4.0,69.5,18.4,48.2,16.0,Low Risk,57.1,Watch,Fee Review,High,High sales-index product with elevated fee percentage.
P0609,Meesho,Pantene,Hair Care,Conditioner / Treatment / Mask,Hair Conditioner & Treatment,Merchant Fulfilled,500-999,Out of Stock / 0,Unmapped,Unmapped,26.0,26.5,13.2,2.8,4.0,94.1,30.2,67.2,5.5,Low Risk,87.9,Strong,Monitor,Low,No action threshold triggered; continue monitoring.
P1067,Meesho,Tiger Balm,Health & Wellness,Pain Relief Balm,Pain Relief,Merchant Fulfilled,500-999,Medium / 6-15,Unmapped,Unmapped,25.9,29.2,13.6,6.1,4.1,91.5,28.6,65.1,6.0,Low Risk,83.9,Strong,Monitor,Low,No action threshold triggered; continue monitoring.
P1075,Meesho,Tresemme,Hair Care,Shampoo,Shampoo,Merchant Fulfilled,500-999,Very Low / 1-2,Unmapped,Unmapped,25.9,26.3,13.5,7.0,3.8,90.7,28.4,64.6,6.0,Low Risk,83.6,Strong,Monitor,Low,No action threshold triggered; continue monitoring.
P1156,Website,Vaseline,Body Care,Body Lotion,Body Lotion,Merchant Fulfilled,500-999,Out of Stock / 0,Unmapped,Unmapped,25.7,24.9,4.7,2.0,4.0,104.7,33.3,72.8,2.7,Low Risk,94.5,Strong,Monitor,Low,No action threshold triggered; continue monitoring.
P1146,Website,Vaseline,Body Care,General / Uncategorized,General Product,Merchant Fulfilled,500-999,Out of Stock / 0,Unmapped,Unmapped,25.4,24.7,4.6,2.2,4.0,103.7,32.9,72.6,2.5,Low Risk,95.5,Strong,Monitor,Low,No action threshold triggered; continue monitoring.
P1069,Meesho,Tiger Balm,Health & Wellness,Pain Relief Balm,Pain Relief,Merchant Fulfilled,500-999,Medium / 6-15,Unmapped,Unmapped,25.3,28.4,13.8,6.8,3.6,91.1,27.8,64.5,6.0,Low Risk,84.0,Strong,Monitor,Low,No action threshold triggered; continue monitoring.
P0543,Meesho,Ora2,Oral Care,Toothpaste,Toothpaste,Merchant Fulfilled,500-999,Out of Stock / 0,Unmapped,Unmapped,25.3,25.9,13.9,7.9,3.9,88.8,27.3,63.3,6.0,Low Risk,83.0,Strong,Monitor,Low,No action threshold triggered; continue monitoring.
P1109,Meesho,Vaseline,Body Care,Body Wash,Body Wash,Merchant Fulfilled,500-999,Very Low / 1-2,Unmapped,Unmapped,25.3,25.7,13.6,7.5,3.9,90.6,27.5,64.2,5.8,Low Risk,86.0,Strong,Monitor,Low,No action threshold triggered; continue monitoring.
P1131,Meesho,Vaseline,Skin Care,Sunscreen,Sunscreen,Merchant Fulfilled,500-999,Out of Stock / 0,Unmapped,Unmapped,25.2,25.7,13.4,7.6,4.5,89.6,27.3,63.6,5.9,Low Risk,84.1,Strong,Monitor,Low,No action threshold triggered; continue monitoring.
P0175,Meesho,Colgate,Oral Care,Toothpaste,Toothpaste,Merchant Fulfilled,500-999,Medium / 6-15,Unmapped,Unmapped,24.9,31.6,13.5,3.5,4.0,94.6,28.5,66.6,5.6,Low Risk,88.3,Strong,Monitor,Low,No action threshold triggered; continue monitoring.
P0252,JioMart,Dove,Hair Care,Conditioner / Treatment / Mask,Hair Conditioner & Treatment,Merchant Fulfilled,500-999,Low / 3-5,Unmapped,Unmapped,24.8,24.3,10.8,1.7,4.2,96.2,30.0,68.4,4.7,Low Risk,90.1,Strong,Monitor,Low,No action threshold triggered; continue monitoring.
P0156,Meesho,Colgate,Oral Care,Toothpaste,Toothpaste,Merchant Fulfilled,500-999,Very High / 51+,Unmapped,Unmapped,24.7,28.0,13.2,1.8,4.8,93.8,28.8,66.6,5.5,Low Risk,89.3,Strong,Monitor,Low,No action threshold triggered; continue monitoring.
P1162,Meesho,Vita Keratin,Hair Care,General / Uncategorized,General Product,Merchant Fulfilled,500-999,Out of Stock / 0,Unmapped,Unmapped,24.7,26.5,13.4,4.4,3.7,93.4,28.2,66.0,5.6,Low Risk,87.2,Strong,Monitor,Low,No action threshold triggered; continue monitoring.
P0565,Meesho,Pair,Skin Care,General / Uncategorized,General Product,Merchant Fulfilled,500-999,Out of Stock / 0,Unmapped,Unmapped,24.7,26.3,13.5,7.0,4.5,89.1,26.9,63.3,5.8,Low Risk,84.8,Strong,Monitor,Low,No action threshold triggered; continue monitoring.
P0581,JioMart,Pantene,Hair Care,Conditioner / Treatment / Mask,Hair Conditioner & Treatment,Merchant Fulfilled,500-999,Very Low / 1-2,Unmapped,Unmapped,24.6,24.1,11.1,5.3,3.9,94.4,28.4,66.7,5.0,Low Risk,87.5,Strong,Monitor,Low,No action threshold triggered; continue monitoring.
P0488,Meesho,Listerine,Oral Care,Mouthwash,Mouthwash,Merchant Fulfilled,500-999,Out of Stock / 0,Unmapped,Unmapped,24.5,24.7,13.6,6.3,4.1,91.0,27.0,64.2,5.9,Low Risk,84.8,Strong,Monitor,Low,No action threshold triggered; continue monitoring.
P0605,Meesho,Pantene,Hair Care,Conditioner / Treatment / Mask,Hair Conditioner & Treatment,Merchant Fulfilled,500-999,Out of Stock / 0,Unmapped,Unmapped,24.5,24.7,12.9,2.7,3.9,94.1,28.7,66.7,5.4,Low Risk,88.6,Strong,Monitor,Low,No action threshold triggered; continue monitoring.
P1044,Meesho,Sunsilk,Hair Care,Conditioner / Treatment / Mask,Hair Conditioner & Treatment,Merchant Fulfilled,500-999,Out of Stock / 0,Unmapped,Unmapped,24.4,25.3,13.5,3.2,4.2,94.2,28.1,66.3,5.6,Low Risk,87.9,Strong,Monitor,Low,No action threshold triggered; continue monitoring.
P1237,Meesho,Watsons,Oral Care,Interdental Brush,Interdental Brush,Merchant Fulfilled,500-999,Out of Stock / 0,Unmapped,Unmapped,24.2,27.1,13.2,1.8,3.8,95.3,28.6,67.2,5.4,Low Risk,89.4,Strong,Monitor,Low,No action threshold triggered; continue monitoring.
P0573,Meesho,Pantene,Hair Care,Shampoo,Shampoo,Merchant Fulfilled,500-999,Very Low / 1-2,Unmapped,Unmapped,24.2,24.7,13.2,4.1,4.7,92.3,27.4,65.2,5.6,Low Risk,87.2,Strong,Monitor,Low,No action threshold triggered; continue monitoring.
P0594,Website,Pantene,Hair Care,Conditioner / Treatment / Mask,Hair Conditioner & Treatment,Merchant Fulfilled,500-999,Out of Stock / 0,Unmapped,Unmapped,24.2,23.9,5.2,4.8,3.9,100.5,30.2,70.7,3.1,Low Risk,91.4,Strong,Monitor,Low,No action threshold triggered; continue monitoring.
P0546,Meesho,Ora2,Oral Care,Toothpaste,Toothpaste,Merchant Fulfilled,500-999,Out of Stock / 0,Unmapped,Unmapped,24.1,24.5,13.1,4.3,3.8,93.9,27.6,66.0,5.6,Low Risk,87.2,Strong,Monitor,Low,No action threshold triggered; continue monitoring.
P0797,Meesho,Sensodyne,Oral Care,Toothpaste,Toothpaste,Merchant Fulfilled,500-999,Low / 3-5,Unmapped,Unmapped,24.1,24.5,13.4,5.4,4.1,92.4,27.0,64.9,5.8,Low Risk,84.9,Strong,Monitor,Low,No action threshold triggered; continue monitoring.
P0783,Website,Senka,Skin Care,Face Cleanser / Face Wash,Face Cleanser,Merchant Fulfilled,500-999,Out of Stock / 0,Unmapped,Unmapped,23.8,23.1,5.3,8.0,3.7,99.4,28.6,69.3,2.9,Low Risk,93.7,Strong,Monitor,Low,No action threshold triggered; continue monitoring.
P0554,Website,Oral-B,Oral Care,Dental Floss,Dental Floss,Merchant Fulfilled,500-999,Low / 3-5,Unmapped,Unmapped,23.7,23.1,5.4,5.4,4.8,99.5,29.1,69.7,3.1,Low Risk,92.3,Strong,Monitor,Low,No action threshold triggered; continue monitoring.
P0279,JioMart,Dove,Body Care,General / Uncategorized,General Product,Merchant Fulfilled,500-999,Out of Stock / 0,Unmapped,Unmapped,23.4,23.1,10.9,2.4,4.6,95.4,27.9,67.2,4.8,Low Risk,89.4,Strong,Monitor,Low,No action threshold triggered; continue monitoring.
P0609,Website,Pantene,Hair Care,Conditioner / Treatment / Mask,Hair Conditioner & Treatment,Merchant Fulfilled,500-999,Out of Stock / 0,Unmapped,Unmapped,23.2,22.7,5.1,6.0,4.6,99.8,28.4,69.6,3.3,Low Risk,89.9,Strong,Monitor,Low,No action threshold triggered; continue monitoring.
P0529,Website,NEXCARE,Skin Care,General / Uncategorized,General Product,Merchant Fulfilled,500-999,Medium / 6-15,Unmapped,Unmapped,23.1,22.4,5.6,8.2,4.5,97.2,27.4,67.8,3.7,Low Risk,87.0,Strong,Monitor,Low,No action threshold triggered; continue monitoring.
P1105,Meesho,Vaseline,Body Care,Body Wash,Body Wash,Merchant Fulfilled,500-999,Low / 3-5,Unmapped,Unmapped,23.0,23.3,13.2,2.8,4.3,95.1,26.7,66.2,5.5,Low Risk,88.7,Strong,Monitor,Low,No action threshold triggered; continue monitoring.
P0528,Meesho,NEXCARE,Skin Care,General / Uncategorized,General Product,Merchant Fulfilled,500-999,Out of Stock / 0,Unmapped,Unmapped,22.6,30.6,13.9,5.1,3.8,93.9,25.4,64.9,6.0,Low Risk,85.6,Strong,Monitor,Low,No action threshold triggered; continue monitoring.
P0906,JioMart,SHIVAMAX,Hair Care,Conditioner / Treatment / Mask,Hair Conditioner & Treatment,Merchant Fulfilled,500-999,Out of Stock / 0,Unmapped,Unmapped,22.6,22.4,11.1,4.3,4.5,94.0,26.2,65.7,5.0,Low Risk,87.4,Strong,Monitor,Low,No action threshold triggered; continue monitoring.
P0547,Website,Oral-B,Oral Care,Dental Floss,Dental Floss,Merchant Fulfilled,500-999,Low / 3-5,Unmapped,Unmapped,22.6,21.8,5.3,6.5,4.2,99.7,27.6,69.2,3.3,Low Risk,90.4,Strong,Monitor,Low,No action threshold triggered; continue monitoring.
P1120,Meesho,Vaseline,Skin Care,Body Scrub,Body Scrub,Merchant Fulfilled,500-999,Very Low / 1-2,Unmapped,Unmapped,22.5,28.6,13.2,3.9,4.0,94.7,25.7,65.5,5.6,Low Risk,88.2,Strong,Monitor,Low,No action threshold triggered; continue monitoring.
P0922,Website,SHIVAMAX,Hair Care,Conditioner / Treatment / Mask,Hair Conditioner & Treatment,Merchant Fulfilled,500-999,Out of Stock / 0,Unmapped,Unmapped,22.5,22.2,5.3,4.3,3.9,102.1,28.2,70.3,3.0,Low Risk,92.2,Strong,Monitor,Low,No action threshold triggered; continue monitoring.
P0260,Website,Dove,Hair Care,Conditioner / Treatment / Mask,Hair Conditioner & Treatment,Merchant Fulfilled,500-999,Low / 3-5,Unmapped,Unmapped,22.4,21.8,5.2,2.7,4.2,103.7,28.5,70.8,2.9,Low Risk,93.8,Strong,Monitor,Low,No action threshold triggered; continue monitoring.
P0488,Website,Listerine,Oral Care,Mouthwash,Mouthwash,Merchant Fulfilled,500-999,Out of Stock / 0,Unmapped,Unmapped,22.4,21.8,5.1,2.5,3.9,104.6,28.8,70.9,2.8,Low Risk,94.9,Strong,Monitor,Low,No action threshold triggered; continue monitoring.
P0271,Flipkart,Dove,Hair Care,General / Uncategorized,General Product,Merchant Fulfilled,<500,Out of Stock / 0,Unmapped,Unmapped,22.3,43.1,16.4,6.2,4.0,90.5,23.7,62.3,6.8,Low Risk,83.3,Strong,Monitor,Low,No action threshold triggered; continue monitoring.
P0263,Meesho,Dove,Hair Care,Conditioner / Treatment / Mask,Hair Conditioner & Treatment,Merchant Fulfilled,500-999,Medium / 6-15,Unmapped,Unmapped,22.3,22.7,13.4,7.0,3.9,91.7,24.5,63.5,5.8,Low Risk,85.1,Strong,Monitor,Low,No action threshold triggered; continue monitoring.
P1105,Website,Vaseline,Body Care,Body Wash,Body Wash,Merchant Fulfilled,500-999,Low / 3-5,Unmapped,Unmapped,22.3,21.8,5.2,3.9,4.3,102.6,28.0,70.4,3.1,Low Risk,93.0,Strong,Monitor,Low,No action threshold triggered; continue monitoring.
P0225,Flipkart,Colgate,Oral Care,Toothpaste,Toothpaste,Merchant Fulfilled,<500,Out of Stock / 0,Unmapped,Unmapped,22.2,45.1,15.8,4.1,4.1,93.5,24.5,64.2,6.5,Low Risk,86.4,Strong,Monitor,Low,No action threshold triggered; continue monitoring.
P0034,Meesho,Axe,Body Care,Deodorant / Body Spray,Deodorant & Body Spray,Merchant Fulfilled,500-999,Very Low / 1-2,Unmapped,Unmapped,22.2,32.2,13.8,3.0,4.1,94.9,25.6,65.6,5.7,Low Risk,88.2,Strong,Monitor,Low,No action threshold triggered; continue monitoring.
P0264,Meesho,Dove,Body Care,Deodorant / Body Spray,Deodorant & Body Spray,Merchant Fulfilled,500-999,High / 16-50,Unmapped,Unmapped,22.2,29.0,13.5,3.2,4.3,94.3,25.4,65.3,5.7,Low Risk,88.1,Strong,Monitor,Low,No action threshold triggered; continue monitoring.
P0235,JioMart,Counterpain,Health & Wellness,Pain Relief Balm,Pain Relief,Merchant Fulfilled,500-999,Low / 3-5,Unmapped,Unmapped,22.1,24.3,11.7,6.3,3.5,92.3,25.1,64.3,5.1,Low Risk,87.0,Strong,Monitor,Low,No action threshold triggered; continue monitoring.
P0343,JioMart,Fino,Hair Care,Hair Oil / Serum,Hair Oil & Serum,Merchant Fulfilled,1000-1499,Out of Stock / 0,Unmapped,Unmapped,22.1,23.1,11.5,6.9,4.8,91.3,24.7,63.6,5.3,Low Risk,85.8,Strong,Monitor,Low,No action threshold triggered; continue monitoring.
P0927,Amazon,SHIVAMAX,Home & Kitchen,Adhesive Hooks,Adhesive Hooks,FBA,<500,Medium / 6-15,Unmapped,Unmapped,22.0,83.1,50.0,3.6,4.2,63.5,13.5,42.7,18.9,Low Risk,49.1,Watch,Fee Review,High,High sales-index product with elevated fee percentage.
P0437,Meesho,L'Oreal Paris,Skin Care,Face Cleanser / Face Wash,Face Cleanser,Merchant Fulfilled,500-999,Very High / 51+,Unmapped,Unmapped,22.0,28.2,13.5,4.8,3.7,94.2,24.9,64.9,5.7,Low Risk,87.2,Strong,Monitor,Low,No action threshold triggered; continue monitoring.
P0252,Website,Dove,Hair Care,Conditioner / Treatment / Mask,Hair Conditioner & Treatment,Merchant Fulfilled,500-999,Low / 3-5,Unmapped,Unmapped,22.0,21.2,5.1,5.4,3.8,100.7,27.3,69.5,3.2,Low Risk,90.6,Strong,Monitor,Low,No action threshold triggered; continue monitoring.
P0270,Flipkart,Dove,Hair Care,Hair Oil / Serum,Hair Oil & Serum,Merchant Fulfilled,<500,Very High / 51+,Unmapped,Unmapped,21.9,42.0,15.7,2.3,4.1,95.6,24.9,65.4,6.4,Low Risk,88.3,Strong,Monitor,Low,No action threshold triggered; continue monitoring.
P1157,JioMart,Vaseline,Skin Care,Face Cleanser / Face Wash,Face Cleanser,Merchant Fulfilled,500-999,Out of Stock / 0,Unmapped,Unmapped,21.9,22.9,11.9,6.2,4.0,93.5,24.8,64.6,5.3,Low Risk,87.0,Strong,Monitor,Low,No action threshold triggered; continue monitoring.
P0547,JioMart,Oral-B,Oral Care,Dental Floss,Dental Floss,Merchant Fulfilled,500-999,Low / 3-5,Unmapped,Unmapped,21.9,21.6,11.0,1.8,3.6,97.4,26.6,67.6,4.6,Low Risk,92.7,Strong,Monitor,Low,No action threshold triggered; continue monitoring.
P0780,Website,Senka,Skin Care,Face Cleanser / Face Wash,Face Cleanser,Merchant Fulfilled,500-999,Very Low / 1-2,Unmapped,Unmapped,21.9,21.0,4.8,3.6,3.9,103.9,27.9,70.5,2.8,Low Risk,93.5,Strong,Monitor,Low,No action threshold triggered; continue monitoring.
P1043,JioMart,Sunsilk,Hair Care,Conditioner / Treatment / Mask,Hair Conditioner & Treatment,Merchant Fulfilled,500-999,Out of Stock / 0,Unmapped,Unmapped,21.8,22.4,11.0,4.0,4.0,95.1,25.7,66.0,4.7,Low Risk,90.3,Strong,Monitor,Low,No action threshold triggered; continue monitoring.
P0041,JioMart,Axe,Body Care,Deodorant / Body Spray,Deodorant & Body Spray,Merchant Fulfilled,500-999,Out of Stock / 0,Unmapped,Unmapped,21.8,21.4,11.0,4.4,4.6,93.4,25.3,65.1,4.9,Low Risk,88.0,Strong,Monitor,Low,No action threshold triggered; continue monitoring.
P1185,Flipkart,Watsons,Oral Care,Dental Floss Picks,Floss Picks,Merchant Fulfilled,<500,Low / 3-5,Unmapped,Unmapped,21.7,40.0,15.9,5.8,4.0,91.7,23.5,62.9,6.6,Low Risk,84.6,Strong,Monitor,Low,No action threshold triggered; continue monitoring.
P0042,JioMart,Axe,Body Care,Deodorant / Body Spray,Deodorant & Body Spray,Merchant Fulfilled,500-999,Out of Stock / 0,Unmapped,Unmapped,21.6,21.2,11.1,3.2,3.7,96.7,25.7,66.7,4.8,Low Risk,91.0,Strong,Monitor,Low,No action threshold triggered; continue monitoring.
P1190,Flipkart,Watsons,Oral Care,Dental Floss,Dental Floss,Merchant Fulfilled,<500,Low / 3-5,Unmapped,Unmapped,21.5,39.6,15.9,3.0,3.8,94.3,24.1,64.5,6.4,Low Risk,87.5,Strong,Monitor,Low,No action threshold triggered; continue monitoring.
P0547,Meesho,Oral-B,Oral Care,Dental Floss,Dental Floss,Merchant Fulfilled,500-999,Low / 3-5,Unmapped,Unmapped,21.5,21.8,13.4,7.4,3.3,90.3,23.7,62.6,5.9,Low Risk,83.4,Strong,Monitor,Low,No action threshold triggered; continue monitoring.
P0553,JioMart,Oral-B,Oral Care,Toothpaste,Toothpaste,Merchant Fulfilled,500-999,Medium / 6-15,Unmapped,Unmapped,21.5,21.2,11.3,4.3,4.3,94.7,25.0,65.5,5.0,Low Risk,88.0,Strong,Monitor,Low,No action threshold triggered; continue monitoring.
P1105,JioMart,Vaseline,Body Care,Body Wash,Body Wash,Merchant Fulfilled,500-999,Low / 3-5,Unmapped,Unmapped,21.5,21.2,11.5,4.3,4.0,95.6,25.0,65.8,4.9,Low Risk,90.0,Strong,Monitor,Low,No action threshold triggered; continue monitoring.
P0890,Flipkart,SHIVAMAX,Health & Wellness,Herbal Inhaler,Herbal Inhaler,Merchant Fulfilled,<500,Medium / 6-15,Unmapped,Unmapped,21.4,41.2,15.9,3.7,4.5,93.0,23.6,63.6,6.5,Low Risk,86.6,Strong,Monitor,Low,No action threshold triggered; continue monitoring.
P0534,Meesho,Nexcare,Skin Care,General / Uncategorized,General Product,Merchant Fulfilled,500-999,Low / 3-5,Unmapped,Unmapped,21.4,27.1,13.4,3.4,4.2,93.7,24.5,64.7,5.6,Low Risk,87.3,Strong,Monitor,Low,No action threshold triggered; continue monitoring.
P0747,Meesho,Rexona,Body Care,Deodorant / Body Spray,Deodorant & Body Spray,Merchant Fulfilled,500-999,Out of Stock / 0,Unmapped,Unmapped,21.4,26.9,13.6,7.1,3.9,91.4,23.4,62.9,5.9,Low Risk,85.1,Strong,Monitor,Low,No action threshold triggered; continue monitoring.
P0586,JioMart,Pantene,Hair Care,General / Uncategorized,General Product,Merchant Fulfilled,500-999,Medium / 6-15,Unmapped,Unmapped,21.4,21.0,11.7,5.1,4.1,93.3,24.6,64.6,5.0,Low Risk,88.6,Strong,Monitor,Low,No action threshold triggered; continue monitoring.
P0594,JioMart,Pantene,Hair Care,Conditioner / Treatment / Mask,Hair Conditioner & Treatment,Merchant Fulfilled,500-999,Out of Stock / 0,Unmapped,Unmapped,21.4,21.0,11.1,3.6,3.9,95.2,25.3,65.9,4.9,Low Risk,88.7,Strong,Monitor,Low,No action threshold triggered; continue monitoring.
P1075,Website,Tresemme,Hair Care,Shampoo,Shampoo,Merchant Fulfilled,500-999,Very Low / 1-2,Unmapped,Unmapped,21.4,20.8,5.4,4.2,4.4,103.0,26.8,69.9,3.1,Low Risk,92.7,Strong,Monitor,Low,No action threshold triggered; continue monitoring.
P1109,Website,Vaseline,Body Care,Body Wash,Body Wash,Merchant Fulfilled,500-999,Very Low / 1-2,Unmapped,Unmapped,21.3,20.6,5.0,8.1,4.4,98.5,25.5,67.7,3.3,Low Risk,89.2,Strong,Monitor,Low,No action threshold triggered; continue monitoring.
P0602,Website,Pantene,Hair Care,Conditioner / Treatment / Mask,Hair Conditioner & Treatment,Merchant Fulfilled,500-999,Out of Stock / 0,Unmapped,Unmapped,21.2,20.8,5.0,2.5,3.9,103.4,27.3,70.3,2.7,Low Risk,95.2,Strong,Monitor,Low,No action threshold triggered; continue monitoring.
P0795,JioMart,Senka,Skin Care,Face Cleanser / Face Wash,Face Cleanser,Merchant Fulfilled,500-999,Out of Stock / 0,Unmapped,Unmapped,21.2,20.8,11.3,5.1,4.0,93.7,24.5,64.8,5.0,Low Risk,87.6,Strong,Monitor,Low,No action threshold triggered; continue monitoring.
P1042,Website,Sunsilk,Hair Care,Conditioner / Treatment / Mask,Hair Conditioner & Treatment,Merchant Fulfilled,500-999,Out of Stock / 0,Unmapped,Unmapped,21.2,20.6,4.9,4.6,4.2,102.6,26.5,69.8,2.8,Low Risk,93.5,Strong,Monitor,Low,No action threshold triggered; continue monitoring.
P1044,JioMart,Sunsilk,Hair Care,Conditioner / Treatment / Mask,Hair Conditioner & Treatment,Merchant Fulfilled,500-999,Out of Stock / 0,Unmapped,Unmapped,21.1,21.2,11.4,4.5,3.7,94.8,24.6,65.3,4.9,Low Risk,89.0,Strong,Monitor,Low,No action threshold triggered; continue monitoring.
P0082,Meesho,Biore,Skin Care,Sunscreen,Sunscreen,Merchant Fulfilled,500-999,Very High / 51+,Unmapped,Unmapped,21.0,28.6,12.9,0.8,4.0,96.8,25.1,66.5,5.3,Low Risk,90.6,Strong,Monitor,Low,No action threshold triggered; continue monitoring.
P0041,Website,Axe,Body Care,Deodorant / Body Spray,Deodorant & Body Spray,Merchant Fulfilled,500-999,Out of Stock / 0,Unmapped,Unmapped,21.0,20.6,5.1,0.9,3.8,104.8,27.5,70.5,2.5,Low Risk,97.3,Strong,Monitor,Low,No action threshold triggered; continue monitoring.
P0263,JioMart,Dove,Hair Care,Conditioner / Treatment / Mask,Hair Conditioner & Treatment,Merchant Fulfilled,500-999,Medium / 6-15,Unmapped,Unmapped,21.0,20.6,10.9,5.3,3.9,92.8,24.4,64.4,5.0,Low Risk,86.3,Strong,Monitor,Low,No action threshold triggered; continue monitoring.
P0279,Website,Dove,Body Care,General / Uncategorized,General Product,Merchant Fulfilled,500-999,Out of Stock / 0,Unmapped,Unmapped,21.0,20.4,5.2,2.1,4.0,105.1,27.0,70.2,2.7,Low Risk,95.3,Strong,Monitor,Low,No action threshold triggered; continue monitoring.
P0604,JioMart,Pantene,Hair Care,Conditioner / Treatment / Mask,Hair Conditioner & Treatment,Merchant Fulfilled,500-999,Out of Stock / 0,Unmapped,Unmapped,20.9,21.6,10.7,1.3,5.0,97.0,25.2,66.8,4.6,Low Risk,91.3,Strong,Monitor,Low,No action threshold triggered; continue monitoring.
P0781,Website,Senka,Skin Care,Face Cleanser / Face Wash,Face Cleanser,Merchant Fulfilled,500-999,Out of Stock / 0,Unmapped,Unmapped,20.9,20.4,5.2,2.2,3.9,102.9,26.9,70.2,2.7,Low Risk,95.2,Strong,Monitor,Low,No action threshold triggered; continue monitoring.
P0555,Flipkart,Oral-B,Oral Care,Dental Floss,Dental Floss,Merchant Fulfilled,<500,Medium / 6-15,Unmapped,Unmapped,20.8,40.0,16.3,5.9,4.3,90.1,22.2,61.6,6.7,Low Risk,83.9,Strong,Monitor,Low,No action threshold triggered; continue monitoring.
P1107,Meesho,Vaseline,Body Care,General / Uncategorized,General Product,Merchant Fulfilled,500-999,Very Low / 1-2,Unmapped,Unmapped,20.8,30.2,13.7,6.4,4.2,90.4,22.9,62.3,5.9,Low Risk,84.8,Strong,Monitor,Low,No action threshold triggered; continue monitoring.
P0744,Meesho,Rexona,Body Care,Deodorant / Body Spray,Deodorant & Body Spray,Merchant Fulfilled,500-999,Out of Stock / 0,Unmapped,Unmapped,20.8,26.3,13.3,5.8,3.6,93.2,23.4,63.8,5.7,Low Risk,86.0,Strong,Monitor,Low,No action threshold triggered; continue monitoring.
P1069,JioMart,Tiger Balm,Health & Wellness,Pain Relief Balm,Pain Relief,Merchant Fulfilled,500-999,Medium / 6-15,Unmapped,Unmapped,20.8,22.9,11.4,1.6,3.1,98.6,25.4,67.5,4.7,Low Risk,92.4,Strong,Monitor,Low,No action threshold triggered; continue monitoring.
P0172,JioMart,Colgate,Oral Care,Toothpaste,Toothpaste,Merchant Fulfilled,500-999,Very Low / 1-2,Unmapped,Unmapped,20.8,20.4,11.4,6.3,4.4,92.1,23.6,63.6,5.3,Low Risk,84.6,Strong,Monitor,Low,No action threshold triggered; continue monitoring.
P0563,Meesho,Oral-B,Oral Care,Toothpaste,Toothpaste,Merchant Fulfilled,500-999,Out of Stock / 0,Unmapped,Unmapped,20.6,26.1,13.6,5.9,3.8,92.4,22.9,63.2,5.6,Low Risk,87.5,Strong,Monitor,Low,No action threshold triggered; continue monitoring.
P0604,Website,Pantene,Hair Care,Conditioner / Treatment / Mask,Hair Conditioner & Treatment,Merchant Fulfilled,500-999,Out of Stock / 0,Unmapped,Unmapped,20.6,21.2,5.1,1.4,4.0,105.1,26.8,70.2,2.6,Low Risk,96.6,Strong,Monitor,Low,No action threshold triggered; continue monitoring.
P1146,JioMart,Vaseline,Body Care,General / Uncategorized,General Product,Merchant Fulfilled,500-999,Out of Stock / 0,Unmapped,Unmapped,20.6,20.4,11.4,4.6,3.8,94.4,24.0,64.9,5.1,Low Risk,88.2,Strong,Monitor,Low,No action threshold triggered; continue monitoring.
P1048,JioMart,Sunsilk,Hair Care,Conditioner / Treatment / Mask,Hair Conditioner & Treatment,Merchant Fulfilled,500-999,Out of Stock / 0,Unmapped,Unmapped,20.5,20.2,11.4,1.6,3.5,97.3,24.9,66.8,4.7,Low Risk,91.2,Strong,Monitor,Low,No action threshold triggered; continue monitoring.
P0168,JioMart,Colgate,Oral Care,Toothpaste,Toothpaste,Merchant Fulfilled,500-999,Low / 3-5,Unmapped,Unmapped,20.5,20.0,11.1,2.9,3.9,96.9,24.5,66.4,4.7,Low Risk,90.2,Strong,Monitor,Low,No action threshold triggered; continue monitoring.
P0529,JioMart,NEXCARE,Skin Care,General / Uncategorized,General Product,Merchant Fulfilled,500-999,Medium / 6-15,Unmapped,Unmapped,20.5,20.0,11.1,7.0,3.8,92.8,23.3,63.8,4.8,Low Risk,89.3,Strong,Monitor,Low,No action threshold triggered; continue monitoring.
P1176,Flipkart,Wangprom,Health & Wellness,General / Uncategorized,General Product,Merchant Fulfilled,500-999,Out of Stock / 0,Unmapped,Unmapped,20.4,30.2,15.3,3.6,3.9,92.6,22.9,63.3,6.3,Low Risk,86.7,Strong,Monitor,Low,No action threshold triggered; continue monitoring.
P0777,JioMart,Senka,Skin Care,Face Cleanser / Face Wash,Face Cleanser,Merchant Fulfilled,500-999,Low / 3-5,Unmapped,Unmapped,20.4,20.2,10.9,2.7,3.7,98.7,24.5,67.2,4.8,Low Risk,91.1,Strong,Monitor,Low,No action threshold triggered; continue monitoring.
P0261,Flipkart,Dove,Hair Care,General / Uncategorized,General Product,Merchant Fulfilled,<500,Very High / 51+,Unmapped,Unmapped,20.3,39.0,16.2,5.4,4.0,90.6,21.9,61.8,6.7,Low Risk,83.6,Strong,Monitor,Low,No action threshold triggered; continue monitoring.
P0342,Website,Fino,Hair Care,Conditioner / Treatment / Mask,Hair Conditioner & Treatment,Merchant Fulfilled,500-999,Out of Stock / 0,Unmapped,Unmapped,20.3,19.8,5.5,7.9,3.6,98.8,24.5,67.4,3.4,Low Risk,88.9,Strong,Monitor,Low,No action threshold triggered; continue monitoring.
P0573,Website,Pantene,Hair Care,Shampoo,Shampoo,Merchant Fulfilled,500-999,Very Low / 1-2,Unmapped,Unmapped,20.2,19.8,5.0,2.5,3.6,102.9,26.1,69.9,2.5,Low Risk,96.0,Strong,Monitor,Low,No action threshold triggered; continue monitoring.
P1131,JioMart,Vaseline,Skin Care,Sunscreen,Sunscreen,Merchant Fulfilled,500-999,Out of Stock / 0,Unmapped,Unmapped,20.1,19.8,11.0,3.6,3.9,94.1,23.8,64.9,4.8,Low Risk,88.7,Strong,Monitor,Low,No action threshold triggered; continue monitoring.
P0777,Website,Senka,Skin Care,Face Cleanser / Face Wash,Face Cleanser,Merchant Fulfilled,500-999,Low / 3-5,Unmapped,Unmapped,20.1,19.4,5.6,9.2,3.6,97.6,23.8,66.5,3.6,Low Risk,86.3,Strong,Monitor,Low,No action threshold triggered; continue monitoring.
P0212,Flipkart,Colgate,Oral Care,Toothpaste,Toothpaste,Merchant Fulfilled,500-999,Out of Stock / 0,Unmapped,Unmapped,20.0,35.5,15.8,6.8,4.5,89.1,21.2,60.8,6.5,Low Risk,83.3,Strong,Monitor,Low,No action threshold triggered; continue monitoring.
P1085,JioMart,Tresemme,Hair Care,Conditioner / Treatment / Mask,Hair Conditioner & Treatment,Merchant Fulfilled,500-999,Medium / 6-15,Unmapped,Unmapped,20.0,20.6,11.6,8.4,4.2,90.7,22.0,62.2,5.3,Low Risk,85.5,Strong,Monitor,Low,No action threshold triggered; continue monitoring.
P0263,Website,Dove,Hair Care,Conditioner / Treatment / Mask,Hair Conditioner & Treatment,Merchant Fulfilled,500-999,Medium / 6-15,Unmapped,Unmapped,19.9,19.4,5.3,3.0,4.2,103.6,25.3,69.5,2.8,Low Risk,95.0,Strong,Monitor,Low,No action threshold triggered; continue monitoring.
P0617,Website,Pantene,Hair Care,Conditioner / Treatment / Mask,Hair Conditioner & Treatment,Merchant Fulfilled,500-999,Out of Stock / 0,Unmapped,Unmapped,19.9,19.4,5.5,6.2,4.5,99.9,24.2,67.8,3.1,Low Risk,92.3,Strong,Monitor,Low,No action threshold triggered; continue monitoring.
P0168,Website,Colgate,Oral Care,Toothpaste,Toothpaste,Merchant Fulfilled,500-999,Low / 3-5,Unmapped,Unmapped,19.9,19.2,5.0,4.4,4.0,101.8,25.0,69.0,2.8,Low Risk,93.8,Strong,Monitor,Low,No action threshold triggered; continue monitoring.
P1254,Flipkart,Watsons,Oral Care,Dental Floss,Dental Floss,Merchant Fulfilled,<500,Out of Stock / 0,Unmapped,Unmapped,19.8,38.0,16.0,5.1,3.9,91.6,21.6,62.1,6.5,Low Risk,85.4,Strong,Monitor,Low,No action threshold triggered; continue monitoring.
P0476,Flipkart,Listerine,Oral Care,Mouthwash,Mouthwash,Merchant Fulfilled,500-999,Out of Stock / 0,Unmapped,Unmapped,19.8,35.5,16.0,5.2,4.2,90.9,21.5,61.8,6.5,Low Risk,84.2,Strong,Monitor,Low,No action threshold triggered; continue monitoring.
P0753,Meesho,Rexona,Body Care,Deodorant / Body Spray,Deodorant & Body Spray,Merchant Fulfilled,500-999,Out of Stock / 0,Unmapped,Unmapped,19.8,25.3,13.7,3.4,4.2,93.8,22.7,63.9,5.7,Low Risk,87.4,Strong,Monitor,Low,No action threshold triggered; continue monitoring.
P1069,Website,Tiger Balm,Health & Wellness,Pain Relief Balm,Pain Relief,Merchant Fulfilled,500-999,Medium / 6-15,Unmapped,Unmapped,19.8,21.4,5.2,4.8,4.3,100.5,24.6,68.4,3.0,Low Risk,92.9,Strong,Monitor,Low,No action threshold triggered; continue monitoring.
P0546,JioMart,Ora2,Oral Care,Toothpaste,Toothpaste,Merchant Fulfilled,500-999,Out of Stock / 0,Unmapped,Unmapped,19.8,19.6,11.0,0.9,4.0,96.9,24.2,66.5,4.7,Low Risk,91.3,Strong,Monitor,Low,No action threshold triggered; continue monitoring.
P0230,Website,Counterpain,Health & Wellness,Pain Relief Balm,Pain Relief,Merchant Fulfilled,500-999,Out of Stock / 0,Unmapped,Unmapped,19.8,19.2,5.4,2.9,3.9,104.4,25.2,69.4,2.8,Low Risk,95.6,Strong,Monitor,Low,No action threshold triggered; continue monitoring.
P0840,Flipkart,SHIVAMAX,Home & Kitchen,Adhesive Hooks,Adhesive Hooks,Merchant Fulfilled,<500,Out of Stock / 0,Unmapped,Unmapped,19.7,38.2,16.7,7.7,4.2,88.9,20.5,60.2,6.9,Low Risk,82.3,Strong,Monitor,Low,No action threshold triggered; continue monitoring.
P1112,Flipkart,Vaseline,Body Care,Deodorant / Body Spray,Deodorant & Body Spray,Merchant Fulfilled,<500,Very Low / 1-2,Unmapped,Unmapped,19.7,37.8,15.9,3.5,4.3,93.5,21.8,63.1,6.5,Low Risk,86.2,Strong,Monitor,Low,No action threshold triggered; continue monitoring.
P0543,JioMart,Ora2,Oral Care,Toothpaste,Toothpaste,Merchant Fulfilled,500-999,Out of Stock / 0,Unmapped,Unmapped,19.7,19.2,11.4,5.0,4.0,93.3,22.8,64.0,5.1,Low Risk,86.1,Strong,Monitor,Low,No action threshold triggered; continue monitoring.
P0780,JioMart,Senka,Skin Care,Face Cleanser / Face Wash,Face Cleanser,Merchant Fulfilled,500-999,Very Low / 1-2,Unmapped,Unmapped,19.7,19.2,11.4,7.1,4.4,92.3,22.0,63.0,5.3,Low Risk,84.9,Strong,Monitor,Low,No action threshold triggered; continue monitoring.
P0024,Flipkart,AR,Skin Care,General / Uncategorized,General Product,Merchant Fulfilled,<500,Out of Stock / 0,Unmapped,Unmapped,19.6,37.6,16.2,5.0,3.7,91.8,21.3,62.1,6.6,Low Risk,84.6,Strong,Monitor,Low,No action threshold triggered; continue monitoring.
P0747,JioMart,Rexona,Body Care,Deodorant / Body Spray,Deodorant & Body Spray,Merchant Fulfilled,500-999,Out of Stock / 0,Unmapped,Unmapped,19.6,24.1,11.6,7.7,4.2,92.7,21.8,63.0,5.3,Low Risk,85.8,Strong,Monitor,Low,No action threshold triggered; continue monitoring.
P0342,JioMart,Fino,Hair Care,Conditioner / Treatment / Mask,Hair Conditioner & Treatment,Merchant Fulfilled,500-999,Out of Stock / 0,Unmapped,Unmapped,19.6,19.2,11.1,4.0,5.5,93.5,22.6,64.0,4.8,Low Risk,90.0,Strong,Monitor,Low,No action threshold triggered; continue monitoring.
P0543,Website,Ora2,Oral Care,Toothpaste,Toothpaste,Merchant Fulfilled,500-999,Out of Stock / 0,Unmapped,Unmapped,19.6,19.2,5.7,5.1,4.1,100.3,24.2,68.1,3.2,Low Risk,91.4,Strong,Monitor,Low,No action threshold triggered; continue monitoring.
P0546,Website,Ora2,Oral Care,Toothpaste,Toothpaste,Merchant Fulfilled,500-999,Out of Stock / 0,Unmapped,Unmapped,19.5,19.0,5.1,1.8,4.0,105.0,25.2,69.5,2.5,Low Risk,97.2,Strong,Monitor,Low,No action threshold triggered; continue monitoring.
P0562,Website,Oral-B,Oral Care,Toothpaste,Toothpaste,Merchant Fulfilled,500-999,Out of Stock / 0,Unmapped,Unmapped,19.5,19.0,5.5,4.1,4.6,101.2,24.3,68.4,3.3,Low Risk,90.9,Strong,Monitor,Low,No action threshold triggered; continue monitoring.
P1248,Flipkart,Watsons,Skin Care,Lip Care,Lip Care,Merchant Fulfilled,<500,Out of Stock / 0,Unmapped,Unmapped,19.4,37.3,15.9,3.0,3.8,93.5,21.7,63.2,6.4,Low Risk,87.4,Strong,Monitor,Low,No action threshold triggered; continue monitoring.
P1237,Website,Watsons,Oral Care,Interdental Brush,Interdental Brush,Merchant Fulfilled,500-999,Out of Stock / 0,Unmapped,Unmapped,19.4,21.0,5.2,3.6,4.6,102.8,24.3,68.9,2.9,Low Risk,94.6,Strong,Monitor,Low,No action threshold triggered; continue monitoring.
P0610,JioMart,Pantene,Hair Care,Hair Oil / Serum,Hair Oil & Serum,Merchant Fulfilled,500-999,Out of Stock / 0,Unmapped,Unmapped,19.4,19.2,11.0,3.6,4.5,95.3,22.8,64.9,4.8,Low Risk,89.5,Strong,Monitor,Low,No action threshold triggered; continue monitoring.
P0554,JioMart,Oral-B,Oral Care,Dental Floss,Dental Floss,Merchant Fulfilled,500-999,Low / 3-5,Unmapped,Unmapped,19.3,18.8,11.1,3.3,4.4,95.9,22.8,65.2,4.9,Low Risk,89.3,Strong,Monitor,Low,No action threshold triggered; continue monitoring.
P1120,Website,Vaseline,Skin Care,Body Scrub,Body Scrub,Merchant Fulfilled,500-999,Very Low / 1-2,Unmapped,Unmapped,19.2,23.5,5.5,3.0,3.9,103.9,24.4,69.1,2.9,Low Risk,94.6,Strong,Monitor,Low,No action threshold triggered; continue monitoring.
P0230,JioMart,Counterpain,Health & Wellness,Pain Relief Balm,Pain Relief,Merchant Fulfilled,500-999,Out of Stock / 0,Unmapped,Unmapped,19.2,18.8,11.2,4.4,4.5,93.9,22.2,64.0,5.0,Low Risk,87.7,Strong,Monitor,Low,No action threshold triggered; continue monitoring.
P0813,JioMart,Sensodyne,Oral Care,Toothpaste,Toothpaste,Merchant Fulfilled,500-999,Out of Stock / 0,Unmapped,Unmapped,19.2,18.8,11.1,3.2,3.5,95.8,22.9,65.3,4.8,Low Risk,89.5,Strong,Monitor,Low,No action threshold triggered; continue monitoring.
P0531,Flipkart,NEXCARE,Skin Care,General / Uncategorized,General Product,Merchant Fulfilled,<500,Medium / 6-15,Unmapped,Unmapped,19.1,36.9,15.9,4.9,4.2,91.4,20.8,61.8,6.6,Low Risk,84.3,Strong,Monitor,Low,No action threshold triggered; continue monitoring.
P1114,Meesho,Vaseline,Body Care,Deodorant / Body Spray,Deodorant & Body Spray,Merchant Fulfilled,500-999,Low / 3-5,Unmapped,Unmapped,19.1,27.8,13.6,3.6,3.6,93.9,21.9,63.7,5.6,Low Risk,88.3,Strong,Monitor,Low,No action threshold triggered; continue monitoring.
P1150,Meesho,Vaseline,Body Care,Deodorant / Body Spray,Deodorant & Body Spray,Merchant Fulfilled,500-999,Out of Stock / 0,Unmapped,Unmapped,19.1,27.8,13.6,3.6,4.0,95.4,21.8,64.2,5.7,Low Risk,88.6,Strong,Monitor,Low,No action threshold triggered; continue monitoring.
P0042,Website,Axe,Body Care,Deodorant / Body Spray,Deodorant & Body Spray,Merchant Fulfilled,500-999,Out of Stock / 0,Unmapped,Unmapped,19.1,18.6,5.2,4.9,3.6,102.2,24.0,68.6,2.9,Low Risk,92.9,Strong,Monitor,Low,No action threshold triggered; continue monitoring.
P0581,Website,Pantene,Hair Care,Conditioner / Treatment / Mask,Hair Conditioner & Treatment,Merchant Fulfilled,500-999,Very Low / 1-2,Unmapped,Unmapped,19.1,18.6,5.5,4.5,3.8,101.4,23.9,68.4,3.0,Low Risk,92.7,Strong,Monitor,Low,No action threshold triggered; continue monitoring.
P1033,Flipkart,Sunsilk,Hair Care,Conditioner / Treatment / Mask,Hair Conditioner & Treatment,Merchant Fulfilled,<500,Out of Stock / 0,Unmapped,Unmapped,19.0,36.7,16.2,5.0,4.0,93.0,20.6,62.3,6.5,Low Risk,86.3,Strong,Monitor,Low,No action threshold triggered; continue monitoring.
P0235,Website,Counterpain,Health & Wellness,Pain Relief Balm,Pain Relief,Merchant Fulfilled,500-999,Low / 3-5,Unmapped,Unmapped,19.0,20.6,5.3,4.8,4.8,102.8,23.4,68.4,3.1,Low Risk,92.7,Strong,Monitor,Low,No action threshold triggered; continue monitoring.
P1043,Website,Sunsilk,Hair Care,Conditioner / Treatment / Mask,Hair Conditioner & Treatment,Merchant Fulfilled,500-999,Out of Stock / 0,Unmapped,Unmapped,19.0,19.4,5.4,4.9,3.3,102.4,23.8,68.6,3.0,Low Risk,91.9,Strong,Monitor,Low,No action threshold triggered; continue monitoring.
P1131,Website,Vaseline,Skin Care,Sunscreen,Sunscreen,Merchant Fulfilled,500-999,Out of Stock / 0,Unmapped,Unmapped,19.0,18.4,4.9,3.5,4.3,103.2,24.1,69.0,3.0,Low Risk,92.3,Strong,Monitor,Low,No action threshold triggered; continue monitoring.
P1099,Flipkart,Tros,Body Care,Deodorant / Body Spray,Deodorant & Body Spray,Merchant Fulfilled,<500,Out of Stock / 0,Unmapped,Unmapped,18.9,36.5,15.7,4.6,3.8,92.0,20.9,62.1,6.4,Low Risk,85.1,Strong,Monitor,Low,No action threshold triggered; continue monitoring.
P0763,Flipkart,Sasi,Lip,Lip Care,Lip Care,Merchant Fulfilled,<500,Medium / 6-15,Unmapped,Unmapped,18.9,36.3,16.4,5.7,3.5,90.2,20.4,61.0,6.7,Low Risk,83.5,Strong,Monitor,Low,No action threshold triggered; continue monitoring.
P0944,Flipkart,SHIVAMAX,Health & Wellness,Herbal Inhaler,Herbal Inhaler,Merchant Fulfilled,<500,Out of Stock / 0,Unmapped,Unmapped,18.9,36.3,16.0,5.4,3.6,92.3,20.5,61.9,6.4,Low Risk,86.5,Strong,Monitor,Low,No action threshold triggered; continue monitoring.
P0022,JioMart,Ambi Pur,Home & Kitchen,Air Freshener,Air Freshener,Merchant Fulfilled,500-999,Low / 3-5,Unmapped,Unmapped,18.9,18.8,11.0,3.2,4.4,96.0,22.4,65.1,4.9,Low Risk,89.0,Strong,Monitor,Low,No action threshold triggered; continue monitoring.
P0590,Website,Pantene,Hair Care,Conditioner / Treatment / Mask,Hair Conditioner & Treatment,Merchant Fulfilled,500-999,Out of Stock / 0,Unmapped,Unmapped,18.9,18.4,5.3,8.1,4.1,98.8,22.6,66.6,3.6,Low Risk,87.2,Strong,Monitor,Low,No action threshold triggered; continue monitoring.
P1039,Flipkart,Sunsilk,Hair Care,Conditioner / Treatment / Mask,Hair Conditioner & Treatment,Merchant Fulfilled,<500,Out of Stock / 0,Unmapped,Unmapped,18.8,38.2,15.8,3.6,3.7,93.3,21.0,62.8,6.5,Low Risk,85.8,Strong,Monitor,Low,No action threshold triggered; continue monitoring.
P0548,JioMart,Oral-B,Oral Care,Toothpaste,Toothpaste,Merchant Fulfilled,500-999,Medium / 6-15,Unmapped,Unmapped,18.8,19.4,11.3,2.8,3.7,96.1,22.4,65.2,4.9,Low Risk,89.6,Strong,Monitor,Low,No action threshold triggered; continue monitoring.
P0260,JioMart,Dove,Hair Care,Conditioner / Treatment / Mask,Hair Conditioner & Treatment,Merchant Fulfilled,500-999,Low / 3-5,Unmapped,Unmapped,18.8,18.4,11.3,4.5,4.1,94.7,21.9,64.2,4.9,Low Risk,88.0,Strong,Monitor,Low,No action threshold triggered; continue monitoring.
P0562,JioMart,Oral-B,Oral Care,Toothpaste,Toothpaste,Merchant Fulfilled,500-999,Out of Stock / 0,Unmapped,Unmapped,18.8,18.4,11.2,2.4,4.2,96.8,22.4,65.5,4.9,Low Risk,90.5,Strong,Monitor,Low,No action threshold triggered; continue monitoring.
P0609,JioMart,Pantene,Hair Care,Conditioner / Treatment / Mask,Hair Conditioner & Treatment,Merchant Fulfilled,500-999,Out of Stock / 0,Unmapped,Unmapped,18.8,18.4,11.6,4.6,3.9,93.5,21.8,63.7,5.0,Low Risk,87.6,Strong,Monitor,Low,No action threshold triggered; continue monitoring.
P0595,Flipkart,Pantene,Hair Care,Conditioner / Treatment / Mask,Hair Conditioner & Treatment,Merchant Fulfilled,<500,Out of Stock / 0,Unmapped,Unmapped,18.7,35.9,15.9,6.1,4.0,91.1,20.1,61.2,6.6,Low Risk,84.7,Strong,Monitor,Low,No action threshold triggered; continue monitoring.
P1196,Flipkart,Watsons,Oral Care,Dental Floss Picks,Floss Picks,Merchant Fulfilled,<500,Very Low / 1-2,Unmapped,Unmapped,18.7,34.3,16.6,6.3,4.3,90.7,19.8,60.8,6.8,Low Risk,83.9,Strong,Monitor,Low,No action threshold triggered; continue monitoring.
P0797,Website,Sensodyne,Oral Care,Toothpaste,Toothpaste,Merchant Fulfilled,500-999,Low / 3-5,Unmapped,Unmapped,18.7,18.2,5.6,3.4,3.3,103.5,23.9,68.9,3.0,Low Risk,93.4,Strong,Monitor,Low,No action threshold triggered; continue monitoring.
P0813,Website,Sensodyne,Oral Care,Toothpaste,Toothpaste,Merchant Fulfilled,500-999,Out of Stock / 0,Unmapped,Unmapped,18.7,18.2,5.3,4.0,4.2,102.3,23.5,68.5,2.9,Low Risk,93.6,Strong,Monitor,Low,No action threshold triggered; continue monitoring.
P1080,Website,Tresemme,Hair Care,Conditioner / Treatment / Mask,Hair Conditioner & Treatment,Merchant Fulfilled,500-999,Medium / 6-15,Unmapped,Unmapped,18.7,18.2,5.1,2.8,3.1,105.1,24.2,69.1,2.6,Low Risk,95.2,Strong,Monitor,Low,No action threshold triggered; continue monitoring.
P0705,Flipkart,Protex,Body Care,General / Uncategorized,General Product,Merchant Fulfilled,<500,Very Low / 1-2,Unmapped,Unmapped,18.6,40.0,16.5,1.6,4.3,94.7,20.9,63.4,6.6,Low Risk,87.9,Strong,Monitor,Low,No action threshold triggered; continue monitoring.
P1044,Website,Sunsilk,Hair Care,Conditioner / Treatment / Mask,Hair Conditioner & Treatment,Merchant Fulfilled,500-999,Out of Stock / 0,Unmapped,Unmapped,18.6,18.6,5.2,2.7,4.3,102.9,23.7,68.9,2.8,Low Risk,94.7,Strong,Monitor,Low,No action threshold triggered; continue monitoring.
P0557,Flipkart,Oral-B,Oral Care,Dental Floss,Dental Floss,Merchant Fulfilled,<500,High / 16-50,Unmapped,Unmapped,18.5,37.6,16.3,4.7,3.7,92.4,20.2,61.9,6.6,Low Risk,84.7,Strong,Monitor,Low,No action threshold triggered; continue monitoring.
P0308,Flipkart,Dove,Hair Care,General / Uncategorized,General Product,Merchant Fulfilled,<500,Out of Stock / 0,Unmapped,Unmapped,18.5,35.5,16.2,5.7,4.0,91.4,19.9,61.3,6.7,Low Risk,83.7,Strong,Monitor,Low,No action threshold triggered; continue monitoring.
P0488,JioMart,Listerine,Oral Care,Mouthwash,Mouthwash,Merchant Fulfilled,500-999,Out of Stock / 0,Unmapped,Unmapped,18.5,18.2,11.2,2.3,4.9,94.1,22.0,64.2,4.8,Low Risk,89.2,Strong,Monitor,Low,No action threshold triggered; continue monitoring.
P0029,JioMart,Axe,Body Care,Deodorant / Body Spray,Deodorant & Body Spray,Merchant Fulfilled,500-999,Very Low / 1-2,Unmapped,Unmapped,18.5,18.0,10.7,0.0,3.2,99.8,23.1,67.4,4.2,Low Risk,94.8,Strong,Monitor,Low,No action threshold triggered; continue monitoring.
P0172,Website,Colgate,Oral Care,Toothpaste,Toothpaste,Merchant Fulfilled,500-999,Very Low / 1-2,Unmapped,Unmapped,18.5,18.0,5.4,3.1,4.2,101.7,23.5,68.4,2.8,Low Risk,94.2,Strong,Monitor,Low,No action threshold triggered; continue monitoring.
P0610,Website,Pantene,Hair Care,Hair Oil / Serum,Hair Oil & Serum,Merchant Fulfilled,500-999,Out of Stock / 0,Unmapped,Unmapped,18.5,18.0,4.8,2.7,3.6,104.1,23.9,69.0,2.6,Low Risk,95.0,Strong,Monitor,Low,No action threshold triggered; continue monitoring.
P0233,Flipkart,Counterpain,Health & Wellness,Pain Relief Balm,Pain Relief,Merchant Fulfilled,<500,Out of Stock / 0,Unmapped,Unmapped,18.4,39.4,16.3,5.8,4.2,90.8,19.7,60.9,6.9,Low Risk,82.5,Strong,Monitor,Low,No action threshold triggered; continue monitoring.
P0566,Website,Pantene,Hair Care,Shampoo,Shampoo,Merchant Fulfilled,500-999,Very Low / 1-2,Unmapped,Unmapped,18.4,18.8,5.2,0.6,4.2,105.3,24.0,69.1,2.6,Low Risk,96.9,Strong,Monitor,Low,No action threshold triggered; continue monitoring.
P0029,Website,Axe,Body Care,Deodorant / Body Spray,Deodorant & Body Spray,Merchant Fulfilled,500-999,Very Low / 1-2,Unmapped,Unmapped,18.4,18.0,5.3,5.0,3.6,101.0,22.9,67.8,2.9,Low Risk,93.2,Strong,Monitor,Low,No action threshold triggered; continue monitoring.
P0605,Website,Pantene,Hair Care,Conditioner / Treatment / Mask,Hair Conditioner & Treatment,Merchant Fulfilled,500-999,Out of Stock / 0,Unmapped,Unmapped,18.4,18.0,5.2,2.8,3.5,104.4,23.7,68.9,2.7,Low Risk,95.0,Strong,Monitor,Low,No action threshold triggered; continue monitoring.
P0218,JioMart,Colgate,Oral Care,Toothpaste,Toothpaste,Merchant Fulfilled,500-999,Out of Stock / 0,Unmapped,Unmapped,18.3,21.2,11.4,5.0,4.2,94.3,21.1,63.7,5.2,Low Risk,87.4,Strong,Monitor,Low,No action threshold triggered; continue monitoring.
P0565,Website,Pair,Skin Care,General / Uncategorized,General Product,Merchant Fulfilled,500-999,Out of Stock / 0,Unmapped,Unmapped,18.3,19.0,5.3,2.6,3.4,105.4,23.6,68.8,2.6,Low Risk,96.5,Strong,Monitor,Low,No action threshold triggered; continue monitoring.
P0602,JioMart,Pantene,Hair Care,Conditioner / Treatment / Mask,Hair Conditioner & Treatment,Merchant Fulfilled,500-999,Out of Stock / 0,Unmapped,Unmapped,18.3,18.0,11.0,4.3,3.8,94.9,21.5,64.2,4.9,Low Risk,88.0,Strong,Monitor,Low,No action threshold triggered; continue monitoring.
P0565,JioMart,Pair,Skin Care,General / Uncategorized,General Product,Merchant Fulfilled,500-999,Out of Stock / 0,Unmapped,Unmapped,18.2,19.0,11.0,0.9,4.3,97.7,22.2,66.0,4.6,Low Risk,92.4,Strong,Monitor,Low,No action threshold triggered; continue monitoring.
P0246,Meesho,Dove,Body Care,Deodorant / Body Spray,Deodorant & Body Spray,Merchant Fulfilled,500-999,Medium / 6-15,Unmapped,Unmapped,18.1,24.1,13.8,4.2,3.6,93.6,20.6,63.0,5.7,Low Risk,87.8,Strong,Monitor,Low,No action threshold triggered; continue monitoring.
P0264,Website,Dove,Body Care,Deodorant / Body Spray,Deodorant & Body Spray,Merchant Fulfilled,500-999,High / 16-50,Unmapped,Unmapped,18.0,22.4,5.3,5.6,4.0,102.4,22.3,67.8,3.1,Low Risk,91.6,Strong,Monitor,Low,No action threshold triggered; continue monitoring.
P0744,JioMart,Rexona,Body Care,Deodorant / Body Spray,Deodorant & Body Spray,Merchant Fulfilled,500-999,Out of Stock / 0,Unmapped,Unmapped,18.0,22.0,11.4,5.2,3.7,94.1,20.8,63.5,5.1,Low Risk,86.9,Strong,Monitor,Low,No action threshold triggered; continue monitoring.
P0343,Website,Fino,Hair Care,Hair Oil / Serum,Hair Oil & Serum,Merchant Fulfilled,1000-1499,Out of Stock / 0,Unmapped,Unmapped,18.0,18.6,5.5,5.1,4.3,100.8,22.2,67.4,3.2,Low Risk,91.5,Strong,Monitor,Low,No action threshold triggered; continue monitoring.
P1162,Website,Vita Keratin,Hair Care,General / Uncategorized,General Product,Merchant Fulfilled,500-999,Out of Stock / 0,Unmapped,Unmapped,18.0,18.4,5.6,5.7,4.3,99.1,22.1,66.8,3.2,Low Risk,91.2,Strong,Monitor,Low,No action threshold triggered; continue monitoring.
P1156,JioMart,Vaseline,Body Care,Body Lotion,Body Lotion,Merchant Fulfilled,500-999,Out of Stock / 0,Unmapped,Unmapped,18.0,17.8,11.2,5.1,4.2,93.5,20.8,63.2,4.9,Low Risk,88.5,Strong,Monitor,Low,No action threshold triggered; continue monitoring.
P0590,JioMart,Pantene,Hair Care,Conditioner / Treatment / Mask,Hair Conditioner & Treatment,Merchant Fulfilled,500-999,Out of Stock / 0,Unmapped,Unmapped,18.0,17.6,10.8,7.0,3.5,92.9,20.5,62.8,4.9,Low Risk,87.0,Strong,Monitor,Low,No action threshold triggered; continue monitoring.
P0795,Website,Senka,Skin Care,Face Cleanser / Face Wash,Face Cleanser,Merchant Fulfilled,500-999,Out of Stock / 0,Unmapped,Unmapped,18.0,17.3,4.9,3.8,3.4,103.2,23.0,68.6,2.8,Low Risk,93.4,Strong,Monitor,Low,No action threshold triggered; continue monitoring.
P0906,Website,SHIVAMAX,Hair Care,Conditioner / Treatment / Mask,Hair Conditioner & Treatment,Merchant Fulfilled,500-999,Out of Stock / 0,Unmapped,Unmapped,18.0,17.3,5.1,3.0,4.4,103.1,22.8,68.5,2.9,Low Risk,94.2,Strong,Monitor,Low,No action threshold triggered; continue monitoring.
P0170,Flipkart,Colgate,Oral Care,Toothpaste,Toothpaste,Merchant Fulfilled,<500,Low / 3-5,Unmapped,Unmapped,17.9,34.5,15.9,3.9,3.9,93.0,19.9,62.2,6.5,Low Risk,85.2,Strong,Monitor,Low,No action threshold triggered; continue monitoring.
P1114,Website,Vaseline,Body Care,Deodorant / Body Spray,Deodorant & Body Spray,Merchant Fulfilled,500-999,Low / 3-5,Unmapped,Unmapped,17.9,25.1,4.9,1.9,4.7,105.2,23.1,68.7,2.7,Low Risk,95.4,Strong,Monitor,Low,No action threshold triggered; continue monitoring.
P0753,JioMart,Rexona,Body Care,Deodorant / Body Spray,Deodorant & Body Spray,Merchant Fulfilled,500-999,Out of Stock / 0,Unmapped,Unmapped,17.9,22.2,11.4,4.7,4.4,94.6,20.7,63.6,5.1,Low Risk,87.5,Strong,Monitor,Low,No action threshold triggered; continue monitoring.
P0617,JioMart,Pantene,Hair Care,Conditioner / Treatment / Mask,Hair Conditioner & Treatment,Merchant Fulfilled,500-999,Out of Stock / 0,Unmapped,Unmapped,17.9,17.6,11.7,3.7,3.5,94.0,21.1,63.7,5.0,Low Risk,88.0,Strong,Monitor,Low,No action threshold triggered; continue monitoring.
P0553,Website,Oral-B,Oral Care,Toothpaste,Toothpaste,Merchant Fulfilled,500-999,Medium / 6-15,Unmapped,Unmapped,17.9,17.3,5.3,6.0,3.0,102.5,22.2,67.9,2.8,Low Risk,93.0,Strong,Monitor,Low,No action threshold triggered; continue monitoring.
P1048,Website,Sunsilk,Hair Care,Conditioner / Treatment / Mask,Hair Conditioner & Treatment,Merchant Fulfilled,500-999,Out of Stock / 0,Unmapped,Unmapped,17.9,17.3,5.3,5.7,4.3,101.5,22.0,67.5,3.2,Low Risk,90.9,Strong,Monitor,Low,No action threshold triggered; continue monitoring.
P0770,Flipkart,Sasi,Skin Care,General / Uncategorized,General Product,Merchant Fulfilled,<500,Medium / 6-15,Unmapped,Unmapped,17.8,38.2,15.8,2.0,3.4,96.1,20.3,63.8,6.2,Low Risk,89.0,Strong,Monitor,Low,No action threshold triggered; continue monitoring.
P0278,Meesho,Dove,Hair Care,Shampoo,Shampoo,Merchant Fulfilled,<500,Out of Stock / 0,Unmapped,Unmapped,17.8,36.3,13.8,2.5,3.4,96.7,20.7,64.4,5.6,Low Risk,89.7,Strong,Monitor,Low,No action threshold triggered; continue monitoring.
P0595,Meesho,Pantene,Hair Care,Conditioner / Treatment / Mask,Hair Conditioner & Treatment,Merchant Fulfilled,<500,Out of Stock / 0,Unmapped,Unmapped,17.8,35.9,14.0,2.9,4.7,95.8,20.3,63.8,5.9,Low Risk,88.7,Strong,Monitor,Low,No action threshold triggered; continue monitoring.
P1237,JioMart,Watsons,Oral Care,Interdental Brush,Interdental Brush,Merchant Fulfilled,500-999,Out of Stock / 0,Unmapped,Unmapped,17.8,19.4,11.0,2.3,3.7,96.0,21.4,64.9,4.8,Low Risk,89.6,Strong,Monitor,Low,No action threshold triggered; continue monitoring.
P0868,Flipkart,SHIVAMAX,Home & Kitchen,General / Uncategorized,General Product,Merchant Fulfilled,<500,Medium / 6-15,Unmapped,Unmapped,17.7,40.0,16.5,6.6,4.1,89.8,18.7,60.0,6.9,Low Risk,81.7,Strong,Monitor,Low,No action threshold triggered; continue monitoring.
P0253,Flipkart,Dove,Hair Care,General / Uncategorized,General Product,Merchant Fulfilled,<500,Out of Stock / 0,Unmapped,Unmapped,17.7,33.9,15.9,5.8,3.2,90.8,19.3,60.9,6.5,Low Risk,83.2,Strong,Monitor,Low,No action threshold triggered; continue monitoring.
P0218,Website,Colgate,Oral Care,Toothpaste,Toothpaste,Merchant Fulfilled,500-999,Out of Stock / 0,Unmapped,Unmapped,17.7,20.2,5.2,5.4,3.9,101.5,22.0,67.5,2.9,Low Risk,92.5,Strong,Monitor,Low,No action threshold triggered; continue monitoring.
P1042,JioMart,Sunsilk,Hair Care,Conditioner / Treatment / Mask,Hair Conditioner & Treatment,Merchant Fulfilled,500-999,Out of Stock / 0,Unmapped,Unmapped,17.7,17.6,11.5,6.0,3.9,93.0,20.2,62.7,5.1,Low Risk,86.9,Strong,Monitor,Low,No action threshold triggered; continue monitoring.
P1038,Flipkart,Sunsilk,Hair Care,Conditioner / Treatment / Mask,Hair Conditioner & Treatment,Merchant Fulfilled,<500,Out of Stock / 0,Unmapped,Unmapped,17.6,42.2,16.5,5.2,4.1,93.1,19.0,61.6,6.8,Low Risk,85.6,Strong,Monitor,Low,No action threshold triggered; continue monitoring.
P0566,JioMart,Pantene,Hair Care,Shampoo,Shampoo,Merchant Fulfilled,500-999,Very Low / 1-2,Unmapped,Unmapped,17.6,18.2,11.0,4.9,3.6,95.0,20.5,63.8,4.8,Low Risk,88.2,Strong,Monitor,Low,No action threshold triggered; continue monitoring.
P0257,Flipkart,Dove,Hair Care,General / Uncategorized,General Product,Merchant Fulfilled,<500,Low / 3-5,Unmapped,Unmapped,17.5,37.3,16.4,4.0,4.3,92.0,19.1,61.3,6.7,Low Risk,85.2,Strong,Monitor,Low,No action threshold triggered; continue monitoring.
P0259,Flipkart,Dove,Hair Care,General / Uncategorized,General Product,Merchant Fulfilled,<500,Very High / 51+,Unmapped,Unmapped,17.5,35.5,15.9,3.3,3.3,94.0,19.7,62.6,6.4,Low Risk,86.2,Strong,Monitor,Low,No action threshold triggered; continue monitoring.
P1120,JioMart,Vaseline,Skin Care,Body Scrub,Body Scrub,Merchant Fulfilled,500-999,Very Low / 1-2,Unmapped,Unmapped,17.4,21.4,11.5,2.6,4.0,96.5,20.6,64.6,4.9,Low Risk,90.7,Strong,Monitor,Low,No action threshold triggered; continue monitoring.
P0548,Website,Oral-B,Oral Care,Toothpaste,Toothpaste,Merchant Fulfilled,500-999,Medium / 6-15,Unmapped,Unmapped,17.4,17.8,5.2,3.3,3.3,104.5,22.4,68.3,2.9,Low Risk,94.0,Strong,Monitor,Low,No action threshold triggered; continue monitoring.
P0605,JioMart,Pantene,Hair Care,Conditioner / Treatment / Mask,Hair Conditioner & Treatment,Merchant Fulfilled,500-999,Out of Stock / 0,Unmapped,Unmapped,17.4,17.1,11.8,7.1,4.1,91.3,19.4,61.5,5.2,Low Risk,86.1,Strong,Monitor,Low,No action threshold triggered; continue monitoring.
P1109,JioMart,Vaseline,Body Care,Body Wash,Body Wash,Merchant Fulfilled,500-999,Very Low / 1-2,Unmapped,Unmapped,17.4,17.1,11.9,8.6,4.3,91.4,19.0,61.2,5.4,Low Risk,86.1,Strong,Monitor,Low,No action threshold triggered; continue monitoring.
P0262,Flipkart,Dove,Hair Care,Hair Oil / Serum,Hair Oil & Serum,Merchant Fulfilled,<500,Out of Stock / 0,Unmapped,Unmapped,17.3,33.3,16.0,2.3,4.6,92.6,19.4,61.9,6.5,Low Risk,86.0,Strong,Monitor,Low,No action threshold triggered; continue monitoring.
P0156,JioMart,Colgate,Oral Care,Toothpaste,Toothpaste,Merchant Fulfilled,500-999,Very High / 51+,Unmapped,Unmapped,17.3,19.0,11.1,0.0,4.2,97.6,21.3,65.7,4.5,Low Risk,93.1,Strong,Monitor,Low,No action threshold triggered; continue monitoring.
P0586,Website,Pantene,Hair Care,General / Uncategorized,General Product,Merchant Fulfilled,500-999,Medium / 6-15,Unmapped,Unmapped,17.3,16.9,5.0,2.5,3.6,103.6,22.3,68.3,2.7,Low Risk,95.0,Strong,Monitor,Low,No action threshold triggered; continue monitoring.
P1003,Flipkart,Snake Brand,Body Care,General / Uncategorized,General Product,Merchant Fulfilled,<500,Out of Stock / 0,Unmapped,Unmapped,17.1,36.5,16.1,1.7,3.4,96.3,19.6,63.6,6.4,Low Risk,88.9,Strong,Monitor,Low,No action threshold triggered; continue monitoring.
P0944,Meesho,SHIVAMAX,Health & Wellness,Herbal Inhaler,Herbal Inhaler,Merchant Fulfilled,<500,Out of Stock / 0,Unmapped,Unmapped,17.1,34.5,14.5,7.7,3.8,91.9,18.3,60.9,6.0,Low Risk,85.8,Strong,Monitor,Low,No action threshold triggered; continue monitoring.
P0922,JioMart,SHIVAMAX,Hair Care,Conditioner / Treatment / Mask,Hair Conditioner & Treatment,Merchant Fulfilled,500-999,Out of Stock / 0,Unmapped,Unmapped,17.1,17.1,11.6,8.4,4.3,90.9,18.7,60.9,5.3,Low Risk,85.4,Strong,Monitor,Low,No action threshold triggered; continue monitoring.
P0706,Flipkart,Protex,Body Care,General / Uncategorized,General Product,Merchant Fulfilled,<500,Out of Stock / 0,Unmapped,Unmapped,17.0,36.3,16.4,4.2,4.0,92.1,18.6,61.2,6.7,Low Risk,85.1,Strong,Monitor,Low,No action threshold triggered; continue monitoring.
P0178,Meesho,Colgate,Oral Care,Toothpaste,Toothpaste,Merchant Fulfilled,500-999,Low / 3-5,Unmapped,Unmapped,17.0,25.9,13.3,4.9,4.0,92.7,19.2,62.0,5.7,Low Risk,85.7,Strong,Monitor,Low,No action threshold triggered; continue monitoring.
P0573,JioMart,Pantene,Hair Care,Shampoo,Shampoo,Merchant Fulfilled,500-999,Very Low / 1-2,Unmapped,Unmapped,17.0,16.7,11.4,2.6,4.2,94.4,20.2,63.6,4.7,Low Risk,91.0,Strong,Monitor,Low,No action threshold triggered; continue monitoring.
P0278,Flipkart,Dove,Hair Care,Shampoo,Shampoo,Merchant Fulfilled,<500,Out of Stock / 0,Unmapped,Unmapped,16.9,32.7,16.1,3.7,3.8,93.2,18.8,61.8,6.5,Low Risk,86.0,Strong,Monitor,Low,No action threshold triggered; continue monitoring.
P0753,Website,Rexona,Body Care,Deodorant / Body Spray,Deodorant & Body Spray,Merchant Fulfilled,500-999,Out of Stock / 0,Unmapped,Unmapped,16.9,20.6,5.6,6.5,4.1,101.2,20.6,66.7,3.4,Low Risk,90.5,Strong,Monitor,Low,No action threshold triggered; continue monitoring.
P0781,JioMart,Senka,Skin Care,Face Cleanser / Face Wash,Face Cleanser,Merchant Fulfilled,500-999,Out of Stock / 0,Unmapped,Unmapped,16.9,16.5,11.5,10.0,3.0,89.9,18.5,60.4,5.0,Low Risk,88.0,Strong,Refund Review,High,Meaningful sales-index product with elevated refund percentage.
P0598,Flipkart,Pantene,Hair Care,General / Uncategorized,General Product,Merchant Fulfilled,<500,Out of Stock / 0,Unmapped,Unmapped,16.8,32.7,16.0,3.6,4.5,92.9,18.6,61.6,6.5,Low Risk,85.9,Strong,Monitor,Low,No action threshold triggered; continue monitoring.
P1185,Meesho,Watsons,Oral Care,Dental Floss Picks,Floss Picks,Merchant Fulfilled,<500,Low / 3-5,Unmapped,Unmapped,16.8,32.4,14.1,2.7,3.9,96.8,19.4,63.9,5.8,Low Risk,88.8,Strong,Monitor,Low,No action threshold triggered; continue monitoring.
P0758,Flipkart,Sasi,Lip,Sunscreen,Sunscreen,Merchant Fulfilled,<500,Very Low / 1-2,Unmapped,Unmapped,16.8,32.2,15.6,2.1,3.5,94.8,19.2,62.9,6.2,Low Risk,87.8,Strong,Monitor,Low,No action threshold triggered; continue monitoring.
P0175,Website,Colgate,Oral Care,Toothpaste,Toothpaste,Merchant Fulfilled,500-999,Medium / 6-15,Unmapped,Unmapped,16.8,20.4,5.5,5.1,3.7,100.8,20.9,66.9,3.1,Low Risk,91.5,Strong,Monitor,Low,No action threshold triggered; continue monitoring.
P1190,Meesho,Watsons,Oral Care,Dental Floss,Dental Floss,Merchant Fulfilled,<500,Low / 3-5,Unmapped,Unmapped,16.7,32.4,13.9,5.9,3.1,94.7,18.7,62.5,5.8,Low Risk,87.1,Strong,Monitor,Low,No action threshold triggered; continue monitoring.
P0039,Meesho,Axe,Body Care,Deodorant / Body Spray,Deodorant & Body Spray,Merchant Fulfilled,500-999,Out of Stock / 0,Unmapped,Unmapped,16.7,25.5,14.1,4.2,3.7,94.8,19.0,62.8,5.9,Low Risk,87.2,Strong,Monitor,Low,No action threshold triggered; continue monitoring.
P0563,JioMart,Oral-B,Oral Care,Toothpaste,Toothpaste,Merchant Fulfilled,500-999,Out of Stock / 0,Unmapped,Unmapped,16.7,20.6,11.3,4.0,4.0,95.9,19.5,63.8,5.0,Low Risk,88.2,Strong,Monitor,Low,No action threshold triggered; continue monitoring.
P0758,Meesho,Sasi,Lip,Sunscreen,Sunscreen,Merchant Fulfilled,<500,Very Low / 1-2,Unmapped,Unmapped,16.6,33.7,14.4,4.7,4.1,93.9,18.5,62.1,6.1,Low Risk,86.9,Strong,Monitor,Low,No action threshold triggered; continue monitoring.
P0437,JioMart,L'Oreal Paris,Skin Care,Face Cleanser / Face Wash,Face Cleanser,Merchant Fulfilled,500-999,Very High / 51+,Unmapped,Unmapped,16.6,20.2,11.2,5.3,4.7,93.9,19.0,62.6,5.2,Low Risk,86.4,Strong,Monitor,Low,No action threshold triggered; continue monitoring.
P1176,Meesho,Wangprom,Health & Wellness,General / Uncategorized,General Product,Merchant Fulfilled,500-999,Out of Stock / 0,Unmapped,Unmapped,16.5,25.9,13.7,3.7,4.2,94.5,18.8,62.6,5.7,Low Risk,88.0,Strong,Monitor,Low,No action threshold triggered; continue monitoring.
P1085,Website,Tresemme,Hair Care,Conditioner / Treatment / Mask,Hair Conditioner & Treatment,Merchant Fulfilled,500-999,Medium / 6-15,Unmapped,Unmapped,16.5,16.9,5.2,5.3,4.3,100.7,20.4,66.7,3.0,Low Risk,91.9,Strong,Monitor,Low,No action threshold triggered; continue monitoring.
P0534,Website,Nexcare,Skin Care,General / Uncategorized,General Product,Merchant Fulfilled,500-999,Low / 3-5,Unmapped,Unmapped,16.4,20.0,5.5,3.7,3.8,103.8,20.7,67.6,2.9,Low Risk,94.1,Strong,Monitor,Low,No action threshold triggered; continue monitoring.
P1121,JioMart,Vaseline,Body Care,Body Wash,Body Wash,Merchant Fulfilled,500-999,Very Low / 1-2,Unmapped,Unmapped,16.4,16.1,11.1,1.8,3.7,98.0,19.8,65.1,4.6,Low Risk,91.9,Strong,Monitor,Low,No action threshold triggered; continue monitoring.
P1029,Flipkart,Sunsilk,Hair Care,Shampoo,Shampoo,Merchant Fulfilled,<500,High / 16-50,Unmapped,Unmapped,16.3,39.4,16.1,2.9,3.9,94.8,18.2,62.3,6.5,Low Risk,87.2,Strong,Monitor,Low,No action threshold triggered; continue monitoring.
P0720,Flipkart,Protex,Body Care,General / Uncategorized,General Product,Merchant Fulfilled,<500,Very Low / 1-2,Unmapped,Unmapped,16.2,39.2,16.3,2.6,4.1,95.0,18.2,62.3,6.6,Low Risk,87.3,Strong,Monitor,Low,No action threshold triggered; continue monitoring.
P0024,Meesho,AR,Skin Care,General / Uncategorized,General Product,Merchant Fulfilled,<500,Out of Stock / 0,Unmapped,Unmapped,16.2,32.9,14.1,3.2,4.2,95.7,18.5,63.0,5.8,Low Risk,89.6,Strong,Monitor,Low,No action threshold triggered; continue monitoring.
P1157,Website,Vaseline,Skin Care,Face Cleanser / Face Wash,Face Cleanser,Merchant Fulfilled,500-999,Out of Stock / 0,Unmapped,Unmapped,16.2,16.5,5.1,6.3,4.2,100.8,19.9,66.4,2.9,Low Risk,93.3,Strong,Monitor,Low,No action threshold triggered; continue monitoring.
P0528,Website,NEXCARE,Skin Care,General / Uncategorized,General Product,Merchant Fulfilled,500-999,Out of Stock / 0,Unmapped,Unmapped,16.1,21.0,6.1,10.1,4.7,96.9,18.5,63.8,3.5,Low Risk,89.9,Strong,Refund Review,High,Meaningful sales-index product with elevated refund percentage.
P0022,Website,Ambi Pur,Home & Kitchen,Air Freshener,Air Freshener,Merchant Fulfilled,500-999,Low / 3-5,Unmapped,Unmapped,16.0,15.5,5.0,1.3,3.2,105.7,21.1,67.9,2.4,Low Risk,97.9,Strong,Monitor,Low,No action threshold triggered; continue monitoring.
P0783,JioMart,Senka,Skin Care,Face Cleanser / Face Wash,Face Cleanser,Merchant Fulfilled,500-999,Out of Stock / 0,Unmapped,Unmapped,16.0,15.5,11.4,3.9,4.0,96.5,18.8,63.8,4.8,Low Risk,91.2,Strong,Monitor,Low,No action threshold triggered; continue monitoring.
P0747,Website,Rexona,Body Care,Deodorant / Body Spray,Deodorant & Body Spray,Merchant Fulfilled,500-999,Out of Stock / 0,Unmapped,Unmapped,15.9,19.4,5.1,1.6,4.0,105.0,20.7,67.7,2.6,Low Risk,97.2,Strong,Monitor,Low,No action threshold triggered; continue monitoring.
P1035,Flipkart,Sunsilk,Hair Care,Shampoo,Shampoo,Merchant Fulfilled,<500,High / 16-50,Unmapped,Unmapped,15.8,37.8,16.3,3.0,4.2,94.5,17.5,61.8,6.6,Low Risk,86.9,Strong,Monitor,Low,No action threshold triggered; continue monitoring.
P1100,Flipkart,Tros,Body Care,Deodorant / Body Spray,Deodorant & Body Spray,Merchant Fulfilled,<500,Very Low / 1-2,Unmapped,Unmapped,15.8,30.6,16.3,6.1,4.2,90.3,16.8,59.5,6.7,Low Risk,84.6,Strong,Monitor,Low,No action threshold triggered; continue monitoring.
P0744,Website,Rexona,Body Care,Deodorant / Body Spray,Deodorant & Body Spray,Merchant Fulfilled,500-999,Out of Stock / 0,Unmapped,Unmapped,15.8,19.0,5.0,2.0,4.6,104.4,20.2,67.5,2.8,Low Risk,94.8,Strong,Monitor,Low,No action threshold triggered; continue monitoring.
P1080,JioMart,Tresemme,Hair Care,Conditioner / Treatment / Mask,Hair Conditioner & Treatment,Merchant Fulfilled,500-999,Medium / 6-15,Unmapped,Unmapped,15.8,15.5,11.1,2.0,4.1,97.4,19.1,64.5,4.8,Low Risk,91.3,Strong,Monitor,Low,No action threshold triggered; continue monitoring.
P1075,JioMart,Tresemme,Hair Care,Shampoo,Shampoo,Merchant Fulfilled,500-999,Very Low / 1-2,Unmapped,Unmapped,15.7,15.5,11.2,3.6,3.4,95.3,18.7,63.3,4.7,Low Risk,89.9,Strong,Monitor,Low,No action threshold triggered; continue monitoring.
P0797,JioMart,Sensodyne,Oral Care,Toothpaste,Toothpaste,Merchant Fulfilled,500-999,Low / 3-5,Unmapped,Unmapped,15.7,15.3,11.9,7.6,3.8,91.6,17.5,60.8,5.3,Low Risk,85.0,Strong,Monitor,Low,No action threshold triggered; continue monitoring.
P0476,Meesho,Listerine,Oral Care,Mouthwash,Mouthwash,Merchant Fulfilled,500-999,Out of Stock / 0,Unmapped,Unmapped,15.6,29.2,14.2,7.1,4.0,90.6,16.9,59.9,6.1,Low Risk,83.6,Strong,Monitor,Low,No action threshold triggered; continue monitoring.
P1162,JioMart,Vita Keratin,Hair Care,General / Uncategorized,General Product,Merchant Fulfilled,500-999,Out of Stock / 0,Unmapped,Unmapped,15.5,16.1,11.3,2.3,4.4,95.9,18.5,63.6,4.8,Low Risk,91.9,Strong,Monitor,Low,No action threshold triggered; continue monitoring.
P1041,Flipkart,Sunsilk,Hair Care,Shampoo,Shampoo,Merchant Fulfilled,<500,Out of Stock / 0,Unmapped,Unmapped,15.4,36.9,16.7,5.6,4.5,93.0,16.4,60.4,6.9,Low Risk,85.4,Strong,Monitor,Low,No action threshold triggered; continue monitoring.
P0531,Meesho,NEXCARE,Skin Care,General / Uncategorized,General Product,Merchant Fulfilled,<500,Medium / 6-15,Unmapped,Unmapped,15.4,31.2,13.8,5.2,4.7,93.7,17.1,61.4,5.9,Low Risk,87.2,Strong,Monitor,Low,No action threshold triggered; continue monitoring.
P1070,Flipkart,Tiger Balm,Health & Wellness,Herbal Inhaler,Herbal Inhaler,Merchant Fulfilled,<500,Medium / 6-15,Unmapped,Unmapped,15.2,41.8,17.0,6.2,4.2,92.1,16.0,59.8,6.9,Low Risk,84.4,Strong,Monitor,Low,No action threshold triggered; continue monitoring.
P1107,JioMart,Vaseline,Body Care,General / Uncategorized,General Product,Merchant Fulfilled,500-999,Very Low / 1-2,Unmapped,Unmapped,15.2,21.4,11.5,1.8,4.2,97.1,18.2,64.0,4.9,Low Risk,90.8,Strong,Monitor,Low,No action threshold triggered; continue monitoring.
P1032,Flipkart,Sunsilk,Hair Care,Shampoo,Shampoo,Merchant Fulfilled,<500,High / 16-50,Unmapped,Unmapped,15.1,36.5,16.6,4.3,4.5,93.5,16.4,60.8,6.8,Low Risk,86.2,Strong,Monitor,Low,No action threshold triggered; continue monitoring.
P0253,Meesho,Dove,Hair Care,General / Uncategorized,General Product,Merchant Fulfilled,<500,Out of Stock / 0,Unmapped,Unmapped,15.1,31.0,14.0,1.9,3.4,96.4,17.7,63.2,5.6,Low Risk,90.3,Strong,Monitor,Low,No action threshold triggered; continue monitoring.
P0039,Website,Axe,Body Care,Deodorant / Body Spray,Deodorant & Body Spray,Merchant Fulfilled,500-999,Out of Stock / 0,Unmapped,Unmapped,15.1,22.2,5.5,2.1,3.7,105.9,19.5,67.2,2.7,Low Risk,95.7,Strong,Monitor,Low,No action threshold triggered; continue monitoring.
P0528,JioMart,NEXCARE,Skin Care,General / Uncategorized,General Product,Merchant Fulfilled,500-999,Out of Stock / 0,Unmapped,Unmapped,15.1,19.8,11.2,1.4,4.2,97.4,18.3,64.2,4.7,Low Risk,91.6,Strong,Monitor,Low,No action threshold triggered; continue monitoring.
P0534,JioMart,Nexcare,Skin Care,General / Uncategorized,General Product,Merchant Fulfilled,500-999,Low / 3-5,Unmapped,Unmapped,15.1,18.6,12.1,8.3,3.7,90.7,16.6,60.0,5.4,Low Risk,84.5,Strong,Monitor,Low,No action threshold triggered; continue monitoring.
P1249,Flipkart,Watsons,Oral Care,Dental Floss Picks,Floss Picks,Merchant Fulfilled,<500,Out of Stock / 0,Unmapped,Unmapped,14.8,41.0,17.1,3.4,4.0,93.8,16.3,60.9,7.0,Low Risk,84.5,Strong,Monitor,Low,No action threshold triggered; continue monitoring.
P0475,Flipkart,Listerine,Oral Care,Mouthwash,Mouthwash,Merchant Fulfilled,<500,Low / 3-5,Unmapped,Unmapped,14.8,35.7,17.1,8.6,3.9,89.6,15.2,58.2,7.1,Low Risk,81.6,Strong,Monitor,Low,No action threshold triggered; continue monitoring.
P1248,Meesho,Watsons,Skin Care,Lip Care,Lip Care,Merchant Fulfilled,<500,Out of Stock / 0,Unmapped,Unmapped,14.8,30.0,13.6,1.1,3.3,99.8,17.6,64.6,5.5,Low Risk,93.0,Strong,Monitor,Low,No action threshold triggered; continue monitoring.
P0264,JioMart,Dove,Body Care,Deodorant / Body Spray,Deodorant & Body Spray,Merchant Fulfilled,500-999,High / 16-50,Unmapped,Unmapped,14.8,18.6,11.5,4.7,3.7,95.1,17.2,62.5,5.0,Low Risk,88.7,Strong,Monitor,Low,No action threshold triggered; continue monitoring.
P0156,Website,Colgate,Oral Care,Toothpaste,Toothpaste,Merchant Fulfilled,500-999,Very High / 51+,Unmapped,Unmapped,14.8,15.9,5.0,3.5,3.5,102.6,18.9,66.8,2.9,Low Risk,93.1,Strong,Monitor,Low,No action threshold triggered; continue monitoring.
P0889,Flipkart,SHIVAMAX,Health & Wellness,Herbal Inhaler,Herbal Inhaler,Merchant Fulfilled,<500,Very High / 51+,Unmapped,Unmapped,14.7,47.1,17.3,8.0,4.3,90.9,15.0,58.7,7.2,Low Risk,82.6,Strong,Monitor,Low,No action threshold triggered; continue monitoring.
P0308,Meesho,Dove,Hair Care,General / Uncategorized,General Product,Merchant Fulfilled,<500,Out of Stock / 0,Unmapped,Unmapped,14.7,30.0,13.9,2.6,3.7,94.9,17.1,62.2,5.7,Low Risk,88.0,Strong,Monitor,Low,No action threshold triggered; continue monitoring.
P1067,Website,Tiger Balm,Health & Wellness,Pain Relief Balm,Pain Relief,Merchant Fulfilled,500-999,Medium / 6-15,Unmapped,Unmapped,14.7,16.1,5.4,4.2,3.6,101.5,18.6,66.3,3.1,Low Risk,91.8,Strong,Monitor,Low,No action threshold triggered; continue monitoring.
P1071,Flipkart,Tiger Balm,Health & Wellness,Herbal Inhaler,Herbal Inhaler,Merchant Fulfilled,<500,High / 16-50,Unmapped,Unmapped,14.6,40.4,17.3,5.7,3.9,92.6,15.5,59.8,7.1,Low Risk,83.9,Strong,Monitor,Low,No action threshold triggered; continue monitoring.
P0557,Meesho,Oral-B,Oral Care,Dental Floss,Dental Floss,Merchant Fulfilled,<500,High / 16-50,Unmapped,Unmapped,14.6,31.2,14.7,4.5,3.7,94.2,16.3,61.3,6.0,Low Risk,87.9,Strong,Monitor,Low,No action threshold triggered; continue monitoring.
P0437,Website,L'Oreal Paris,Skin Care,Face Cleanser / Face Wash,Face Cleanser,Merchant Fulfilled,500-999,Very High / 51+,Unmapped,Unmapped,14.6,17.8,5.3,3.4,4.9,103.5,18.3,66.6,3.1,Low Risk,93.8,Strong,Monitor,Low,No action threshold triggered; continue monitoring.
P1033,Meesho,Sunsilk,Hair Care,Conditioner / Treatment / Mask,Hair Conditioner & Treatment,Merchant Fulfilled,<500,Out of Stock / 0,Unmapped,Unmapped,14.5,29.4,14.0,0.8,3.8,96.9,17.2,63.2,5.6,Low Risk,90.6,Strong,Monitor,Low,No action threshold triggered; continue monitoring.
P0246,Website,Dove,Body Care,Deodorant / Body Spray,Deodorant & Body Spray,Merchant Fulfilled,500-999,Medium / 6-15,Unmapped,Unmapped,14.5,18.8,6.0,6.5,3.7,101.5,17.7,65.6,3.1,Low Risk,92.2,Strong,Monitor,Low,No action threshold triggered; continue monitoring.
P1176,JioMart,Wangprom,Health & Wellness,General / Uncategorized,General Product,Merchant Fulfilled,500-999,Out of Stock / 0,Unmapped,Unmapped,14.4,21.8,11.5,3.2,4.0,96.4,17.1,63.1,4.9,Low Risk,89.8,Strong,Monitor,Low,No action threshold triggered; continue monitoring.
P0690,Flipkart,Protex,Body Care,General / Uncategorized,General Product,Merchant Fulfilled,<500,Very Low / 1-2,Unmapped,Unmapped,14.3,34.7,17.0,5.5,3.9,90.7,15.3,59.0,6.9,Low Risk,83.9,Strong,Monitor,Low,No action threshold triggered; continue monitoring.
P1150,JioMart,Vaseline,Body Care,Deodorant / Body Spray,Deodorant & Body Spray,Merchant Fulfilled,500-999,Out of Stock / 0,Unmapped,Unmapped,14.3,20.0,11.4,3.3,3.8,95.5,17.0,62.7,4.9,Low Risk,89.1,Strong,Monitor,Low,No action threshold triggered; continue monitoring.
P1003,Meesho,Snake Brand,Body Care,General / Uncategorized,General Product,Merchant Fulfilled,<500,Out of Stock / 0,Unmapped,Unmapped,14.2,32.0,14.5,3.9,3.7,95.5,16.1,61.8,6.0,Low Risk,89.0,Strong,Monitor,Low,No action threshold triggered; continue monitoring.
P0225,Meesho,Colgate,Oral Care,Toothpaste,Toothpaste,Merchant Fulfilled,<500,Out of Stock / 0,Unmapped,Unmapped,14.2,30.4,14.1,3.6,4.4,94.5,16.1,61.5,5.7,Low Risk,89.9,Strong,Monitor,Low,No action threshold triggered; continue monitoring.
P0890,Meesho,SHIVAMAX,Health & Wellness,Herbal Inhaler,Herbal Inhaler,Merchant Fulfilled,<500,Medium / 6-15,Unmapped,Unmapped,14.2,29.0,14.0,3.9,4.6,94.6,16.0,61.4,6.0,Low Risk,87.1,Strong,Monitor,Low,No action threshold triggered; continue monitoring.
P1100,Meesho,Tros,Body Care,Deodorant / Body Spray,Deodorant & Body Spray,Merchant Fulfilled,<500,Very Low / 1-2,Unmapped,Unmapped,14.2,28.8,13.8,5.5,3.5,93.4,15.9,60.9,5.7,Low Risk,87.6,Strong,Monitor,Low,No action threshold triggered; continue monitoring.
P0246,JioMart,Dove,Body Care,Deodorant / Body Spray,Deodorant & Body Spray,Merchant Fulfilled,500-999,Medium / 6-15,Unmapped,Unmapped,14.2,18.4,11.4,2.7,4.0,97.1,16.9,63.4,5.0,Low Risk,89.7,Strong,Monitor,Low,No action threshold triggered; continue monitoring.
P1251,Flipkart,Watsons,Oral Care,Dental Floss Picks,Floss Picks,Merchant Fulfilled,<500,Out of Stock / 0,Unmapped,Unmapped,14.1,38.8,16.6,4.6,4.1,94.7,15.3,60.8,6.7,Low Risk,86.6,Strong,Monitor,Low,No action threshold triggered; continue monitoring.
P0840,Meesho,SHIVAMAX,Home & Kitchen,Adhesive Hooks,Adhesive Hooks,Merchant Fulfilled,<500,Out of Stock / 0,Unmapped,Unmapped,14.1,28.6,13.9,3.3,3.6,96.7,16.2,62.5,5.6,Low Risk,90.0,Strong,Monitor,Low,No action threshold triggered; continue monitoring.
P1196,Meesho,Watsons,Oral Care,Dental Floss Picks,Floss Picks,Merchant Fulfilled,<500,Very Low / 1-2,Unmapped,Unmapped,14.1,27.1,13.8,2.3,4.8,96.3,16.2,62.4,5.8,Low Risk,88.9,Strong,Monitor,Low,No action threshold triggered; continue monitoring.
P0563,Website,Oral-B,Oral Care,Toothpaste,Toothpaste,Merchant Fulfilled,500-999,Out of Stock / 0,Unmapped,Unmapped,14.1,16.9,5.4,0.8,3.9,106.7,18.4,66.8,2.7,Low Risk,97.1,Strong,Monitor,Low,No action threshold triggered; continue monitoring.
P1052,Flipkart,Sunsilk,Hair Care,Shampoo,Shampoo,Merchant Fulfilled,<500,Out of Stock / 0,Unmapped,Unmapped,14.0,33.7,16.4,3.3,3.3,95.8,15.7,61.6,6.6,Low Risk,87.9,Strong,Monitor,Low,No action threshold triggered; continue monitoring.
P0271,Meesho,Dove,Hair Care,General / Uncategorized,General Product,Merchant Fulfilled,<500,Out of Stock / 0,Unmapped,Unmapped,14.0,28.4,14.0,1.5,3.9,97.9,16.4,63.2,5.7,Low Risk,90.4,Strong,Monitor,Low,No action threshold triggered; continue monitoring.
P1214,Flipkart,Watsons,Oral Care,Dental Floss Picks,Floss Picks,Merchant Fulfilled,<500,Very Low / 1-2,Unmapped,Unmapped,13.8,38.2,16.5,5.0,4.0,95.3,15.0,60.9,6.7,Low Risk,87.4,Strong,Monitor,Low,No action threshold triggered; continue monitoring.
P1039,Meesho,Sunsilk,Hair Care,Conditioner / Treatment / Mask,Hair Conditioner & Treatment,Merchant Fulfilled,<500,Out of Stock / 0,Unmapped,Unmapped,13.8,29.4,14.4,9.7,4.0,89.6,14.4,58.2,6.2,Low Risk,84.9,Strong,Monitor,Low,No action threshold triggered; continue monitoring.
P0555,Meesho,Oral-B,Oral Care,Dental Floss,Dental Floss,Merchant Fulfilled,<500,Medium / 6-15,Unmapped,Unmapped,13.8,28.0,14.2,4.7,4.4,93.6,15.3,60.7,6.0,Low Risk,86.8,Strong,Monitor,Low,No action threshold triggered; continue monitoring.
P1112,Meesho,Vaseline,Body Care,Deodorant / Body Spray,Deodorant & Body Spray,Merchant Fulfilled,<500,Very Low / 1-2,Unmapped,Unmapped,13.8,28.0,14.0,1.8,4.0,96.6,16.1,62.6,5.6,Low Risk,90.9,Strong,Monitor,Low,No action threshold triggered; continue monitoring.
P1026,Flipkart,Sunsilk,Hair Care,Conditioner / Treatment / Mask,Hair Conditioner & Treatment,Merchant Fulfilled,<500,Low / 3-5,Unmapped,Unmapped,13.7,33.9,16.4,3.3,4.1,94.1,15.1,60.6,6.7,Low Risk,85.7,Strong,Monitor,Low,No action threshold triggered; continue monitoring.
P0261,Meesho,Dove,Hair Care,General / Uncategorized,General Product,Merchant Fulfilled,<500,Very High / 51+,Unmapped,Unmapped,13.7,27.8,13.8,3.1,3.5,96.4,15.8,62.3,5.6,Low Risk,90.0,Strong,Monitor,Low,No action threshold triggered; continue monitoring.
P1176,Website,Wangprom,Health & Wellness,General / Uncategorized,General Product,Merchant Fulfilled,500-999,Out of Stock / 0,Unmapped,Unmapped,13.7,20.6,6.0,5.9,3.8,101.6,16.7,65.3,3.3,Low Risk,91.1,Strong,Monitor,Low,No action threshold triggered; continue monitoring.
P0178,Website,Colgate,Oral Care,Toothpaste,Toothpaste,Merchant Fulfilled,500-999,Low / 3-5,Unmapped,Unmapped,13.7,20.0,5.2,2.1,3.9,106.4,17.6,66.5,2.8,Low Risk,95.4,Strong,Monitor,Low,No action threshold triggered; continue monitoring.
P1164,Flipkart,Wangprom,Health & Wellness,Herbal Inhaler,Herbal Inhaler,Merchant Fulfilled,<500,Out of Stock / 0,Unmapped,Unmapped,13.6,32.9,16.9,6.6,3.7,91.4,14.4,58.9,6.9,Low Risk,84.1,Strong,Monitor,Low,No action threshold triggered; continue monitoring.
P0178,JioMart,Colgate,Oral Care,Toothpaste,Toothpaste,Merchant Fulfilled,500-999,Low / 3-5,Unmapped,Unmapped,13.6,20.2,11.9,6.2,4.7,93.6,15.2,60.8,5.5,Low Risk,85.8,Strong,Monitor,Low,No action threshold triggered; continue monitoring.
P1218,Flipkart,Watsons,Oral Care,Dental Floss Picks,Floss Picks,Merchant Fulfilled,<500,Low / 3-5,Unmapped,Unmapped,13.5,37.1,17.2,5.7,4.4,92.3,14.3,59.2,7.0,Low Risk,85.0,Strong,Monitor,Low,No action threshold triggered; continue monitoring.
P0034,Website,Axe,Body Care,Deodorant / Body Spray,Deodorant & Body Spray,Merchant Fulfilled,500-999,Very Low / 1-2,Unmapped,Unmapped,13.5,18.8,5.0,3.6,4.4,102.0,17.1,65.9,2.9,Low Risk,93.2,Strong,Monitor,Low,No action threshold triggered; continue monitoring.
P1067,JioMart,Tiger Balm,Health & Wellness,Pain Relief Balm,Pain Relief,Merchant Fulfilled,500-999,Medium / 6-15,Unmapped,Unmapped,13.5,14.7,11.3,3.3,3.9,96.6,15.9,62.7,4.8,Low Risk,90.6,Strong,Monitor,Low,No action threshold triggered; continue monitoring.
P0679,Flipkart,Poy Sian,Health & Wellness,Herbal Inhaler,Herbal Inhaler,Merchant Fulfilled,<500,Medium / 6-15,Unmapped,Unmapped,13.4,32.4,16.2,4.0,3.6,93.8,14.9,60.4,6.5,Low Risk,87.0,Strong,Monitor,Low,No action threshold triggered; continue monitoring.
P0598,Meesho,Pantene,Hair Care,General / Uncategorized,General Product,Merchant Fulfilled,<500,Out of Stock / 0,Unmapped,Unmapped,13.4,27.3,14.7,5.9,4.1,92.1,14.7,59.7,6.1,Low Risk,85.2,Strong,Monitor,Low,No action threshold triggered; continue monitoring.
P0034,JioMart,Axe,Body Care,Deodorant / Body Spray,Deodorant & Body Spray,Merchant Fulfilled,500-999,Very Low / 1-2,Unmapped,Unmapped,13.4,18.8,12.1,9.2,3.9,91.8,14.5,59.5,5.5,Low Risk,84.8,Strong,Monitor,Low,No action threshold triggered; continue monitoring.
P0763,Meesho,Sasi,Lip,Lip Care,Lip Care,Merchant Fulfilled,<500,Medium / 6-15,Unmapped,Unmapped,13.3,27.1,14.2,4.3,3.4,95.4,15.1,61.4,5.9,Low Risk,88.1,Strong,Monitor,Low,No action threshold triggered; continue monitoring.
P0257,Meesho,Dove,Hair Care,General / Uncategorized,General Product,Merchant Fulfilled,<500,Low / 3-5,Unmapped,Unmapped,13.2,29.8,14.8,4.6,4.4,94.4,14.7,60.7,6.2,Low Risk,86.1,Strong,Monitor,Low,No action threshold triggered; continue monitoring.
P0259,Meesho,Dove,Hair Care,General / Uncategorized,General Product,Merchant Fulfilled,<500,Very High / 51+,Unmapped,Unmapped,13.2,28.4,14.3,7.0,4.1,91.7,14.3,59.2,6.2,Low Risk,84.4,Strong,Monitor,Low,No action threshold triggered; continue monitoring.
P0475,Meesho,Listerine,Oral Care,Mouthwash,Mouthwash,Merchant Fulfilled,<500,Low / 3-5,Unmapped,Unmapped,13.1,33.1,14.2,4.7,3.7,95.6,14.7,61.3,5.8,Low Risk,88.9,Strong,Monitor,Low,No action threshold triggered; continue monitoring.
P0262,Meesho,Dove,Hair Care,Hair Oil / Serum,Hair Oil & Serum,Merchant Fulfilled,<500,Out of Stock / 0,Unmapped,Unmapped,13.1,26.3,14.0,3.4,3.4,97.2,15.0,62.2,5.7,Low Risk,90.5,Strong,Monitor,Low,No action threshold triggered; continue monitoring.
P0931,Meesho,SHIVAMAX,Electronics & Travel Accessories,General / Uncategorized,General Product,Merchant Fulfilled,<500,Out of Stock / 0,Unmapped,Unmapped,13.1,22.2,14.1,3.9,4.3,93.9,14.8,60.7,6.0,Low Risk,86.2,Strong,Monitor,Low,No action threshold triggered; continue monitoring.
P0039,JioMart,Axe,Body Care,Deodorant / Body Spray,Deodorant & Body Spray,Merchant Fulfilled,500-999,Out of Stock / 0,Unmapped,Unmapped,13.0,19.2,11.9,7.8,3.3,92.8,14.5,60.1,5.4,Low Risk,84.9,Strong,Monitor,Low,No action threshold triggered; continue monitoring.
P0175,JioMart,Colgate,Oral Care,Toothpaste,Toothpaste,Merchant Fulfilled,500-999,Medium / 6-15,Unmapped,Unmapped,12.9,15.9,11.3,5.5,4.5,94.5,14.8,61.2,5.2,Low Risk,87.9,Strong,Monitor,Low,No action threshold triggered; continue monitoring.
P1200,Flipkart,Watsons,Oral Care,Dental Floss,Dental Floss,Merchant Fulfilled,<500,Low / 3-5,Unmapped,Unmapped,12.8,35.5,17.4,6.7,4.0,91.4,13.4,58.4,7.1,Low Risk,83.5,Strong,Monitor,Low,No action threshold triggered; continue monitoring.
P0170,Meesho,Colgate,Oral Care,Toothpaste,Toothpaste,Merchant Fulfilled,<500,Low / 3-5,Unmapped,Unmapped,12.8,25.9,14.2,5.7,4.2,94.4,14.1,60.4,6.0,Low Risk,86.1,Strong,Monitor,Low,No action threshold triggered; continue monitoring.
P0212,Meesho,Colgate,Oral Care,Toothpaste,Toothpaste,Merchant Fulfilled,500-999,Out of Stock / 0,Unmapped,Unmapped,12.8,24.1,14.0,2.7,4.4,95.4,14.7,61.4,5.7,Low Risk,88.3,Strong,Monitor,Low,No action threshold triggered; continue monitoring.
P1072,Flipkart,Tiger Balm,Health & Wellness,Herbal Inhaler,Herbal Inhaler,Merchant Fulfilled,<500,High / 16-50,Unmapped,Unmapped,12.6,34.7,16.8,7.5,4.5,90.1,13.0,57.7,7.0,Low Risk,82.4,Strong,Monitor,Low,No action threshold triggered; continue monitoring.
P1029,Meesho,Sunsilk,Hair Care,Shampoo,Shampoo,Merchant Fulfilled,<500,High / 16-50,Unmapped,Unmapped,12.6,32.0,14.9,9.3,4.3,90.0,13.1,57.8,6.4,Low Risk,83.6,Strong,Monitor,Low,No action threshold triggered; continue monitoring.
P1099,Meesho,Tros,Body Care,Deodorant / Body Spray,Deodorant & Body Spray,Merchant Fulfilled,<500,Out of Stock / 0,Unmapped,Unmapped,12.6,25.5,13.7,3.3,4.5,95.7,14.4,61.4,5.9,Low Risk,87.7,Strong,Monitor,Low,No action threshold triggered; continue monitoring.
P0082,JioMart,Biore,Skin Care,Sunscreen,Sunscreen,Merchant Fulfilled,500-999,Very High / 51+,Unmapped,Unmapped,12.6,16.3,12.0,6.6,4.8,92.4,14.0,59.7,5.5,Low Risk,85.6,Strong,Monitor,Low,No action threshold triggered; continue monitoring.
P1254,Meesho,Watsons,Oral Care,Dental Floss,Dental Floss,Merchant Fulfilled,<500,Out of Stock / 0,Unmapped,Unmapped,12.5,25.3,14.3,1.8,3.9,98.1,14.5,62.5,5.8,Low Risk,90.7,Strong,Monitor,Low,No action threshold triggered; continue monitoring.
P0706,Meesho,Protex,Body Care,General / Uncategorized,General Product,Merchant Fulfilled,<500,Out of Stock / 0,Unmapped,Unmapped,12.4,28.0,14.3,4.0,4.2,94.3,13.9,60.5,6.1,Low Risk,85.9,Strong,Monitor,Low,No action threshold triggered; continue monitoring.
P0555,JioMart,Oral-B,Oral Care,Dental Floss,Dental Floss,Merchant Fulfilled,<500,Medium / 6-15,Unmapped,Unmapped,12.4,24.3,11.7,2.4,4.0,98.3,14.7,63.0,5.0,Low Risk,91.1,Strong,Monitor,Low,No action threshold triggered; continue monitoring.
P1150,Website,Vaseline,Body Care,Deodorant / Body Spray,Deodorant & Body Spray,Merchant Fulfilled,500-999,Out of Stock / 0,Unmapped,Unmapped,12.4,17.1,5.4,3.3,3.8,105.1,15.8,65.7,3.0,Low Risk,93.6,Strong,Monitor,Low,No action threshold triggered; continue monitoring.
P0536,Flipkart,NOVOLIFE,Health & Wellness,Herbal Inhaler,Herbal Inhaler,Merchant Fulfilled,<500,Very Low / 1-2,Unmapped,Unmapped,12.2,39.2,17.1,4.6,3.8,93.9,13.2,59.6,6.9,Low Risk,86.6,Strong,Monitor,Low,No action threshold triggered; continue monitoring.
P1041,Meesho,Sunsilk,Hair Care,Shampoo,Shampoo,Merchant Fulfilled,<500,Out of Stock / 0,Unmapped,Unmapped,12.2,31.0,14.3,6.0,3.4,93.8,13.5,59.9,6.0,Low Risk,86.3,Strong,Monitor,Low,No action threshold triggered; continue monitoring.
P0270,Meesho,Dove,Hair Care,Hair Oil / Serum,Hair Oil & Serum,Merchant Fulfilled,<500,Very High / 51+,Unmapped,Unmapped,12.2,24.7,14.0,2.8,4.3,94.1,14.0,60.6,5.9,Low Risk,86.7,Strong,Monitor,Low,No action threshold triggered; continue monitoring.
P0212,Website,Colgate,Oral Care,Toothpaste,Toothpaste,Merchant Fulfilled,500-999,Out of Stock / 0,Unmapped,Unmapped,12.2,22.0,5.7,3.0,3.7,106.7,15.5,65.5,2.8,Low Risk,95.8,Strong,Monitor,Low,No action threshold triggered; continue monitoring.
P0690,Meesho,Protex,Body Care,General / Uncategorized,General Product,Merchant Fulfilled,<500,Very Low / 1-2,Unmapped,Unmapped,12.1,30.6,15.2,4.0,3.7,95.9,13.5,60.9,6.1,Low Risk,89.0,Strong,Monitor,Low,No action threshold triggered; continue monitoring.
P0931,Website,SHIVAMAX,Electronics & Travel Accessories,General / Uncategorized,General Product,Merchant Fulfilled,<500,Out of Stock / 0,Unmapped,Unmapped,12.1,19.8,5.8,5.2,4.0,104.0,14.9,65.2,3.5,Low Risk,90.7,Strong,Monitor,Low,No action threshold triggered; continue monitoring.
P0427,Flipkart,Kaowmanee,Skin Care,General / Uncategorized,General Product,Merchant Fulfilled,<500,Out of Stock / 0,Unmapped,Unmapped,12.0,32.2,16.8,4.9,4.0,91.9,13.0,58.7,6.8,Low Risk,84.4,Strong,Monitor,Low,No action threshold triggered; continue monitoring.
P0705,Meesho,Protex,Body Care,General / Uncategorized,General Product,Merchant Fulfilled,<500,Very Low / 1-2,Unmapped,Unmapped,12.0,26.9,14.6,6.5,3.6,93.1,13.1,59.4,6.1,Low Risk,85.4,Strong,Monitor,Low,No action threshold triggered; continue monitoring.
P1196,Website,Watsons,Oral Care,Dental Floss Picks,Floss Picks,Merchant Fulfilled,<500,Very Low / 1-2,Unmapped,Unmapped,12.0,22.2,6.1,5.0,4.5,104.2,14.7,65.1,3.5,Low Risk,91.9,Strong,Monitor,Low,No action threshold triggered; continue monitoring.
P0598,JioMart,Pantene,Hair Care,General / Uncategorized,General Product,Merchant Fulfilled,<500,Out of Stock / 0,Unmapped,Unmapped,11.9,23.3,12.3,3.0,3.9,97.3,14.0,62.2,5.2,Low Risk,90.0,Strong,Monitor,Low,No action threshold triggered; continue monitoring.
P0082,Website,Biore,Skin Care,Sunscreen,Sunscreen,Merchant Fulfilled,500-999,Very High / 51+,Unmapped,Unmapped,11.9,15.7,5.2,3.2,5.7,102.6,14.9,65.1,3.0,Low Risk,94.7,Strong,Monitor,Low,No action threshold triggered; continue monitoring.
P0932,Flipkart,SHIVAMAX,Electronics & Travel Accessories,Travel Adapter,Travel Adapter,Merchant Fulfilled,<500,Very High / 51+,Unmapped,Unmapped,11.8,38.0,17.6,4.1,4.2,94.2,12.7,59.5,7.1,Low Risk,85.8,Strong,Monitor,Low,No action threshold triggered; continue monitoring.
P0024,Website,AR,Skin Care,General / Uncategorized,General Product,Merchant Fulfilled,<500,Out of Stock / 0,Unmapped,Unmapped,11.8,23.1,5.8,2.9,3.8,107.7,15.0,65.3,3.0,Low Risk,94.3,Strong,Monitor,Low,No action threshold triggered; continue monitoring.
P1114,JioMart,Vaseline,Body Care,Deodorant / Body Spray,Deodorant & Body Spray,Merchant Fulfilled,500-999,Low / 3-5,Unmapped,Unmapped,11.8,16.5,11.4,5.8,4.2,96.0,13.5,61.2,5.2,Low Risk,87.8,Strong,Monitor,Low,No action threshold triggered; continue monitoring.
P1107,Website,Vaseline,Body Care,General / Uncategorized,General Product,Merchant Fulfilled,500-999,Very Low / 1-2,Unmapped,Unmapped,11.7,16.3,5.1,4.3,3.9,104.8,14.7,65.2,2.9,Low Risk,93.3,Strong,Monitor,Low,No action threshold triggered; continue monitoring.
P0868,Meesho,SHIVAMAX,Home & Kitchen,General / Uncategorized,General Product,Merchant Fulfilled,<500,Medium / 6-15,Unmapped,Unmapped,11.6,27.8,14.3,4.4,5.0,94.9,12.8,60.2,6.1,Low Risk,87.1,Strong,Monitor,Low,No action threshold triggered; continue monitoring.
P0233,Meesho,Counterpain,Health & Wellness,Pain Relief Balm,Pain Relief,Merchant Fulfilled,<500,Out of Stock / 0,Unmapped,Unmapped,11.6,26.3,14.5,2.8,4.1,95.3,13.2,60.7,6.1,Low Risk,87.4,Strong,Monitor,Low,No action threshold triggered; continue monitoring.
P1038,Meesho,Sunsilk,Hair Care,Conditioner / Treatment / Mask,Hair Conditioner & Treatment,Merchant Fulfilled,<500,Out of Stock / 0,Unmapped,Unmapped,11.5,29.4,13.8,5.1,4.1,96.9,12.9,61.1,5.8,Low Risk,88.5,Strong,Monitor,Low,No action threshold triggered; continue monitoring.
P0720,Meesho,Protex,Body Care,General / Uncategorized,General Product,Merchant Fulfilled,<500,Very Low / 1-2,Unmapped,Unmapped,11.5,29.2,14.4,4.8,4.1,94.2,12.8,59.9,6.1,Low Risk,86.5,Strong,Monitor,Low,No action threshold triggered; continue monitoring.
P0271,JioMart,Dove,Hair Care,General / Uncategorized,General Product,Merchant Fulfilled,<500,Out of Stock / 0,Unmapped,Unmapped,11.5,22.7,11.7,2.9,3.9,97.8,13.6,62.3,5.0,Low Risk,90.9,Strong,Monitor,Low,No action threshold triggered; continue monitoring.
P0915,Flipkart,SHIVAMAX,Health & Wellness,Herbal Inhaler,Herbal Inhaler,Merchant Fulfilled,<500,Medium / 6-15,Unmapped,Unmapped,11.4,36.5,17.0,2.5,4.0,97.6,12.6,61.1,6.8,Low Risk,87.8,Strong,Monitor,Low,No action threshold triggered; continue monitoring.
P1052,Meesho,Sunsilk,Hair Care,Shampoo,Shampoo,Merchant Fulfilled,<500,Out of Stock / 0,Unmapped,Unmapped,11.2,28.4,14.4,3.7,4.2,95.4,12.6,60.4,6.0,Low Risk,87.2,Strong,Monitor,Low,No action threshold triggered; continue monitoring.
P1003,Website,Snake Brand,Body Care,General / Uncategorized,General Product,Merchant Fulfilled,<500,Out of Stock / 0,Unmapped,Unmapped,11.2,24.3,6.0,2.0,4.4,108.2,14.2,65.0,3.1,Low Risk,95.6,Strong,Monitor,Low,No action threshold triggered; continue monitoring.
P1248,Website,Watsons,Skin Care,Lip Care,Lip Care,Merchant Fulfilled,<500,Out of Stock / 0,Unmapped,Unmapped,11.2,22.0,6.2,5.9,3.9,104.8,13.7,64.6,3.5,Low Risk,91.6,Strong,Monitor,Low,No action threshold triggered; continue monitoring.
P1254,JioMart,Watsons,Oral Care,Dental Floss,Dental Floss,Merchant Fulfilled,<500,Out of Stock / 0,Unmapped,Unmapped,11.2,22.0,12.6,2.5,4.6,95.9,13.1,61.2,5.3,Low Risk,89.4,Strong,Monitor,Low,No action threshold triggered; continue monitoring.
P0476,Website,Listerine,Oral Care,Mouthwash,Mouthwash,Merchant Fulfilled,500-999,Out of Stock / 0,Unmapped,Unmapped,11.2,20.0,6.0,9.3,4.4,99.1,13.1,62.7,3.6,Low Risk,89.5,Strong,Monitor,Low,No action threshold triggered; continue monitoring.
P1035,Meesho,Sunsilk,Hair Care,Shampoo,Shampoo,Merchant Fulfilled,<500,High / 16-50,Unmapped,Unmapped,11.1,28.4,14.8,6.4,3.1,94.2,12.2,59.5,6.2,Low Risk,86.2,Strong,Monitor,Low,No action threshold triggered; continue monitoring.
P1032,Meesho,Sunsilk,Hair Care,Shampoo,Shampoo,Merchant Fulfilled,<500,High / 16-50,Unmapped,Unmapped,11.1,28.2,14.3,3.5,3.4,97.9,12.7,61.5,5.9,Low Risk,87.8,Strong,Monitor,Low,No action threshold triggered; continue monitoring.
P1039,JioMart,Sunsilk,Hair Care,Conditioner / Treatment / Mask,Hair Conditioner & Treatment,Merchant Fulfilled,<500,Out of Stock / 0,Unmapped,Unmapped,11.1,23.1,12.0,1.1,4.6,98.7,13.2,62.6,5.1,Low Risk,92.0,Strong,Monitor,Low,No action threshold triggered; continue monitoring.
P0944,JioMart,SHIVAMAX,Health & Wellness,Herbal Inhaler,Herbal Inhaler,Merchant Fulfilled,<500,Out of Stock / 0,Unmapped,Unmapped,11.1,22.0,12.1,3.6,4.3,97.7,12.9,61.8,5.1,Low Risk,91.7,Strong,Monitor,Low,No action threshold triggered; continue monitoring.
P1033,Website,Sunsilk,Hair Care,Conditioner / Treatment / Mask,Hair Conditioner & Treatment,Merchant Fulfilled,<500,Out of Stock / 0,Unmapped,Unmapped,11.1,21.6,5.8,0.0,4.4,108.2,14.5,65.3,2.8,Low Risk,98.7,Strong,Monitor,Low,No action threshold triggered; continue monitoring.
P0931,JioMart,SHIVAMAX,Electronics & Travel Accessories,General / Uncategorized,General Product,Merchant Fulfilled,<500,Out of Stock / 0,Unmapped,Unmapped,11.1,18.2,11.8,4.7,3.3,94.9,12.9,60.7,4.9,Low Risk,89.2,Strong,Monitor,Low,No action threshold triggered; continue monitoring.
P0170,JioMart,Colgate,Oral Care,Toothpaste,Toothpaste,Merchant Fulfilled,<500,Low / 3-5,Unmapped,Unmapped,11.0,21.6,12.0,3.7,4.4,96.0,12.8,61.1,5.2,Low Risk,89.8,Strong,Monitor,Low,No action threshold triggered; continue monitoring.
P0278,JioMart,Dove,Hair Care,Shampoo,Shampoo,Merchant Fulfilled,<500,Out of Stock / 0,Unmapped,Unmapped,11.0,21.6,12.4,6.2,4.5,93.3,12.2,59.4,5.5,Low Risk,87.3,Strong,Monitor,Low,No action threshold triggered; continue monitoring.
P1249,Meesho,Watsons,Oral Care,Dental Floss Picks,Floss Picks,Merchant Fulfilled,<500,Out of Stock / 0,Unmapped,Unmapped,10.9,31.6,14.7,4.0,4.4,95.1,12.2,60.0,6.3,Low Risk,85.5,Strong,Monitor,Low,No action threshold triggered; continue monitoring.
P1251,Meesho,Watsons,Oral Care,Dental Floss Picks,Floss Picks,Merchant Fulfilled,<500,Out of Stock / 0,Unmapped,Unmapped,10.9,31.6,14.9,4.7,3.6,96.8,12.1,60.6,6.2,Low Risk,87.0,Strong,Monitor,Low,No action threshold triggered; continue monitoring.
P0308,JioMart,Dove,Hair Care,General / Uncategorized,General Product,Merchant Fulfilled,<500,Out of Stock / 0,Unmapped,Unmapped,10.8,21.4,11.9,0.0,4.1,99.0,13.2,62.9,4.8,Low Risk,93.6,Strong,Monitor,Low,No action threshold triggered; continue monitoring.
P0917,Flipkart,SHIVAMAX,Home & Kitchen,Adhesive Hooks,Adhesive Hooks,Merchant Fulfilled,<500,Low / 3-5,Unmapped,Unmapped,10.7,34.7,17.5,4.9,4.1,93.9,11.4,58.7,7.1,Low Risk,84.8,Strong,Monitor,Low,No action threshold triggered; continue monitoring.
P0758,Website,Sasi,Lip,Sunscreen,Sunscreen,Merchant Fulfilled,<500,Very Low / 1-2,Unmapped,Unmapped,10.7,21.0,6.4,4.9,4.6,104.1,13.1,64.4,3.5,Low Risk,92.2,Strong,Monitor,Low,No action threshold triggered; continue monitoring.
P0476,JioMart,Listerine,Oral Care,Mouthwash,Mouthwash,Merchant Fulfilled,500-999,Out of Stock / 0,Unmapped,Unmapped,10.7,19.4,11.7,2.6,4.1,98.5,12.6,62.2,5.0,Low Risk,91.9,Strong,Monitor,Low,No action threshold triggered; continue monitoring.
P0927,Flipkart,SHIVAMAX,Home & Kitchen,Adhesive Hooks,Adhesive Hooks,Merchant Fulfilled,<500,Medium / 6-15,Unmapped,Unmapped,10.6,41.0,17.8,0.9,3.8,97.8,12.0,61.0,7.0,Low Risk,88.4,Strong,Monitor,Low,No action threshold triggered; continue monitoring.
P0915,Meesho,SHIVAMAX,Health & Wellness,Herbal Inhaler,Herbal Inhaler,Merchant Fulfilled,<500,Medium / 6-15,Unmapped,Unmapped,10.6,35.9,15.6,7.2,4.2,93.7,11.2,58.6,6.7,Low Risk,84.2,Strong,Monitor,Low,No action threshold triggered; continue monitoring.
P1164,Meesho,Wangprom,Health & Wellness,Herbal Inhaler,Herbal Inhaler,Merchant Fulfilled,<500,Out of Stock / 0,Unmapped,Unmapped,10.6,26.9,14.6,6.0,3.7,94.3,11.6,59.3,6.1,Low Risk,88.0,Strong,Monitor,Low,No action threshold triggered; continue monitoring.
P0770,Meesho,Sasi,Skin Care,General / Uncategorized,General Product,Merchant Fulfilled,<500,Medium / 6-15,Unmapped,Unmapped,10.6,23.9,14.3,6.4,3.6,94.1,11.7,59.3,5.8,Low Risk,88.7,Strong,Monitor,Low,No action threshold triggered; continue monitoring.
P0170,Website,Colgate,Oral Care,Toothpaste,Toothpaste,Merchant Fulfilled,<500,Low / 3-5,Unmapped,Unmapped,10.6,20.8,6.5,6.1,4.2,103.3,12.9,64.1,3.4,Low Risk,92.4,Strong,Monitor,Low,No action threshold triggered; continue monitoring.
P1026,Meesho,Sunsilk,Hair Care,Conditioner / Treatment / Mask,Hair Conditioner & Treatment,Merchant Fulfilled,<500,Low / 3-5,Unmapped,Unmapped,10.5,27.3,14.4,2.9,3.9,98.4,12.1,61.5,5.9,Low Risk,89.8,Strong,Monitor,Low,No action threshold triggered; continue monitoring.
P0262,Website,Dove,Hair Care,Hair Oil / Serum,Hair Oil & Serum,Merchant Fulfilled,<500,Out of Stock / 0,Unmapped,Unmapped,10.5,20.4,5.8,4.0,4.2,105.7,13.1,64.5,3.1,Low Risk,94.2,Strong,Monitor,Low,No action threshold triggered; continue monitoring.
P0679,Meesho,Poy Sian,Health & Wellness,Herbal Inhaler,Herbal Inhaler,Merchant Fulfilled,<500,Medium / 6-15,Unmapped,Unmapped,10.4,26.3,14.4,3.7,4.1,95.3,11.7,60.0,5.9,Low Risk,89.2,Strong,Monitor,Low,No action threshold triggered; continue monitoring.
P1218,Meesho,Watsons,Oral Care,Dental Floss Picks,Floss Picks,Merchant Fulfilled,<500,Low / 3-5,Unmapped,Unmapped,10.3,29.8,14.4,7.2,4.5,94.5,11.1,59.0,6.1,Low Risk,87.4,Strong,Monitor,Low,No action threshold triggered; continue monitoring.
P0890,JioMart,SHIVAMAX,Health & Wellness,Herbal Inhaler,Herbal Inhaler,Merchant Fulfilled,<500,Medium / 6-15,Unmapped,Unmapped,10.3,20.4,12.2,7.5,4.2,92.4,11.4,58.6,5.6,Low Risk,85.0,Strong,Monitor,Low,No action threshold triggered; continue monitoring.
P1185,Website,Watsons,Oral Care,Dental Floss Picks,Floss Picks,Merchant Fulfilled,<500,Low / 3-5,Unmapped,Unmapped,10.3,19.2,6.3,9.0,3.9,100.6,12.1,62.8,3.7,Low Risk,88.4,Strong,Monitor,Low,No action threshold triggered; continue monitoring.
P0427,Meesho,Kaowmanee,Skin Care,General / Uncategorized,General Product,Merchant Fulfilled,<500,Out of Stock / 0,Unmapped,Unmapped,10.2,29.0,15.1,2.8,4.3,97.0,11.5,60.6,6.2,Low Risk,88.0,Strong,Monitor,Low,No action threshold triggered; continue monitoring.
P1185,JioMart,Watsons,Oral Care,Dental Floss Picks,Floss Picks,Merchant Fulfilled,<500,Low / 3-5,Unmapped,Unmapped,10.2,19.2,12.8,8.4,4.1,91.7,11.0,58.0,5.6,Low Risk,86.3,Strong,Monitor,Low,No action threshold triggered; continue monitoring.
P0758,JioMart,Sasi,Lip,Sunscreen,Sunscreen,Merchant Fulfilled,<500,Very Low / 1-2,Unmapped,Unmapped,10.0,19.6,12.2,1.0,3.9,100.0,12.0,62.7,5.0,Low Risk,92.5,Strong,Monitor,Low,No action threshold triggered; continue monitoring.
P0840,JioMart,SHIVAMAX,Home & Kitchen,Adhesive Hooks,Adhesive Hooks,Merchant Fulfilled,<500,Out of Stock / 0,Unmapped,Unmapped,10.0,19.6,12.4,6.8,3.8,95.0,11.1,59.6,5.5,Low Risk,87.5,Strong,Monitor,Low,No action threshold triggered; continue monitoring.
P0308,Website,Dove,Hair Care,General / Uncategorized,General Product,Merchant Fulfilled,<500,Out of Stock / 0,Unmapped,Unmapped,10.0,19.4,6.3,1.6,4.4,105.1,12.8,64.5,3.2,Low Risk,95.8,Strong,Monitor,Low,No action threshold triggered; continue monitoring.
P0770,JioMart,Sasi,Skin Care,General / Uncategorized,General Product,Merchant Fulfilled,<500,Medium / 6-15,Unmapped,Unmapped,9.9,21.6,12.7,5.7,4.0,95.5,11.2,59.9,5.4,Low Risk,89.2,Strong,Monitor,Low,No action threshold triggered; continue monitoring.
P0225,Website,Colgate,Oral Care,Toothpaste,Toothpaste,Merchant Fulfilled,<500,Out of Stock / 0,Unmapped,Unmapped,9.9,20.6,6.4,6.1,4.1,103.6,12.0,63.8,3.5,Low Risk,92.0,Strong,Monitor,Low,No action threshold triggered; continue monitoring.
P0890,Website,SHIVAMAX,Health & Wellness,Herbal Inhaler,Herbal Inhaler,Merchant Fulfilled,<500,Medium / 6-15,Unmapped,Unmapped,9.8,19.0,6.0,9.2,4.9,100.0,11.3,62.3,3.6,Low Risk,89.1,Strong,Monitor,Low,No action threshold triggered; continue monitoring.
P1072,Meesho,Tiger Balm,Health & Wellness,Herbal Inhaler,Herbal Inhaler,Merchant Fulfilled,<500,High / 16-50,Unmapped,Unmapped,9.7,28.2,15.3,5.9,4.0,91.9,10.5,57.8,6.4,Low Risk,84.8,Strong,Monitor,Low,No action threshold triggered; continue monitoring.
P0557,JioMart,Oral-B,Oral Care,Dental Floss,Dental Floss,Merchant Fulfilled,<500,High / 16-50,Unmapped,Unmapped,9.7,20.0,11.9,3.5,3.9,98.0,11.4,61.4,5.1,Low Risk,89.7,Strong,Monitor,Low,No action threshold triggered; continue monitoring.
P0259,Website,Dove,Hair Care,General / Uncategorized,General Product,Merchant Fulfilled,<500,Very High / 51+,Unmapped,Unmapped,9.7,19.8,5.8,4.5,3.7,105.3,12.1,64.1,3.3,Low Risk,92.2,Strong,Monitor,Low,No action threshold triggered; continue monitoring.
P1099,JioMart,Tros,Body Care,Deodorant / Body Spray,Deodorant & Body Spray,Merchant Fulfilled,<500,Out of Stock / 0,Unmapped,Unmapped,9.7,19.4,12.3,2.9,2.8,100.1,11.6,62.4,5.0,Low Risk,92.0,Strong,Monitor,Low,No action threshold triggered; continue monitoring.
P0944,Website,SHIVAMAX,Health & Wellness,Herbal Inhaler,Herbal Inhaler,Merchant Fulfilled,<500,Out of Stock / 0,Unmapped,Unmapped,9.7,19.0,6.5,5.0,4.5,104.4,11.9,63.9,3.5,Low Risk,92.6,Strong,Monitor,Low,No action threshold triggered; continue monitoring.
P1100,Website,Tros,Body Care,Deodorant / Body Spray,Deodorant & Body Spray,Merchant Fulfilled,<500,Very Low / 1-2,Unmapped,Unmapped,9.7,18.8,5.8,1.9,3.3,108.1,12.5,64.4,3.0,Low Risk,94.5,Strong,Monitor,Low,No action threshold triggered; continue monitoring.
P1196,JioMart,Watsons,Oral Care,Dental Floss Picks,Floss Picks,Merchant Fulfilled,<500,Very Low / 1-2,Unmapped,Unmapped,9.7,18.2,12.4,4.6,4.8,94.2,11.0,59.4,5.6,Low Risk,85.8,Strong,Monitor,Low,No action threshold triggered; continue monitoring.
P1190,Website,Watsons,Oral Care,Dental Floss,Dental Floss,Merchant Fulfilled,<500,Low / 3-5,Unmapped,Unmapped,9.7,18.0,5.9,4.1,3.1,106.6,12.2,64.2,3.2,Low Risk,92.9,Strong,Monitor,Low,No action threshold triggered; continue monitoring.
P0705,Website,Protex,Body Care,General / Uncategorized,General Product,Merchant Fulfilled,<500,Very Low / 1-2,Unmapped,Unmapped,9.6,20.8,6.1,2.3,4.0,107.4,12.2,64.2,3.0,Low Risk,94.5,Strong,Monitor,Low,No action threshold triggered; continue monitoring.
P0595,Website,Pantene,Hair Care,Conditioner / Treatment / Mask,Hair Conditioner & Treatment,Merchant Fulfilled,<500,Out of Stock / 0,Unmapped,Unmapped,9.6,18.6,5.7,6.1,4.1,103.8,11.7,63.9,3.3,Low Risk,91.2,Strong,Monitor,Low,No action threshold triggered; continue monitoring.
P0557,Website,Oral-B,Oral Care,Dental Floss,Dental Floss,Merchant Fulfilled,<500,High / 16-50,Unmapped,Unmapped,9.5,19.4,6.2,6.9,4.6,101.8,11.3,63.0,3.5,Low Risk,91.0,Strong,Monitor,Low,No action threshold triggered; continue monitoring.
P0024,JioMart,AR,Skin Care,General / Uncategorized,General Product,Merchant Fulfilled,<500,Out of Stock / 0,Unmapped,Unmapped,9.5,19.0,12.4,4.7,3.7,96.1,10.9,60.2,5.5,Low Risk,86.6,Strong,Monitor,Low,No action threshold triggered; continue monitoring.
P1248,JioMart,Watsons,Skin Care,Lip Care,Lip Care,Merchant Fulfilled,<500,Out of Stock / 0,Unmapped,Unmapped,9.5,18.8,11.8,2.6,3.9,100.6,11.3,62.4,4.9,Low Risk,93.1,Strong,Monitor,Low,No action threshold triggered; continue monitoring.
P1070,Meesho,Tiger Balm,Health & Wellness,Herbal Inhaler,Herbal Inhaler,Merchant Fulfilled,<500,Medium / 6-15,Unmapped,Unmapped,9.4,27.1,14.6,4.0,4.1,97.4,10.5,60.3,6.0,Low Risk,88.9,Strong,Monitor,Low,No action threshold triggered; continue monitoring.
P0257,Website,Dove,Hair Care,General / Uncategorized,General Product,Merchant Fulfilled,<500,Low / 3-5,Unmapped,Unmapped,9.4,20.4,6.1,4.9,4.6,104.4,11.5,63.8,3.3,Low Risk,94.3,Strong,Monitor,Low,No action threshold triggered; continue monitoring.
P0253,JioMart,Dove,Hair Care,General / Uncategorized,General Product,Merchant Fulfilled,<500,Out of Stock / 0,Unmapped,Unmapped,9.4,18.6,12.4,5.5,4.2,93.2,10.6,58.8,5.5,Low Risk,85.5,Strong,Monitor,Low,No action threshold triggered; continue monitoring.
P0270,Website,Dove,Hair Care,Hair Oil / Serum,Hair Oil & Serum,Merchant Fulfilled,<500,Very High / 51+,Unmapped,Unmapped,9.4,18.4,6.5,7.3,4.4,102.9,11.2,63.1,3.6,Low Risk,91.8,Strong,Monitor,Low,No action threshold triggered; continue monitoring.
P1112,Website,Vaseline,Body Care,Deodorant / Body Spray,Deodorant & Body Spray,Merchant Fulfilled,<500,Very Low / 1-2,Unmapped,Unmapped,9.4,18.0,5.9,5.0,3.6,105.2,11.6,63.9,3.1,Low Risk,94.1,Strong,Monitor,Low,No action threshold triggered; continue monitoring.
P0212,JioMart,Colgate,Oral Care,Toothpaste,Toothpaste,Merchant Fulfilled,500-999,Out of Stock / 0,Unmapped,Unmapped,9.4,17.1,12.0,4.0,4.7,95.0,10.8,59.8,5.2,Low Risk,88.1,Strong,Monitor,Low,No action threshold triggered; continue monitoring.
P0261,JioMart,Dove,Hair Care,General / Uncategorized,General Product,Merchant Fulfilled,<500,Very High / 51+,Unmapped,Unmapped,9.3,18.4,12.5,5.2,3.8,98.4,10.6,61.0,5.5,Low Risk,87.9,Strong,Monitor,Low,No action threshold triggered; continue monitoring.
P0763,JioMart,Sasi,Lip,Lip Care,Lip Care,Merchant Fulfilled,<500,Medium / 6-15,Unmapped,Unmapped,9.3,18.4,12.5,5.1,3.9,95.1,10.6,59.6,5.3,Low Risk,89.2,Strong,Monitor,Low,No action threshold triggered; continue monitoring.
P1190,JioMart,Watsons,Oral Care,Dental Floss,Dental Floss,Merchant Fulfilled,<500,Low / 3-5,Unmapped,Unmapped,9.3,17.3,11.9,1.3,4.1,98.9,11.1,61.9,5.0,Low Risk,91.1,Strong,Monitor,Low,No action threshold triggered; continue monitoring.
P1200,Meesho,Watsons,Oral Care,Dental Floss,Dental Floss,Merchant Fulfilled,<500,Low / 3-5,Unmapped,Unmapped,9.2,26.7,14.7,4.1,3.8,96.0,10.3,59.7,6.1,Low Risk,87.1,Strong,Monitor,Low,No action threshold triggered; continue monitoring.
P1041,Website,Sunsilk,Hair Care,Shampoo,Shampoo,Merchant Fulfilled,<500,Out of Stock / 0,Unmapped,Unmapped,9.2,22.7,6.9,8.0,4.2,103.2,10.9,63.0,3.8,Low Risk,89.4,Strong,Monitor,Low,No action threshold triggered; continue monitoring.
P0259,JioMart,Dove,Hair Care,General / Uncategorized,General Product,Merchant Fulfilled,<500,Very High / 51+,Unmapped,Unmapped,9.2,19.2,12.4,6.6,4.4,92.2,10.3,58.2,5.4,Low Risk,87.1,Strong,Monitor,Low,No action threshold triggered; continue monitoring.
P0271,Website,Dove,Hair Care,General / Uncategorized,General Product,Merchant Fulfilled,<500,Out of Stock / 0,Unmapped,Unmapped,9.2,18.0,6.0,2.0,4.2,107.5,11.7,64.0,3.2,Low Risk,94.9,Strong,Monitor,Low,No action threshold triggered; continue monitoring.
P0598,Website,Pantene,Hair Care,General / Uncategorized,General Product,Merchant Fulfilled,<500,Out of Stock / 0,Unmapped,Unmapped,9.2,18.0,6.2,2.6,3.6,106.1,11.7,64.0,3.0,Low Risk,94.8,Strong,Monitor,Low,No action threshold triggered; continue monitoring.
P1214,Meesho,Watsons,Oral Care,Dental Floss Picks,Floss Picks,Merchant Fulfilled,<500,Very Low / 1-2,Unmapped,Unmapped,9.1,26.3,15.1,4.6,4.3,94.9,10.0,59.0,6.4,Low Risk,86.0,Strong,Monitor,Low,No action threshold triggered; continue monitoring.
P1032,Website,Sunsilk,Hair Care,Shampoo,Shampoo,Merchant Fulfilled,<500,High / 16-50,Unmapped,Unmapped,9.1,22.2,6.5,0.7,3.7,109.4,11.8,64.1,3.0,Low Risk,97.1,Strong,Monitor,Low,No action threshold triggered; continue monitoring.
P0840,Website,SHIVAMAX,Home & Kitchen,Adhesive Hooks,Adhesive Hooks,Merchant Fulfilled,<500,Out of Stock / 0,Unmapped,Unmapped,9.1,18.0,6.5,4.2,4.4,105.1,11.3,63.7,3.3,Low Risk,93.7,Strong,Monitor,Low,No action threshold triggered; continue monitoring.
P1099,Website,Tros,Body Care,Deodorant / Body Spray,Deodorant & Body Spray,Merchant Fulfilled,<500,Out of Stock / 0,Unmapped,Unmapped,9.1,17.8,5.9,2.6,3.4,106.9,11.6,64.0,2.9,Low Risk,95.0,Strong,Monitor,Low,No action threshold triggered; continue monitoring.
P0536,Meesho,NOVOLIFE,Health & Wellness,Herbal Inhaler,Herbal Inhaler,Merchant Fulfilled,<500,Very Low / 1-2,Unmapped,Unmapped,9.0,30.4,16.0,8.4,3.4,93.7,9.4,57.8,6.7,Low Risk,84.3,Strong,Monitor,Low,No action threshold triggered; continue monitoring.
P0233,Website,Counterpain,Health & Wellness,Pain Relief Balm,Pain Relief,Merchant Fulfilled,<500,Out of Stock / 0,Unmapped,Unmapped,9.0,19.6,6.2,4.6,4.4,105.9,11.1,63.6,3.2,Low Risk,94.4,Strong,Monitor,Low,No action threshold triggered; continue monitoring.
P1100,JioMart,Tros,Body Care,Deodorant / Body Spray,Deodorant & Body Spray,Merchant Fulfilled,<500,Very Low / 1-2,Unmapped,Unmapped,9.0,17.8,11.6,2.6,3.3,100.0,10.8,62.1,5.0,Low Risk,90.8,Strong,Monitor,Low,No action threshold triggered; continue monitoring.
P0705,JioMart,Protex,Body Care,General / Uncategorized,General Product,Merchant Fulfilled,<500,Very Low / 1-2,Unmapped,Unmapped,8.9,19.6,11.7,1.8,3.7,99.4,10.7,61.9,5.0,Low Risk,91.9,Strong,Monitor,Low,No action threshold triggered; continue monitoring.
P0233,JioMart,Counterpain,Health & Wellness,Pain Relief Balm,Pain Relief,Merchant Fulfilled,<500,Out of Stock / 0,Unmapped,Unmapped,8.9,19.4,12.2,6.0,3.9,96.6,10.1,60.0,5.4,Low Risk,88.3,Strong,Monitor,Low,No action threshold triggered; continue monitoring.
P0225,JioMart,Colgate,Oral Care,Toothpaste,Toothpaste,Merchant Fulfilled,<500,Out of Stock / 0,Unmapped,Unmapped,8.9,18.6,11.9,3.8,4.1,97.9,10.4,60.9,5.1,Low Risk,90.7,Strong,Monitor,Low,No action threshold triggered; continue monitoring.
P1039,Website,Sunsilk,Hair Care,Conditioner / Treatment / Mask,Hair Conditioner & Treatment,Merchant Fulfilled,<500,Out of Stock / 0,Unmapped,Unmapped,8.9,18.2,6.2,5.9,4.5,102.5,10.7,63.0,3.4,Low Risk,90.7,Strong,Monitor,Low,No action threshold triggered; continue monitoring.
P0270,JioMart,Dove,Hair Care,Hair Oil / Serum,Hair Oil & Serum,Merchant Fulfilled,<500,Very High / 51+,Unmapped,Unmapped,8.9,17.6,12.5,7.3,4.3,95.9,9.8,59.4,5.6,Low Risk,86.9,Strong,Monitor,Low,No action threshold triggered; continue monitoring.
P0531,Website,NEXCARE,Skin Care,General / Uncategorized,General Product,Merchant Fulfilled,<500,Medium / 6-15,Unmapped,Unmapped,8.9,17.3,6.1,3.5,4.7,104.8,11.1,63.7,3.4,Low Risk,93.5,Strong,Monitor,Low,No action threshold triggered; continue monitoring.
P1254,Website,Watsons,Oral Care,Dental Floss,Dental Floss,Merchant Fulfilled,<500,Out of Stock / 0,Unmapped,Unmapped,8.9,17.1,6.2,2.2,4.2,107.0,11.3,63.8,3.1,Low Risk,96.0,Strong,Monitor,Low,No action threshold triggered; continue monitoring.
P0595,JioMart,Pantene,Hair Care,Conditioner / Treatment / Mask,Hair Conditioner & Treatment,Merchant Fulfilled,<500,Out of Stock / 0,Unmapped,Unmapped,8.7,16.9,12.0,4.6,3.7,96.5,10.0,60.1,5.2,Low Risk,88.0,Strong,Monitor,Low,No action threshold triggered; continue monitoring.
P1112,JioMart,Vaseline,Body Care,Deodorant / Body Spray,Deodorant & Body Spray,Merchant Fulfilled,<500,Very Low / 1-2,Unmapped,Unmapped,8.7,16.9,12.1,2.4,4.1,98.7,10.3,61.3,5.1,Low Risk,90.5,Strong,Monitor,Low,No action threshold triggered; continue monitoring.
P0706,JioMart,Protex,Body Care,General / Uncategorized,General Product,Merchant Fulfilled,<500,Out of Stock / 0,Unmapped,Unmapped,8.6,18.8,12.4,6.2,4.4,93.2,9.6,58.3,5.5,Low Risk,86.6,Strong,Monitor,Low,No action threshold triggered; continue monitoring.
P1033,JioMart,Sunsilk,Hair Care,Conditioner / Treatment / Mask,Hair Conditioner & Treatment,Merchant Fulfilled,<500,Out of Stock / 0,Unmapped,Unmapped,8.6,16.9,12.4,5.5,3.5,97.2,9.8,60.2,5.3,Low Risk,88.7,Strong,Monitor,Low,No action threshold triggered; continue monitoring.
P0257,JioMart,Dove,Hair Care,General / Uncategorized,General Product,Merchant Fulfilled,<500,Low / 3-5,Unmapped,Unmapped,8.5,18.8,12.4,5.6,3.9,93.8,9.7,58.7,5.3,Low Risk,88.0,Strong,Monitor,Low,No action threshold triggered; continue monitoring.
P0261,Website,Dove,Hair Care,General / Uncategorized,General Product,Merchant Fulfilled,<500,Very High / 51+,Unmapped,Unmapped,8.5,16.5,6.1,3.7,4.1,105.9,10.6,63.5,3.1,Low Risk,94.2,Strong,Monitor,Low,No action threshold triggered; continue monitoring.
P1071,Meesho,Tiger Balm,Health & Wellness,Herbal Inhaler,Herbal Inhaler,Merchant Fulfilled,<500,High / 16-50,Unmapped,Unmapped,8.4,24.3,14.8,4.3,3.7,97.5,9.4,59.9,6.1,Low Risk,88.1,Strong,Monitor,Low,No action threshold triggered; continue monitoring.
P1029,JioMart,Sunsilk,Hair Care,Shampoo,Shampoo,Merchant Fulfilled,<500,High / 16-50,Unmapped,Unmapped,8.4,20.8,13.0,3.9,3.2,98.7,9.8,60.8,5.4,Low Risk,91.0,Strong,Monitor,Low,No action threshold triggered; continue monitoring.
P1052,JioMart,Sunsilk,Hair Care,Shampoo,Shampoo,Merchant Fulfilled,<500,Out of Stock / 0,Unmapped,Unmapped,8.4,20.4,12.6,6.4,4.1,94.1,9.4,58.6,5.6,Low Risk,85.5,Strong,Monitor,Low,No action threshold triggered; continue monitoring.
P0868,JioMart,SHIVAMAX,Home & Kitchen,General / Uncategorized,General Product,Merchant Fulfilled,<500,Medium / 6-15,Unmapped,Unmapped,8.4,19.6,12.7,4.3,4.5,97.0,9.6,60.0,5.6,Low Risk,88.4,Strong,Monitor,Low,No action threshold triggered; continue monitoring.
P0262,JioMart,Dove,Hair Care,Hair Oil / Serum,Hair Oil & Serum,Merchant Fulfilled,<500,Out of Stock / 0,Unmapped,Unmapped,8.4,16.3,12.2,9.3,4.3,91.3,9.1,57.1,5.4,Low Risk,86.2,Strong,Monitor,Low,No action threshold triggered; continue monitoring.
P0932,Meesho,SHIVAMAX,Electronics & Travel Accessories,Travel Adapter,Travel Adapter,Merchant Fulfilled,<500,Very High / 51+,Unmapped,Unmapped,8.3,27.8,15.1,3.9,4.0,94.9,9.2,58.7,6.3,Low Risk,86.1,Strong,Monitor,Low,No action threshold triggered; continue monitoring.
P0475,JioMart,Listerine,Oral Care,Mouthwash,Mouthwash,Merchant Fulfilled,<500,Low / 3-5,Unmapped,Unmapped,8.3,20.6,12.2,6.4,3.6,95.5,9.4,59.2,5.4,Low Risk,87.1,Strong,Monitor,Low,No action threshold triggered; continue monitoring.
P1026,JioMart,Sunsilk,Hair Care,Conditioner / Treatment / Mask,Hair Conditioner & Treatment,Merchant Fulfilled,<500,Low / 3-5,Unmapped,Unmapped,8.2,20.6,12.7,5.1,3.8,96.6,9.3,59.7,5.4,Low Risk,89.4,Strong,Monitor,Low,No action threshold triggered; continue monitoring.
P0720,JioMart,Protex,Body Care,General / Uncategorized,General Product,Merchant Fulfilled,<500,Very Low / 1-2,Unmapped,Unmapped,8.2,20.2,12.1,2.1,3.9,99.8,9.8,61.6,5.1,Low Risk,91.3,Strong,Monitor,Low,No action threshold triggered; continue monitoring.
P1164,JioMart,Wangprom,Health & Wellness,Herbal Inhaler,Herbal Inhaler,Merchant Fulfilled,<500,Out of Stock / 0,Unmapped,Unmapped,8.2,20.2,12.5,10.6,4.0,92.0,8.7,57.0,5.8,Low Risk,84.3,Strong,Monitor,Low,No action threshold triggered; continue monitoring.
P0917,Meesho,SHIVAMAX,Home & Kitchen,Adhesive Hooks,Adhesive Hooks,Merchant Fulfilled,<500,Low / 3-5,Unmapped,Unmapped,8.1,27.3,15.4,6.1,3.8,95.1,8.8,58.4,6.5,Low Risk,84.9,Strong,Monitor,Low,No action threshold triggered; continue monitoring.
P1035,Website,Sunsilk,Hair Care,Shampoo,Shampoo,Merchant Fulfilled,<500,High / 16-50,Unmapped,Unmapped,8.1,19.4,6.1,2.4,4.0,108.2,10.3,63.5,3.1,Low Risk,95.0,Strong,Monitor,Low,No action threshold triggered; continue monitoring.
P1038,JioMart,Sunsilk,Hair Care,Conditioner / Treatment / Mask,Hair Conditioner & Treatment,Merchant Fulfilled,<500,Out of Stock / 0,Unmapped,Unmapped,8.0,19.6,12.5,3.1,4.0,98.7,9.3,60.8,5.4,Low Risk,90.0,Strong,Monitor,Low,No action threshold triggered; continue monitoring.
P0868,Website,SHIVAMAX,Home & Kitchen,General / Uncategorized,General Product,Merchant Fulfilled,<500,Medium / 6-15,Unmapped,Unmapped,8.0,18.2,6.6,3.3,3.7,109.6,10.0,63.3,3.3,Low Risk,94.0,Strong,Monitor,Low,No action threshold triggered; continue monitoring.
P1035,JioMart,Sunsilk,Hair Care,Shampoo,Shampoo,Merchant Fulfilled,<500,High / 16-50,Unmapped,Unmapped,7.9,19.6,12.6,5.2,3.8,98.4,9.0,60.3,5.3,Low Risk,89.3,Strong,Monitor,Low,No action threshold triggered; continue monitoring.
P0720,Website,Protex,Body Care,General / Uncategorized,General Product,Merchant Fulfilled,<500,Very Low / 1-2,Unmapped,Unmapped,7.9,19.4,6.5,3.1,4.1,108.4,10.0,63.3,3.3,Low Risk,94.2,Strong,Monitor,Low,No action threshold triggered; continue monitoring.
P1052,Website,Sunsilk,Hair Care,Shampoo,Shampoo,Merchant Fulfilled,<500,Out of Stock / 0,Unmapped,Unmapped,7.9,19.4,5.8,3.1,4.1,106.6,10.0,63.3,3.1,Low Risk,94.4,Strong,Monitor,Low,No action threshold triggered; continue monitoring.
P1003,JioMart,Snake Brand,Body Care,General / Uncategorized,General Product,Merchant Fulfilled,<500,Out of Stock / 0,Unmapped,Unmapped,7.9,17.3,11.8,3.6,4.1,98.3,9.3,60.6,5.2,Low Risk,89.5,Strong,Monitor,Low,No action threshold triggered; continue monitoring.
P1032,JioMart,Sunsilk,Hair Care,Shampoo,Shampoo,Merchant Fulfilled,<500,High / 16-50,Unmapped,Unmapped,7.8,19.2,12.6,2.4,3.6,99.3,9.3,61.1,5.3,Low Risk,91.1,Strong,Monitor,Low,No action threshold triggered; continue monitoring.
P1164,Website,Wangprom,Health & Wellness,Herbal Inhaler,Herbal Inhaler,Merchant Fulfilled,<500,Out of Stock / 0,Unmapped,Unmapped,7.8,19.0,6.6,2.1,4.2,108.3,9.9,63.3,3.3,Low Risk,94.6,Strong,Monitor,Low,No action threshold triggered; continue monitoring.
P0770,Website,Sasi,Skin Care,General / Uncategorized,General Product,Merchant Fulfilled,<500,Medium / 6-15,Unmapped,Unmapped,7.8,16.9,6.4,3.9,4.2,105.6,9.7,63.1,3.5,Low Risk,92.2,Strong,Monitor,Low,No action threshold triggered; continue monitoring.
P0253,Website,Dove,Hair Care,General / Uncategorized,General Product,Merchant Fulfilled,<500,Out of Stock / 0,Unmapped,Unmapped,7.8,15.3,6.0,5.6,3.2,103.8,9.6,63.0,3.1,Low Risk,92.6,Strong,Monitor,Low,No action threshold triggered; continue monitoring.
P0427,Website,Kaowmanee,Skin Care,General / Uncategorized,General Product,Merchant Fulfilled,<500,Out of Stock / 0,Unmapped,Unmapped,7.7,20.8,7.0,7.0,3.9,103.1,9.2,62.4,3.8,Low Risk,89.4,Strong,Monitor,Low,No action threshold triggered; continue monitoring.
P0475,Website,Listerine,Oral Care,Mouthwash,Mouthwash,Merchant Fulfilled,<500,Low / 3-5,Unmapped,Unmapped,7.7,18.8,6.7,6.3,4.2,105.7,9.2,62.8,3.6,Low Risk,92.0,Strong,Monitor,Low,No action threshold triggered; continue monitoring.
P1038,Website,Sunsilk,Hair Care,Conditioner / Treatment / Mask,Hair Conditioner & Treatment,Merchant Fulfilled,<500,Out of Stock / 0,Unmapped,Unmapped,7.7,18.6,6.3,3.9,3.6,105.8,9.6,63.1,3.3,Low Risk,93.1,Strong,Monitor,Low,No action threshold triggered; continue monitoring.
P0531,JioMart,NEXCARE,Skin Care,General / Uncategorized,General Product,Merchant Fulfilled,<500,Medium / 6-15,Unmapped,Unmapped,7.7,15.1,12.0,5.3,4.5,95.5,8.7,59.0,5.2,Low Risk,89.7,Strong,Monitor,Low,No action threshold triggered; continue monitoring.
P1249,JioMart,Watsons,Oral Care,Dental Floss Picks,Floss Picks,Merchant Fulfilled,<500,Out of Stock / 0,Unmapped,Unmapped,7.5,21.0,12.3,1.8,4.6,99.0,8.9,60.9,5.3,Low Risk,92.0,Strong,Monitor,Low,No action threshold triggered; continue monitoring.
P1041,JioMart,Sunsilk,Hair Care,Shampoo,Shampoo,Merchant Fulfilled,<500,Out of Stock / 0,Unmapped,Unmapped,7.5,18.6,12.8,7.9,4.1,94.3,8.2,58.0,5.8,Low Risk,84.9,Strong,Monitor,Low,No action threshold triggered; continue monitoring.
P0706,Website,Protex,Body Care,General / Uncategorized,General Product,Merchant Fulfilled,<500,Out of Stock / 0,Unmapped,Unmapped,7.5,16.1,5.9,3.4,4.1,107.5,9.4,63.1,3.2,Low Risk,92.8,Strong,Monitor,Low,No action threshold triggered; continue monitoring.
P0555,Website,Oral-B,Oral Care,Dental Floss,Dental Floss,Merchant Fulfilled,<500,Medium / 6-15,Unmapped,Unmapped,7.5,14.7,6.0,5.3,3.4,106.7,9.3,62.9,3.2,Low Risk,93.4,Strong,Monitor,Low,No action threshold triggered; continue monitoring.
P0889,Meesho,SHIVAMAX,Health & Wellness,Herbal Inhaler,Herbal Inhaler,Merchant Fulfilled,<500,Very High / 51+,Unmapped,Unmapped,7.4,25.3,15.7,3.9,4.2,95.7,8.2,58.6,6.5,Low Risk,87.1,Strong,Monitor,Low,No action threshold triggered; continue monitoring.
P0917,Website,SHIVAMAX,Home & Kitchen,Adhesive Hooks,Adhesive Hooks,Merchant Fulfilled,<500,Low / 3-5,Unmapped,Unmapped,7.4,24.1,7.8,6.4,3.9,105.8,8.9,62.6,4.1,Low Risk,90.5,Strong,Monitor,Low,No action threshold triggered; continue monitoring.
P1251,Website,Watsons,Oral Care,Dental Floss Picks,Floss Picks,Merchant Fulfilled,<500,Out of Stock / 0,Unmapped,Unmapped,7.3,20.2,6.9,5.3,4.6,104.9,8.8,62.6,3.8,Low Risk,91.4,Strong,Monitor,Low,No action threshold triggered; continue monitoring.
P0679,Website,Poy Sian,Health & Wellness,Herbal Inhaler,Herbal Inhaler,Merchant Fulfilled,<500,Medium / 6-15,Unmapped,Unmapped,7.1,17.1,7.3,9.7,3.9,99.7,8.1,60.7,4.0,Low Risk,87.6,Strong,Monitor,Low,No action threshold triggered; continue monitoring.
P1029,Website,Sunsilk,Hair Care,Shampoo,Shampoo,Merchant Fulfilled,<500,High / 16-50,Unmapped,Unmapped,7.1,17.1,6.7,2.1,4.0,108.8,9.0,62.9,3.4,Low Risk,94.7,Strong,Monitor,Low,No action threshold triggered; continue monitoring.
P0278,Website,Dove,Hair Care,Shampoo,Shampoo,Merchant Fulfilled,<500,Out of Stock / 0,Unmapped,Unmapped,7.1,13.9,6.0,3.2,3.6,107.9,8.9,62.9,3.1,Low Risk,93.4,Strong,Monitor,Low,No action threshold triggered; continue monitoring.
P1026,Website,Sunsilk,Hair Care,Conditioner / Treatment / Mask,Hair Conditioner & Treatment,Merchant Fulfilled,<500,Low / 3-5,Unmapped,Unmapped,7.0,17.6,6.4,8.6,3.9,102.7,8.3,61.8,3.6,Low Risk,90.3,Strong,Monitor,Low,No action threshold triggered; continue monitoring.
P0536,Website,NOVOLIFE,Health & Wellness,Herbal Inhaler,Herbal Inhaler,Merchant Fulfilled,<500,Very Low / 1-2,Unmapped,Unmapped,6.9,22.2,7.0,8.5,3.8,102.3,8.1,61.6,3.9,Low Risk,88.4,Strong,Monitor,Low,No action threshold triggered; continue monitoring.
P1072,Website,Tiger Balm,Health & Wellness,Herbal Inhaler,Herbal Inhaler,Merchant Fulfilled,<500,High / 16-50,Unmapped,Unmapped,6.9,19.2,7.5,8.7,4.5,102.5,7.9,61.4,4.1,Low Risk,88.8,Strong,Monitor,Low,No action threshold triggered; continue monitoring.
P0915,JioMart,SHIVAMAX,Health & Wellness,Herbal Inhaler,Herbal Inhaler,Merchant Fulfilled,<500,Medium / 6-15,Unmapped,Unmapped,6.8,22.2,13.6,5.0,3.7,97.3,7.6,59.2,5.9,Low Risk,86.8,Strong,Monitor,Low,No action threshold triggered; continue monitoring.
P1251,JioMart,Watsons,Oral Care,Dental Floss Picks,Floss Picks,Merchant Fulfilled,<500,Out of Stock / 0,Unmapped,Unmapped,6.8,19.2,12.6,2.4,4.2,100.5,7.9,60.9,5.4,Low Risk,90.6,Strong,Monitor,Low,No action threshold triggered; continue monitoring.
P1072,JioMart,Tiger Balm,Health & Wellness,Herbal Inhaler,Herbal Inhaler,Merchant Fulfilled,<500,High / 16-50,Unmapped,Unmapped,6.8,19.0,13.5,5.2,3.4,97.3,7.7,59.2,5.6,Low Risk,89.8,Strong,Monitor,Low,No action threshold triggered; continue monitoring.
P0690,JioMart,Protex,Body Care,General / Uncategorized,General Product,Merchant Fulfilled,<500,Very Low / 1-2,Unmapped,Unmapped,6.8,16.7,12.7,3.5,4.1,99.8,7.9,60.6,5.4,Low Risk,89.6,Strong,Monitor,Low,No action threshold triggered; continue monitoring.
P0763,Website,Sasi,Lip,Lip Care,Lip Care,Merchant Fulfilled,<500,Medium / 6-15,Unmapped,Unmapped,6.8,13.3,5.5,2.9,3.7,106.7,8.7,62.8,2.8,Low Risk,95.2,Strong,Monitor,Low,No action threshold triggered; continue monitoring.
P1218,JioMart,Watsons,Oral Care,Dental Floss Picks,Floss Picks,Merchant Fulfilled,<500,Low / 3-5,Unmapped,Unmapped,6.7,19.0,12.9,3.4,3.9,98.9,7.8,60.2,5.4,Low Risk,89.8,Strong,Monitor,Low,No action threshold triggered; continue monitoring.
P1071,JioMart,Tiger Balm,Health & Wellness,Herbal Inhaler,Herbal Inhaler,Merchant Fulfilled,<500,High / 16-50,Unmapped,Unmapped,6.7,18.8,12.6,0.7,4.1,101.6,8.1,61.4,5.2,Low Risk,93.2,Strong,Monitor,Low,No action threshold triggered; continue monitoring.
P1214,Website,Watsons,Oral Care,Dental Floss Picks,Floss Picks,Merchant Fulfilled,<500,Very Low / 1-2,Unmapped,Unmapped,6.6,18.4,6.6,4.5,4.1,108.1,8.2,62.5,3.6,Low Risk,92.5,Strong,Monitor,Low,No action threshold triggered; continue monitoring.
P0427,JioMart,Kaowmanee,Skin Care,General / Uncategorized,General Product,Merchant Fulfilled,<500,Out of Stock / 0,Unmapped,Unmapped,6.6,18.0,12.7,8.0,3.3,93.9,7.3,57.5,5.5,Low Risk,86.4,Strong,Monitor,Low,No action threshold triggered; continue monitoring.
P0927,Meesho,SHIVAMAX,Home & Kitchen,Adhesive Hooks,Adhesive Hooks,Merchant Fulfilled,<500,Medium / 6-15,Unmapped,Unmapped,6.5,26.3,15.6,5.3,4.2,96.9,7.0,58.4,6.5,Low Risk,86.3,Strong,Monitor,Low,No action threshold triggered; continue monitoring.
P1070,Website,Tiger Balm,Health & Wellness,Herbal Inhaler,Herbal Inhaler,Merchant Fulfilled,<500,Medium / 6-15,Unmapped,Unmapped,6.5,18.0,6.4,5.3,4.1,108.0,7.9,62.3,3.4,Low Risk,92.9,Strong,Monitor,Low,No action threshold triggered; continue monitoring.
P0915,Website,SHIVAMAX,Health & Wellness,Herbal Inhaler,Herbal Inhaler,Merchant Fulfilled,<500,Medium / 6-15,Unmapped,Unmapped,6.4,21.0,7.7,6.1,4.3,105.3,7.7,62.1,4.0,Low Risk,91.3,Strong,Monitor,Low,No action threshold triggered; continue monitoring.
P1070,JioMart,Tiger Balm,Health & Wellness,Herbal Inhaler,Herbal Inhaler,Merchant Fulfilled,<500,Medium / 6-15,Unmapped,Unmapped,6.3,17.6,13.9,5.6,4.4,95.0,6.9,57.8,5.9,Low Risk,87.0,Strong,Monitor,Low,No action threshold triggered; continue monitoring.
P1071,Website,Tiger Balm,Health & Wellness,Herbal Inhaler,Herbal Inhaler,Merchant Fulfilled,<500,High / 16-50,Unmapped,Unmapped,6.3,17.6,7.7,7.2,3.5,105.6,7.4,62.0,3.8,Low Risk,90.5,Strong,Monitor,Low,No action threshold triggered; continue monitoring.
P1200,Website,Watsons,Oral Care,Dental Floss,Dental Floss,Merchant Fulfilled,<500,Low / 3-5,Unmapped,Unmapped,6.3,17.6,7.1,4.9,3.8,106.5,7.7,62.2,3.9,Low Risk,90.9,Strong,Monitor,Low,No action threshold triggered; continue monitoring.
P0917,JioMart,SHIVAMAX,Home & Kitchen,Adhesive Hooks,Adhesive Hooks,Merchant Fulfilled,<500,Low / 3-5,Unmapped,Unmapped,6.1,20.2,13.1,4.9,3.9,99.7,7.0,60.0,5.5,Low Risk,89.4,Strong,Monitor,Low,No action threshold triggered; continue monitoring.
P1200,JioMart,Watsons,Oral Care,Dental Floss,Dental Floss,Merchant Fulfilled,<500,Low / 3-5,Unmapped,Unmapped,6.1,17.1,13.1,5.3,3.4,97.5,6.9,59.0,5.6,Low Risk,88.3,Strong,Monitor,Low,No action threshold triggered; continue monitoring.
P1214,JioMart,Watsons,Oral Care,Dental Floss Picks,Floss Picks,Merchant Fulfilled,<500,Very Low / 1-2,Unmapped,Unmapped,6.1,17.1,12.9,3.7,3.7,99.3,7.1,60.0,5.4,Low Risk,90.5,Strong,Monitor,Low,No action threshold triggered; continue monitoring.
P1218,Website,Watsons,Oral Care,Dental Floss Picks,Floss Picks,Merchant Fulfilled,<500,Low / 3-5,Unmapped,Unmapped,6.1,17.1,5.7,0.8,3.9,112.2,8.0,62.6,2.8,Low Risk,97.4,Strong,Monitor,Low,No action threshold triggered; continue monitoring.
P0932,JioMart,SHIVAMAX,Electronics & Travel Accessories,Travel Adapter,Travel Adapter,Merchant Fulfilled,<500,Very High / 51+,Unmapped,Unmapped,6.0,19.6,12.7,0.5,4.1,100.5,7.2,60.8,5.2,Low Risk,92.0,Strong,Monitor,Low,No action threshold triggered; continue monitoring.
P1249,Website,Watsons,Oral Care,Dental Floss Picks,Floss Picks,Merchant Fulfilled,<500,Out of Stock / 0,Unmapped,Unmapped,6.0,16.7,7.1,5.6,4.7,106.8,7.2,62.0,3.8,Low Risk,92.4,Strong,Monitor,Low,No action threshold triggered; continue monitoring.
P0889,Website,SHIVAMAX,Health & Wellness,Herbal Inhaler,Herbal Inhaler,Merchant Fulfilled,<500,Very High / 51+,Unmapped,Unmapped,5.9,19.2,7.0,6.5,4.4,107.2,7.0,61.9,3.4,Low Risk,93.5,Strong,Monitor,Low,No action threshold triggered; continue monitoring.
P0679,JioMart,Poy Sian,Health & Wellness,Herbal Inhaler,Herbal Inhaler,Merchant Fulfilled,<500,Medium / 6-15,Unmapped,Unmapped,5.8,14.1,11.9,3.9,3.6,98.9,6.8,59.9,5.2,Low Risk,88.7,Strong,Monitor,Low,No action threshold triggered; continue monitoring.
P0927,Website,SHIVAMAX,Home & Kitchen,Adhesive Hooks,Adhesive Hooks,Merchant Fulfilled,<500,Medium / 6-15,Unmapped,Unmapped,5.7,22.4,8.4,8.9,4.4,107.0,6.5,61.4,4.5,Low Risk,88.0,Strong,Monitor,Low,No action threshold triggered; continue monitoring.
P0690,Website,Protex,Body Care,General / Uncategorized,General Product,Merchant Fulfilled,<500,Very Low / 1-2,Unmapped,Unmapped,5.6,13.5,6.6,10.7,3.1,104.0,6.5,61.2,4.0,Low Risk,86.0,Strong,Monitor,Low,No action threshold triggered; continue monitoring.
P0932,Website,SHIVAMAX,Electronics & Travel Accessories,Travel Adapter,Travel Adapter,Merchant Fulfilled,<500,Very High / 51+,Unmapped,Unmapped,5.3,17.3,6.5,1.1,4.9,112.4,6.8,62.1,3.2,Low Risk,97.3,Strong,Monitor,Low,No action threshold triggered; continue monitoring.
P0536,JioMart,NOVOLIFE,Health & Wellness,Herbal Inhaler,Herbal Inhaler,Merchant Fulfilled,<500,Very Low / 1-2,Unmapped,Unmapped,5.2,17.3,13.3,2.4,4.1,99.4,6.1,59.7,5.5,Low Risk,89.9,Strong,Monitor,Low,No action threshold triggered; continue monitoring.
P0889,JioMart,SHIVAMAX,Health & Wellness,Herbal Inhaler,Herbal Inhaler,Merchant Fulfilled,<500,Very High / 51+,Unmapped,Unmapped,5.1,16.7,12.9,2.4,4.4,102.1,6.0,60.5,5.5,Low Risk,91.1,Strong,Monitor,Low,No action threshold triggered; continue monitoring.
P0927,JioMart,SHIVAMAX,Home & Kitchen,Adhesive Hooks,Adhesive Hooks,Merchant Fulfilled,<500,Medium / 6-15,Unmapped,Unmapped,4.2,16.7,13.5,8.9,4.3,95.3,4.5,56.7,5.8,Low Risk,87.1,Strong,Monitor,Low,No action threshold triggered; continue monitoring.
